timeframe,rank,candidate_start,candidate_end,similarity,direction_balance,alternation,body_level,body_shift,small_body_fraction,large_body_fraction,upper_rejection,lower_rejection,rejection_balance,wick_bias,range_level,range_shift,compression_fraction,expansion_fraction,expansion_transition,close_location,close_shift,direction_shift,first_third_alternation,last_third_alternation,bullish_fraction,bearish_fraction,middle_third_range,pattern_code,fingerprint_id
1m,1,20590,20609,0.2277370034458535,0.19999999999999996,0.3157894736842105,0.47352820254606753,0.04321743689912899,0.35,0.35,0.25,0.4,0.85,0.15000000000000002,1.0277425475485464,0.22251403216480092,0.35,0.25,0.21930696511590386,0.6225596968866337,0.1995705371126475,0.6000000000000001,0.6,0.4,0.6,0.4,0.8507451387024708,BALANCED | EXPANDING | LOWER_WICK | BULL_SHIFT | MID_ALT | MID_BODY | RANGE_STABLE | CLOSE_MID,FP-4AA562DB0E
1m,2,10381,10400,0.2190209695900002,0.0,0.47368421052631576,0.5834837602202247,-0.17735238344435422,0.15,0.45,0.2,0.4,0.8,0.2,1.1636859213809014,0.32956302467402954,0.3,0.4,0.4015170672235301,0.5654232875783292,0.022432063569819305,0.19999999999999996,0.6,0.4,0.5,0.5,1.2832028310801302,BALANCED | EXPANDING | LOWER_WICK | DIRECTION_BALANCED | MID_ALT | MID_BODY | COMP_TO_EXPAND | CLOSE_MID,FP-1F074D2382
1m,3,131,150,0.21503974953568714,0.10000000000000003,0.5263157894736842,0.5495262626921349,-0.01942230218172114,0.15,0.45,0.25,0.35,0.9,0.09999999999999998,1.638952275491573,0.9868405649359011,0.3,0.5,1.6727709460436953,0.6130308498819794,0.028672432691418837,-0.09999999999999998,0.6,0.4,0.55,0.45,1.5296405240335316,BALANCED | EXPANDING | WICK_BALANCED | DIRECTION_BALANCED | MID_ALT | MID_BODY | COMP_TO_EXPAND | CLOSE_MID,FP-51BEA060CE
1m,4,6335,6354,0.21005384391756163,0.19999999999999996,0.3157894736842105,0.4739533021443575,0.0036320393244450577,0.35,0.35,0.3,0.3,1.0,0.0,0.9015904812516174,0.18110487608984083,0.5,0.2,0.08847359066928828,0.5561702669558501,-0.13012944396767118,-0.4,0.4,0.2,0.6,0.4,0.9666226274729245,BALANCED | STABLE | WICK_BALANCED | BEAR_SHIFT | MID_ALT | MID_BODY | RANGE_STABLE | CLOSE_MID,FP-D0903A12D6
1m,5,20688,20707,0.207871415240803,0.19999999999999996,0.5263157894736842,0.5155655203787024,0.12399900077237508,0.25,0.5,0.3,0.2,0.9,-0.09999999999999998,0.9912375196472871,0.1579132807160979,0.45,0.3,0.14911214392896688,0.5340837146745977,0.24214146913418766,0.19999999999999996,0.6,1.0,0.6,0.4,0.8286799836629125,BALANCED | STABLE | WICK_BALANCED | DIRECTION_BALANCED | MID_ALT | MID_BODY | RANGE_STABLE | CLOSE_MID,FP-2EA6D5AA8D
1m,6,20895,20914,0.2056113090870499,0.15000000000000002,0.42105263157894735,0.4669447870992178,-0.06305355199536983,0.25,0.3,0.3,0.4,0.8999999999999999,0.10000000000000003,1.24581661932381,0.755431355595151,0.4,0.35,0.957971969188854,0.5308221490208307,0.20718657021817133,0.29999999999999993,0.2,0.8,0.55,0.4,1.6136325876891406,BALANCED | EXPANDING | WICK_BALANCED | BULL_SHIFT | MID_ALT | MID_BODY | COMP_TO_EXPAND | CLOSE_MID,FP-6DE4F0A711
1m,7,29192,29211,0.20415577709325144,0.0,0.7894736842105263,0.4940702481488518,0.14056221200044622,0.25,0.35,0.25,0.4,0.85,0.15000000000000002,1.251223184303711,-0.020684607487907902,0.15,0.45,0.23333271718657156,0.4859566636650151,0.15860105920609074,0.0,1.0,0.8,0.5,0.5,1.3624978128629952,BALANCED | STABLE | LOWER_WICK | DIRECTION_BALANCED | HIGH_ALT | MID_BODY | RANGE_STABLE | CLOSE_MID,FP-8EBF34ADC2
1m,8,1875,1894,0.20290517304452302,0.5,0.5263157894736842,0.5103272867228021,-0.06375436324429373,0.3,0.5,0.3,0.2,0.9,-0.09999999999999998,0.8635081352181458,0.2668305861290302,0.5,0.05,0.3597164021121866,0.6211147389600048,0.049035661259204,-0.10000000000000009,0.4,0.4,0.75,0.25,0.8032048372272912,BULL_BIASED | EXPANDING | WICK_BALANCED | DIRECTION_BALANCED | MID_ALT | MID_BODY | COMP_TO_EXPAND | CLOSE_MID,FP-F34DE697DF
1m,9,5410,5429,0.20201717572910238,0.19999999999999996,0.6842105263157895,0.4428639260039226,0.012671616995276358,0.25,0.35,0.45,0.25,0.8,-0.2,1.0600631337031228,0.03398324261477148,0.35,0.3,-0.164167246521716,0.48722267077072334,0.08049666771921848,0.0,0.6,0.8,0.6,0.4,1.072735797584835,BALANCED | STABLE | UPPER_WICK | DIRECTION_BALANCED | HIGH_ALT | MID_BODY | RANGE_STABLE | CLOSE_MID,FP-BC8689ED55
1m,10,25724,25743,0.2013897150309097,0.19999999999999996,0.3684210526315789,0.5344204534445506,-0.0767367096832498,0.2,0.4,0.2,0.35,0.8500000000000001,0.14999999999999997,1.028023312425867,0.5730594607722737,0.35,0.3,0.8162317044145142,0.6154799687159704,-0.1911338989643493,-0.19999999999999996,0.4,0.4,0.6,0.4,0.9278009257678623,BALANCED | EXPANDING | LOWER_WICK | DIRECTION_BALANCED | MID_ALT | MID_BODY | COMP_TO_EXPAND | CLOSE_MID,FP-3DA25DCE13
1m,11,26352,26371,0.20080522015889665,-0.30000000000000004,0.5789473684210527,0.6331830336923181,0.1731236257004818,0.15,0.5,0.35,0.2,0.8500000000000001,-0.14999999999999997,1.218880731116396,0.6303606662044291,0.35,0.45,0.797856221046651,0.44943030381285587,0.1113867524370511,0.10000000000000003,0.6,0.8,0.35,0.65,1.329473452588074,BALANCED | EXPANDING | UPPER_WICK | DIRECTION_BALANCED | HIGH_ALT | LARGE_BODY | COMP_TO_EXPAND | CLOSE_MID,FP-42C3274FA0
1m,12,7756,7775,0.20041989941314475,-0.10000000000000003,0.3684210526315789,0.6500389503681053,0.060198617804871346,0.1,0.6,0.25,0.1,0.85,-0.15,1.12674714590851,-0.1927767918754073,0.35,0.5,0.06181407420110574,0.4656377625522719,0.1831603358856046,0.3,0.2,0.4,0.45,0.55,1.303945119138212,BALANCED | STABLE | UPPER_WICK | BULL_SHIFT | MID_ALT | LARGE_BODY | RANGE_STABLE | CLOSE_MID,FP-B4A6D5D48F
1m,13,29725,29744,0.2003521171479866,0.10000000000000003,0.8421052631578947,0.7030149430417251,-0.029916234639214223,0.15,0.65,0.15,0.2,0.95,0.05000000000000002,1.0348702827443177,0.3561167598429016,0.45,0.4,0.4349614598301481,0.5615749596039271,0.017123018298839332,0.09999999999999998,1.0,0.6,0.55,0.45,1.0008252182436888,BALANCED | EXPANDING | WICK_BALANCED | DIRECTION_BALANCED | HIGH_ALT | LARGE_BODY | COMP_TO_EXPAND | CLOSE_MID,FP-DA266F55A8
1m,14,29786,29805,0.1995406014649154,0.10000000000000003,0.5263157894736842,0.6616213759551648,0.06454538820216504,0.15,0.75,0.2,0.05,0.85,-0.15000000000000002,1.126288160826466,0.2583698057317755,0.3,0.4,0.5496217785306933,0.47140891168393084,-0.1999785999038739,-0.09999999999999998,0.6,0.6,0.55,0.45,0.9531636807960457,BALANCED | EXPANDING | UPPER_WICK | DIRECTION_BALANCED | MID_ALT | LARGE_BODY | COMP_TO_EXPAND | CLOSE_MID,FP-BF94BB1FBE
1m,15,11161,11180,0.19719585149129015,0.15000000000000002,0.2631578947368421,0.5545391497157739,0.010048077618850959,0.15,0.4,0.3,0.25,0.95,-0.04999999999999999,0.9492004044746153,-0.2037082844491649,0.45,0.25,-0.27099763629938,0.5063083691506086,0.012710294718982662,-0.09999999999999998,0.4,0.4,0.55,0.4,0.9886859481377307,BALANCED | COMPRESSING | WICK_BALANCED | DIRECTION_BALANCED | LOW_ALT | MID_BODY | RANGE_STABLE | CLOSE_MID,FP-E2A45F424A
1m,16,6328,6347,0.1970835649573064,0.39999999999999997,0.3684210526315789,0.44015309430410027,0.06902649064582389,0.35,0.3,0.4,0.25,0.85,-0.15000000000000002,0.9139811224934882,0.09429589229467539,0.45,0.2,0.2603852858024872,0.5650941075839436,0.04243402999523205,-0.20000000000000007,0.4,0.2,0.7,0.3,0.7722877194335379,BULL_BIASED | STABLE | UPPER_WICK | BEAR_SHIFT | MID_ALT | MID_BODY | RANGE_STABLE | CLOSE_MID,FP-B8EEB7D8B4
1m,17,6332,6351,0.19657197330789256,0.10000000000000003,0.42105263157894735,0.47101994365373984,0.044779236596187044,0.35,0.35,0.3,0.3,1.0,0.0,0.9291601076488968,0.20167162818519402,0.45,0.2,0.03609919001285711,0.5288776606184343,0.039519073482412126,-0.09999999999999998,0.6,0.4,0.55,0.45,0.7658065392993415,BALANCED | EXPANDING | WICK_BALANCED | DIRECTION_BALANCED | MID_ALT | MID_BODY | RANGE_STABLE | CLOSE_MID,FP-E811D839DD
1m,18,15293,15312,0.19651736326416036,0.19999999999999996,0.5789473684210527,0.5492703091231307,-0.046584914104240815,0.15,0.45,0.2,0.35,0.8500000000000001,0.14999999999999997,1.398212785036721,0.8537973804794797,0.3,0.55,1.3560653955094817,0.5225054383724521,-0.10480949704113335,0.0,0.6,0.6,0.6,0.4,1.5818252454514383,BALANCED | EXPANDING | LOWER_WICK | DIRECTION_BALANCED | HIGH_ALT | MID_BODY | COMP_TO_EXPAND | CLOSE_MID,FP-F5D0252F38
1m,19,22326,22345,0.1959982126353152,0.04999999999999999,0.42105263157894735,0.5944570688722663,0.08070527023724083,0.1,0.55,0.15,0.3,0.85,0.15,0.9232243275058509,0.15988164418323136,0.45,0.2,-0.21718339394771058,0.5896118306270339,-0.022386886219978752,0.0,0.6,0.2,0.5,0.45,0.9264129815928565,BALANCED | STABLE | LOWER_WICK | DIRECTION_BALANCED | MID_ALT | MID_BODY | RANGE_STABLE | CLOSE_MID,FP-A5206E6D31
1m,20,20435,20454,0.19560309562019873,0.0,0.5789473684210527,0.6653418942792954,0.20852242741675442,0.2,0.6,0.15,0.2,0.95,0.05000000000000002,1.694591967712666,0.594784857683053,0.2,0.55,0.7783066950421891,0.5022304205114884,-0.027204377939752278,0.0,0.6,0.4,0.5,0.5,1.534327376807867,BALANCED | EXPANDING | WICK_BALANCED | DIRECTION_BALANCED | HIGH_ALT | LARGE_BODY | COMP_TO_EXPAND | CLOSE_MID,FP-3C5FA7EBF4
1m,21,17266,17285,0.19544380172326437,0.30000000000000004,0.42105263157894735,0.6220640742816241,-0.06383910557335093,0.1,0.55,0.2,0.15,0.95,-0.05000000000000002,0.9855544503059452,-0.16660862197886162,0.4,0.35,-0.2831552132819549,0.561853647391178,0.23086559320597239,0.30000000000000004,0.4,0.6,0.65,0.35,1.149347932148275,BALANCED | STABLE | WICK_BALANCED | BULL_SHIFT | MID_ALT | LARGE_BODY | RANGE_STABLE | CLOSE_MID,FP-8B9AA0C31F
1m,22,16888,16907,0.19528382511589723,0.39999999999999997,0.3157894736842105,0.5810607887822481,-0.13475329719295992,0.25,0.45,0.25,0.3,0.95,0.04999999999999999,0.9532641145284844,-0.09100259402489286,0.5,0.25,-0.0403072334427973,0.5794691836199872,-0.07077318146877676,0.0,0.4,0.4,0.7,0.3,1.0425491895233834,BULL_BIASED | STABLE | WICK_BALANCED | DIRECTION_BALANCED | MID_ALT | MID_BODY | RANGE_STABLE | CLOSE_MID,FP-5D4682690C
1m,23,7576,7595,0.1951703855680882,0.0,0.5263157894736842,0.40698666787815735,0.26088123288316784,0.4,0.35,0.25,0.55,0.7,0.30000000000000004,1.0571471727016026,0.8164725089551652,0.45,0.35,0.8046664305649374,0.6207361749876927,-0.1654675848191759,0.0,0.6,0.2,0.5,0.5,0.6975047745035226,BALANCED | EXPANDING | LOWER_WICK | DIRECTION_BALANCED | MID_ALT | MID_BODY | COMP_TO_EXPAND | CLOSE_MID,FP-B45CB586B0
1m,24,6412,6431,0.19514865620956373,-0.10000000000000003,0.5789473684210527,0.5390212981502625,0.06733801971418785,0.2,0.45,0.2,0.4,0.8,0.2,0.9520614467385966,0.12595636235934737,0.45,0.3,0.11038891997805722,0.5009156214641843,-0.07657417442684261,-0.3,0.8,0.8,0.45,0.55,0.9350976312548741,BALANCED | STABLE | LOWER_WICK | BEAR_SHIFT | HIGH_ALT | MID_BODY | RANGE_STABLE | CLOSE_MID,FP-3F30925A0B
1m,25,17359,17378,0.1951051768103642,0.10000000000000003,0.5263157894736842,0.6437912833078338,-0.11432068188856293,0.15,0.55,0.2,0.2,1.0,0.0,0.9302188505529374,0.1381787572042159,0.4,0.25,0.1878144144608801,0.5740431545432028,-0.1063452098616704,-0.09999999999999998,0.6,0.4,0.55,0.45,0.8793383725177643,BALANCED | STABLE | WICK_BALANCED | DIRECTION_BALANCED | MID_ALT | LARGE_BODY | RANGE_STABLE | CLOSE_MID,FP-D17D07CD7C
3m,1,21149,21168,0.3606024429579151,0.0,0.6842105263157895,0.5057264451436365,0.07347961418137144,0.35,0.45,0.35,0.35,1.0,0.0,1.0160663506163945,-0.22656253934818182,0.35,0.35,-0.24284788389582068,0.5571273694637252,-0.03236138141084299,0.19999999999999996,0.6,1.0,0.5,0.5,0.8521783576854488,BALANCED | COMPRESSING | WICK_BALANCED | DIRECTION_BALANCED | HIGH_ALT | MID_BODY | RANGE_STABLE | CLOSE_MID,FP-22871C4BD2
3m,2,6938,6957,0.35843502662239035,-0.39999999999999997,0.47368421052631576,0.48474643856060623,-0.03566739335259572,0.3,0.4,0.35,0.45,0.8999999999999999,0.10000000000000003,0.8299665774762793,0.08420553433231337,0.6,0.15,0.1312788276049024,0.4506947290808778,0.03705319631682391,0.0,0.4,0.4,0.3,0.7,0.7198491770855439,BEAR_BIASED | STABLE | WICK_BALANCED | DIRECTION_BALANCED | MID_ALT | MID_BODY | RANGE_STABLE | CLOSE_MID,FP-E39B2AC29C
3m,3,6629,6648,0.35641327281381985,0.0,0.3684210526315789,0.4977438534930879,-0.11578701480142317,0.05,0.3,0.35,0.25,0.9,-0.09999999999999998,1.053609923037778,0.19086196175465964,0.35,0.4,0.5319802366869696,0.44974256261414236,0.13201679001040412,0.19999999999999996,0.4,0.2,0.5,0.5,1.129470672389066,BALANCED | STABLE | WICK_BALANCED | DIRECTION_BALANCED | MID_ALT | MID_BODY | COMP_TO_EXPAND | CLOSE_MID,FP-67EAE762FF
3m,4,13910,13929,0.35456339709417184,0.19999999999999996,0.2631578947368421,0.4297491762346558,-0.1977132301953347,0.4,0.3,0.45,0.2,0.75,-0.25,0.8567758471879714,0.18227633255878795,0.55,0.05,0.3387823669513106,0.4830242329741221,0.21020755885578818,0.4,0.2,0.2,0.6,0.4,0.886131846286808,BALANCED | STABLE | UPPER_WICK | BULL_SHIFT | LOW_ALT | MID_BODY | RANGE_STABLE | CLOSE_MID,FP-C4C9A7FFB1
3m,5,15843,15862,0.34713643275905137,0.0,0.6842105263157895,0.4982829581934432,-0.03697696283335,0.3,0.5,0.4,0.3,0.8999999999999999,-0.10000000000000003,0.8446485224452728,-0.05149048498508413,0.6,0.25,0.06101341474417543,0.5216197451950405,-0.061880679562690166,-0.19999999999999996,0.4,1.0,0.5,0.5,0.8385079931912541,BALANCED | STABLE | WICK_BALANCED | DIRECTION_BALANCED | HIGH_ALT | MID_BODY | RANGE_STABLE | CLOSE_MID,FP-DE6A3D976E
3m,6,2223,2242,0.3470751626272191,0.0,0.5263157894736842,0.44588733816444776,-0.17733845524564856,0.35,0.35,0.25,0.25,1.0,0.0,1.0199179680940973,-0.5264996483718452,0.4,0.35,-0.7018084043159817,0.5146187212274547,-0.061365091649382975,0.0,0.6,0.6,0.5,0.5,1.0352575614830195,BALANCED | COMPRESSING | WICK_BALANCED | DIRECTION_BALANCED | MID_ALT | MID_BODY | EXP_TO_COMPRESS | CLOSE_MID,FP-04E606B0C8
3m,7,2889,2908,0.34195020811267257,0.0,0.6842105263157895,0.5159364576546325,0.3088969758842343,0.3,0.55,0.35,0.25,0.9,-0.09999999999999998,0.9178139077075185,-0.05882986741215912,0.4,0.25,0.015419354350093895,0.46931043024665275,0.05525501994111387,0.19999999999999996,0.4,1.0,0.5,0.5,0.765377419093416,BALANCED | STABLE | WICK_BALANCED | DIRECTION_BALANCED | HIGH_ALT | MID_BODY | RANGE_STABLE | CLOSE_MID,FP-66839FC4A6
3m,8,20164,20183,0.341199558578006,0.10000000000000003,0.47368421052631576,0.5019876491704521,0.03443247532647514,0.35,0.45,0.25,0.3,0.95,0.04999999999999999,1.0656647869176328,-0.23509427111850056,0.45,0.35,-0.24483848741872638,0.5167901657520779,-0.19360573361554578,-0.09999999999999998,0.4,0.4,0.55,0.45,1.3305264103721834,BALANCED | COMPRESSING | WICK_BALANCED | DIRECTION_BALANCED | MID_ALT | MID_BODY | RANGE_STABLE | CLOSE_MID,FP-F2338FA7D1
3m,9,717,736,0.3407102767385392,0.0,0.5263157894736842,0.4456607653072374,-0.33473764106131565,0.3,0.3,0.35,0.4,0.95,0.050000000000000044,1.1055947738857825,-0.21986376605686087,0.35,0.4,0.15243438469825477,0.48428874495648133,-0.20387978012445512,-0.19999999999999996,0.6,0.4,0.5,0.5,1.584196891191609,BALANCED | COMPRESSING | WICK_BALANCED | DIRECTION_BALANCED | MID_ALT | MID_BODY | RANGE_STABLE | CLOSE_MID,FP-F8A8878CF9
3m,10,24443,24462,0.3394089656411916,0.0,0.631578947368421,0.6555360788532282,-0.1622470640740521,0.05,0.75,0.2,0.1,0.9,-0.1,1.3150989805766051,0.52698775542912,0.3,0.55,0.5147442891580938,0.479623270857467,0.005042763075295609,0.19999999999999996,0.6,0.4,0.5,0.5,1.1618406285072378,BALANCED | EXPANDING | WICK_BALANCED | DIRECTION_BALANCED | HIGH_ALT | LARGE_BODY | COMP_TO_EXPAND | CLOSE_MID,FP-B2B4A41D85
3m,11,27104,27123,0.3389083866351877,-0.30000000000000004,0.631578947368421,0.5357275343729981,-0.14710282324150564,0.15,0.4,0.15,0.35,0.8,0.19999999999999998,0.9775186550581365,0.21867231699516565,0.5,0.35,0.37012221155191793,0.4160243383685492,0.04707682376114336,0.10000000000000003,0.4,0.8,0.35,0.65,0.758181086631652,BALANCED | EXPANDING | LOWER_WICK | DIRECTION_BALANCED | HIGH_ALT | MID_BODY | COMP_TO_EXPAND | CLOSE_MID,FP-AE6AB0A0B0
3m,12,25475,25494,0.3386066452137425,0.0,0.3684210526315789,0.4830459082994478,0.0876986510141165,0.3,0.45,0.35,0.25,0.9,-0.09999999999999998,1.147524492084342,0.21644926584183422,0.3,0.5,0.44568703781196783,0.5206199200608131,-0.0034594564455756593,0.0,0.6,0.2,0.5,0.5,1.4286612051318448,BALANCED | EXPANDING | WICK_BALANCED | DIRECTION_BALANCED | MID_ALT | MID_BODY | COMP_TO_EXPAND | CLOSE_MID,FP-0803DD3164
3m,13,23834,23853,0.3381004943027936,0.30000000000000004,0.3684210526315789,0.537048023287493,-0.21097314637179398,0.25,0.55,0.2,0.35,0.8500000000000001,0.14999999999999997,0.9836547243797478,0.1499926588404087,0.3,0.3,0.3203871578978702,0.5361576696075081,-0.27977433195656914,-0.30000000000000004,0.4,0.4,0.65,0.35,0.9881369857224899,BALANCED | STABLE | LOWER_WICK | BEAR_SHIFT | MID_ALT | MID_BODY | RANGE_STABLE | CLOSE_MID,FP-72FAC849C2
3m,14,6340,6359,0.33467721500550995,0.0,0.5263157894736842,0.3990160571786846,-0.14184722308389885,0.35,0.2,0.3,0.4,0.8999999999999999,0.10000000000000003,0.9032093190087513,-0.12476626384321765,0.4,0.2,-0.29166813138018555,0.5202818430291576,0.016739269705694282,0.0,0.6,0.6,0.5,0.5,0.86202645663768,BALANCED | STABLE | WICK_BALANCED | DIRECTION_BALANCED | MID_ALT | MID_BODY | RANGE_STABLE | CLOSE_MID,FP-721ED88793
3m,15,15844,15863,0.33309803238900393,0.0,0.6842105263157895,0.5083299833416751,0.09279330165987354,0.3,0.5,0.4,0.3,0.8999999999999999,-0.10000000000000003,0.8489025416150963,0.07274864890590127,0.6,0.25,0.1342900731555542,0.5230240251650529,-0.0931152910630963,-0.19999999999999996,0.4,1.0,0.5,0.5,0.7635872021937535,BALANCED | STABLE | WICK_BALANCED | DIRECTION_BALANCED | HIGH_ALT | MID_BODY | RANGE_STABLE | CLOSE_MID,FP-DFFD5B5FE3
3m,16,1274,1293,0.3327662024106288,0.15000000000000002,0.5789473684210527,0.5313533680284468,0.2293969292337154,0.2,0.4,0.2,0.45,0.75,0.25,0.9622166514929692,0.20457924400127747,0.5,0.35,0.3093948115388656,0.6040042684580534,0.02607414510778805,0.09999999999999998,0.6,0.6,0.55,0.4,0.9507269566592499,BALANCED | EXPANDING | LOWER_WICK | DIRECTION_BALANCED | HIGH_ALT | MID_BODY | RANGE_STABLE | CLOSE_MID,FP-A36494396A
3m,17,26015,26034,0.3299119250000479,0.0,0.5263157894736842,0.6171171767118222,0.05639523116444389,0.2,0.6,0.1,0.2,0.9,0.1,0.9431245737312137,0.04980533136589815,0.45,0.3,0.16777141732234724,0.5050277467246488,-0.20119834075271342,0.0,0.6,0.6,0.5,0.5,1.0456233698331234,BALANCED | STABLE | WICK_BALANCED | DIRECTION_BALANCED | MID_ALT | LARGE_BODY | RANGE_STABLE | CLOSE_MID,FP-F39A91E3FC
3m,18,5579,5598,0.329895674256261,0.19999999999999996,0.42105263157894735,0.4882080601108131,-0.14716070278854176,0.25,0.35,0.5,0.25,0.75,-0.25,0.8651754105650747,0.11690318982544756,0.4,0.2,0.12184851989842527,0.46666777405485727,0.36680049757385746,0.4,0.4,0.6,0.6,0.4,0.9738266791837961,BALANCED | STABLE | UPPER_WICK | BULL_SHIFT | MID_ALT | MID_BODY | RANGE_STABLE | CLOSE_MID,FP-039AAAD613
3m,19,19556,19575,0.32979472102055435,-0.39999999999999997,0.3157894736842105,0.49122029024488184,-0.04528332055293721,0.25,0.35,0.15,0.45,0.7,0.30000000000000004,1.3090462751296161,0.43231032601658015,0.2,0.5,-0.23600240287497642,0.46569570921907955,-0.04728052761023621,0.0,0.2,0.2,0.3,0.7,1.5523869651528017,BEAR_BIASED | EXPANDING | LOWER_WICK | DIRECTION_BALANCED | MID_ALT | MID_BODY | RANGE_STABLE | CLOSE_MID,FP-AAA85242DF
3m,20,29492,29511,0.32909203104128637,0.0,0.3684210526315789,0.5509726900157588,0.02221883141685843,0.1,0.4,0.3,0.35,0.95,0.04999999999999999,1.1572393665523257,0.024128594371362944,0.35,0.45,-0.20934071609561067,0.5082967924070375,0.21436883337809776,0.19999999999999996,0.4,0.4,0.5,0.5,0.9469035423454434,BALANCED | STABLE | WICK_BALANCED | DIRECTION_BALANCED | MID_ALT | MID_BODY | RANGE_STABLE | CLOSE_MID,FP-CE60082AF6
3m,21,21945,21964,0.32776386960985815,0.0,0.42105263157894735,0.49952427511389974,-0.1445629930770299,0.15,0.4,0.35,0.15,0.8,-0.19999999999999998,1.2735788595987532,0.11529892632903604,0.3,0.5,-0.05366581720673547,0.41958968188693185,0.044937651333527895,0.19999999999999996,0.6,0.4,0.5,0.5,1.2985972169643187,BALANCED | STABLE | UPPER_WICK | DIRECTION_BALANCED | MID_ALT | MID_BODY | RANGE_STABLE | CLOSE_MID,FP-004626B0D1
3m,22,22942,22961,0.32686511407789137,0.0,0.47368421052631576,0.45944521724433773,0.24450791022219043,0.45,0.4,0.2,0.5,0.7,0.3,1.199177159565301,0.5175148360685603,0.3,0.4,0.8875672867094034,0.5850832565047451,0.08600434509039823,0.0,0.4,0.4,0.5,0.5,1.3459305731136582,BALANCED | EXPANDING | LOWER_WICK | DIRECTION_BALANCED | MID_ALT | MID_BODY | COMP_TO_EXPAND | CLOSE_MID,FP-DE82C99561
3m,23,1653,1672,0.32663993553775844,-0.10000000000000003,0.3684210526315789,0.44513564378118636,-0.0933875869910365,0.3,0.3,0.35,0.25,0.9,-0.09999999999999998,1.058808455121341,-0.06472865497326064,0.4,0.3,0.15791115736688888,0.4444970815594377,-0.13451628806728627,0.09999999999999998,0.2,0.4,0.45,0.55,1.1895955645239626,BALANCED | STABLE | WICK_BALANCED | DIRECTION_BALANCED | MID_ALT | MID_BODY | RANGE_STABLE | CLOSE_MID,FP-FCE9AE9491
3m,24,9631,9650,0.32641026383002075,-0.19999999999999996,0.5263157894736842,0.5026943765632561,-0.07810005405927223,0.2,0.3,0.25,0.35,0.9,0.09999999999999998,0.8679605855553554,-0.1964087567784012,0.45,0.15,-0.29991933573908436,0.45137361717352176,0.011248696326695007,0.0,0.4,0.4,0.4,0.6,0.8022693432721842,BALANCED | STABLE | WICK_BALANCED | DIRECTION_BALANCED | MID_ALT | MID_BODY | RANGE_STABLE | CLOSE_MID,FP-857E8BF590
3m,25,72,91,0.32617159514220734,0.0,0.5789473684210527,0.41916429441948366,0.045776347182919674,0.35,0.25,0.3,0.45,0.85,0.15000000000000002,0.9997605815336303,0.18607732247832565,0.35,0.25,0.1288601541795834,0.5175734490070656,-0.1436735652788939,0.0,0.6,0.6,0.5,0.5,0.9321256155718882,BALANCED | STABLE | LOWER_WICK | DIRECTION_BALANCED | HIGH_ALT | MID_BODY | RANGE_STABLE | CLOSE_MID,FP-4531A9DBEC
5m,1,2183,2202,0.3439495453366893,0.39999999999999997,0.631578947368421,0.41741047452442104,-0.15065849376449036,0.3,0.25,0.35,0.35,1.0,0.0,1.6748973413515849,-0.12794678796022896,0.05,0.7,0.17854171254679807,0.6106008097421213,0.004916136121558945,0.20000000000000007,0.6,0.4,0.7,0.3,2.0653785840347205,BULL_BIASED | STABLE | WICK_BALANCED | BULL_SHIFT | HIGH_ALT | MID_BODY | RANGE_STABLE | CLOSE_MID,FP-E057387548
5m,2,14594,14613,0.34254098835346464,0.19999999999999996,0.5789473684210527,0.5665395438997903,0.03410430409920018,0.15,0.45,0.3,0.15,0.85,-0.15,1.1781723683631686,0.1261394654769301,0.25,0.4,-0.28457212410192967,0.47555628424864854,0.13555265471628092,0.19999999999999996,0.4,0.2,0.6,0.4,1.1347877966976487,BALANCED | STABLE | UPPER_WICK | DIRECTION_BALANCED | HIGH_ALT | MID_BODY | RANGE_STABLE | CLOSE_MID,FP-CD0CB0CBD6
5m,3,7110,7129,0.34240731157337173,0.19999999999999996,0.5263157894736842,0.5341507659752291,0.23360259724270077,0.15,0.5,0.25,0.2,0.95,-0.04999999999999999,0.900741940821702,0.254848226027821,0.5,0.25,0.31355909063621323,0.5378580328650393,0.15387113588879608,0.19999999999999996,0.6,0.4,0.6,0.4,0.6501761598166269,BALANCED | EXPANDING | WICK_BALANCED | DIRECTION_BALANCED | MID_ALT | MID_BODY | RANGE_STABLE | CLOSE_MID,FP-78F973833B
5m,4,29956,29975,0.3380523925440677,0.0,0.5789473684210527,0.4271801921231506,0.08109903563520082,0.3,0.3,0.3,0.4,0.8999999999999999,0.10000000000000003,1.0947913539291734,-0.27533668341547624,0.3,0.3,-0.45704022007549994,0.5255981091114733,-0.20977995066947436,-0.19999999999999996,0.6,0.2,0.5,0.5,1.1503425798764184,BALANCED | COMPRESSING | WICK_BALANCED | DIRECTION_BALANCED | HIGH_ALT | MID_BODY | EXP_TO_COMPRESS | CLOSE_MID,FP-B1AA7F13F6
5m,5,17394,17413,0.3367324550645847,0.10000000000000003,0.5789473684210527,0.6221281191352868,-0.026370530884366472,0.05,0.45,0.15,0.45,0.7,0.30000000000000004,0.9657321014577904,-0.034206086939487124,0.45,0.35,-0.04086985039136248,0.5556870690270177,0.2256734153633796,0.29999999999999993,0.4,0.4,0.55,0.45,0.9965893560894589,BALANCED | STABLE | LOWER_WICK | BULL_SHIFT | HIGH_ALT | LARGE_BODY | RANGE_STABLE | CLOSE_MID,FP-E11D53FB6F
5m,6,6785,6804,0.33631628590053014,0.0,0.631578947368421,0.5124503546301662,-0.11345604878197252,0.2,0.4,0.4,0.15,0.75,-0.25,1.2392159613135545,-0.6127854568823226,0.3,0.4,-0.4975724505399862,0.46271734779585333,-0.07241704270464383,-0.19999999999999996,0.4,0.6,0.5,0.5,1.5297384541222983,BALANCED | COMPRESSING | UPPER_WICK | DIRECTION_BALANCED | HIGH_ALT | MID_BODY | EXP_TO_COMPRESS | CLOSE_MID,FP-0AC78C9E45
5m,7,16322,16341,0.3350253965947196,0.10000000000000003,0.47368421052631576,0.319302867506114,-0.09693877959182856,0.55,0.15,0.35,0.5,0.85,0.15000000000000002,0.7702876092491395,0.20836463484335888,0.55,0.0,0.18627614078414623,0.5870393425355717,-0.06436155216913875,0.09999999999999998,0.2,0.4,0.55,0.45,0.669832592659449,BALANCED | EXPANDING | LOWER_WICK | DIRECTION_BALANCED | MID_ALT | MID_BODY | RANGE_STABLE | CLOSE_MID,FP-6129A20160
5m,8,18018,18037,0.3337767548077475,0.19999999999999996,0.6842105263157895,0.4547318162375659,-0.22226989334897934,0.4,0.35,0.35,0.35,1.0,0.0,1.3678197962993721,-0.0064358179534314,0.15,0.7,-0.032153375871160295,0.48839521085464027,0.1894455891085216,0.19999999999999996,0.8,0.4,0.6,0.4,1.3676986494818646,BALANCED | STABLE | WICK_BALANCED | DIRECTION_BALANCED | HIGH_ALT | MID_BODY | RANGE_STABLE | CLOSE_MID,FP-E089714DE3
5m,9,11360,11379,0.3337584141505599,0.30000000000000004,0.47368421052631576,0.4772514264790605,-0.05443478482267794,0.2,0.4,0.35,0.3,0.95,-0.04999999999999999,1.4131344521060059,0.71327683081238,0.25,0.45,0.37324292520729196,0.5225631062215503,0.10329049092110582,0.30000000000000004,0.6,0.4,0.65,0.35,1.4226725217127656,BALANCED | EXPANDING | WICK_BALANCED | BULL_SHIFT | MID_ALT | MID_BODY | COMP_TO_EXPAND | CLOSE_MID,FP-89CB37C423
5m,10,20403,20422,0.33324386389300414,0.10000000000000003,0.47368421052631576,0.5176658773526314,-0.035838543207810325,0.2,0.5,0.25,0.35,0.9,0.09999999999999998,0.8060518952774579,-0.2628115557281969,0.6,0.1,-0.36224234419686174,0.5871528682272675,-0.17452495912622595,-0.5,0.4,0.4,0.55,0.45,0.8616485039383356,BALANCED | COMPRESSING | WICK_BALANCED | BEAR_SHIFT | MID_ALT | MID_BODY | EXP_TO_COMPRESS | CLOSE_MID,FP-53BA99408E
5m,11,29903,29922,0.3331451535416539,0.19999999999999996,0.42105263157894735,0.3713795111096769,-0.1794012923640273,0.4,0.2,0.35,0.45,0.8999999999999999,0.10000000000000003,0.7553262648345156,-0.40896585156049703,0.7,0.1,-0.4063277685364254,0.6063674865073344,-0.016817759380753583,0.19999999999999996,0.2,0.6,0.6,0.4,0.721240301240981,BALANCED | COMPRESSING | WICK_BALANCED | DIRECTION_BALANCED | MID_ALT | MID_BODY | EXP_TO_COMPRESS | CLOSE_MID,FP-4199925A86
5m,12,3572,3591,0.33305563285081974,0.30000000000000004,0.42105263157894735,0.3970911435211562,0.17595151178239998,0.25,0.25,0.4,0.4,1.0,0.0,0.9174073946981224,-0.32023786943500043,0.45,0.2,-0.26035065360768106,0.533104020668628,-0.17697003619479584,-0.5,0.2,0.8,0.65,0.35,0.8011304733154815,BALANCED | COMPRESSING | WICK_BALANCED | BEAR_SHIFT | MID_ALT | MID_BODY | RANGE_STABLE | CLOSE_MID,FP-646CF9599B
5m,13,9503,9522,0.3329739520693674,0.10000000000000003,0.47368421052631576,0.46857053440586505,-0.22617323813584156,0.35,0.35,0.2,0.35,0.8500000000000001,0.14999999999999997,1.0675175402337014,0.4268029406880496,0.3,0.3,0.6214410663105113,0.5446575775540005,0.17106053260715576,0.09999999999999998,0.6,0.6,0.55,0.45,0.9890143964562678,BALANCED | EXPANDING | LOWER_WICK | DIRECTION_BALANCED | MID_ALT | MID_BODY | COMP_TO_EXPAND | CLOSE_MID,FP-383613D78E
5m,14,21723,21742,0.33274415557733444,0.10000000000000003,0.47368421052631576,0.5097750108997576,-0.3318655701151329,0.25,0.35,0.15,0.45,0.7,0.30000000000000004,0.7422235478100289,0.10419485266768047,0.65,0.05,-0.03844971721497503,0.5293383956489357,0.2927749534467995,0.29999999999999993,0.2,0.6,0.55,0.45,0.5880660786428878,BALANCED | STABLE | LOWER_WICK | BULL_SHIFT | MID_ALT | MID_BODY | RANGE_STABLE | CLOSE_MID,FP-9D6B78E149
5m,15,12051,12070,0.3323720595941882,0.0,0.6842105263157895,0.44197943175043103,-0.042655436388499,0.3,0.3,0.25,0.45,0.8,0.2,0.8644862947383792,-0.21388042224738646,0.5,0.1,-0.26272148339382606,0.48921512676453827,0.04205359632809941,0.0,1.0,0.6,0.5,0.5,0.819102715871617,BALANCED | COMPRESSING | LOWER_WICK | DIRECTION_BALANCED | HIGH_ALT | MID_BODY | RANGE_STABLE | CLOSE_MID,FP-FD0AEF372F
5m,16,29701,29720,0.33189292258970804,0.10000000000000003,0.5789473684210527,0.5636008219528836,-0.0736922686162772,0.2,0.45,0.3,0.25,0.95,-0.04999999999999999,0.9204067492509905,0.0005110835835756555,0.45,0.2,-0.1556964243375215,0.5279435239060979,-0.11815772677909553,-0.09999999999999998,0.6,0.4,0.55,0.45,0.8690317239906088,BALANCED | STABLE | WICK_BALANCED | DIRECTION_BALANCED | HIGH_ALT | MID_BODY | RANGE_STABLE | CLOSE_MID,FP-0929C518C0
5m,17,6983,7002,0.33149973950723327,0.0,0.3157894736842105,0.4926965293369248,0.007467536854598944,0.25,0.5,0.3,0.25,0.95,-0.04999999999999999,1.374523543429713,-0.7271684014928881,0.25,0.5,-0.9493847704648513,0.5426989284744541,0.020805217194173165,0.0,0.2,0.4,0.5,0.5,1.4498022264569526,BALANCED | COMPRESSING | WICK_BALANCED | DIRECTION_BALANCED | MID_ALT | MID_BODY | EXP_TO_COMPRESS | CLOSE_MID,FP-84D91F1839
5m,18,14348,14367,0.3309381342093979,0.0,0.42105263157894735,0.37478488904999396,-0.049981488561262666,0.35,0.25,0.4,0.3,0.8999999999999999,-0.10000000000000003,0.9476002499651406,-0.24309847951045016,0.45,0.25,-0.42257921970397505,0.4973557718766532,0.09193562103262831,-0.19999999999999996,0.4,0.6,0.5,0.5,0.9336860809371569,BALANCED | COMPRESSING | WICK_BALANCED | DIRECTION_BALANCED | MID_ALT | MID_BODY | EXP_TO_COMPRESS | CLOSE_MID,FP-E95D81E8DF
5m,19,5487,5506,0.33055206331866166,0.30000000000000004,0.631578947368421,0.49889539771497393,0.0448467194355312,0.3,0.5,0.25,0.4,0.85,0.15000000000000002,1.3411714028814794,0.15706929031673833,0.15,0.55,-0.0734888765278694,0.5383461458917143,0.06907273443616213,0.09999999999999998,0.6,0.4,0.65,0.35,1.2396772345328666,BALANCED | STABLE | LOWER_WICK | DIRECTION_BALANCED | HIGH_ALT | MID_BODY | RANGE_STABLE | CLOSE_MID,FP-D5716D70D9
5m,20,12953,12972,0.330489306446293,0.0,0.6842105263157895,0.47953924631994466,0.08507813284004723,0.2,0.35,0.25,0.45,0.8,0.2,1.0536076947012067,0.019719596334586198,0.35,0.45,0.13507628248956594,0.5396357419640052,0.00032316706583479515,0.0,0.6,0.8,0.5,0.5,0.930732580252008,BALANCED | STABLE | LOWER_WICK | DIRECTION_BALANCED | HIGH_ALT | MID_BODY | RANGE_STABLE | CLOSE_MID,FP-E2CB786E27
5m,21,25849,25868,0.3304885537188537,0.30000000000000004,0.5789473684210527,0.4149269137656069,-0.22017230876494626,0.35,0.35,0.35,0.3,0.95,-0.04999999999999999,0.8081205286670631,-0.10647044755823099,0.55,0.1,-0.22110476781559696,0.5302619511354266,-0.13724994850013594,-0.09999999999999998,0.6,0.4,0.65,0.35,0.6141080152465037,BALANCED | STABLE | WICK_BALANCED | DIRECTION_BALANCED | HIGH_ALT | MID_BODY | RANGE_STABLE | CLOSE_MID,FP-1709FAA2BD
5m,22,22326,22345,0.3304181601339829,0.19999999999999996,0.5789473684210527,0.4283455849055596,-0.1554189528200307,0.35,0.4,0.3,0.4,0.8999999999999999,0.10000000000000003,1.1448774883383466,-0.5891743217983012,0.45,0.35,-0.9356606708741108,0.591354500205605,0.15961446616901276,0.4,0.8,0.4,0.6,0.4,0.8136083149708107,BALANCED | COMPRESSING | WICK_BALANCED | BULL_SHIFT | HIGH_ALT | MID_BODY | EXP_TO_COMPRESS | CLOSE_MID,FP-FA9AEBA037
5m,23,2315,2334,0.32950854741948943,0.30000000000000004,0.5789473684210527,0.5257390965414157,-0.32665496165614455,0.15,0.4,0.35,0.25,0.9,-0.09999999999999998,0.9973615953874029,-0.20510127036250625,0.4,0.3,-0.024954266132298564,0.5132243120254317,-0.019442759500846396,0.09999999999999998,0.8,0.6,0.65,0.35,1.155958147180852,BALANCED | COMPRESSING | WICK_BALANCED | DIRECTION_BALANCED | HIGH_ALT | MID_BODY | RANGE_STABLE | CLOSE_MID,FP-9A4CB9E549
5m,24,20074,20093,0.32945723866436916,0.10000000000000003,0.631578947368421,0.5111181428423406,-0.04699660090439767,0.1,0.4,0.35,0.25,0.9,-0.09999999999999998,1.4014399114638947,-0.6170613317100266,0.35,0.45,-0.6415309699654863,0.4991992745321772,0.08456991319521195,0.09999999999999998,0.6,0.6,0.55,0.45,2.2003475554909255,BALANCED | COMPRESSING | WICK_BALANCED | DIRECTION_BALANCED | HIGH_ALT | MID_BODY | EXP_TO_COMPRESS | CLOSE_MID,FP-8CA9CB6141
5m,25,18360,18379,0.32945085309919186,0.10000000000000003,0.631578947368421,0.49491999226039696,-0.10181401966237169,0.2,0.4,0.3,0.35,0.95,0.04999999999999999,0.893479814751539,-0.33296527910639007,0.5,0.25,-0.5073930057307053,0.4724710996761362,-0.1535674816287096,-0.09999999999999998,1.0,0.8,0.55,0.45,1.0333621017436438,BALANCED | COMPRESSING | WICK_BALANCED | DIRECTION_BALANCED | HIGH_ALT | MID_BODY | EXP_TO_COMPRESS | CLOSE_MID,FP-57229C4738
15m,1,14991,15010,0.3768985653935664,0.39999999999999997,0.5789473684210527,0.5304151264989493,0.009618068221250886,0.2,0.45,0.4,0.2,0.8,-0.2,1.5726422961090651,1.1573959446112507,0.35,0.6,1.201997835987476,0.560561663331503,0.02474135880404793,0.0,0.6,0.2,0.7,0.3,0.8393357482073082,BULL_BIASED | EXPANDING | UPPER_WICK | DIRECTION_BALANCED | HIGH_ALT | MID_BODY | COMP_TO_EXPAND | CLOSE_MID,FP-E70854DEE4
15m,2,2335,2354,0.37048035762095693,0.0,0.5789473684210527,0.43330448678784367,-0.03178467838001742,0.35,0.3,0.35,0.35,1.0,0.0,1.0848064409438396,0.21673402598356883,0.35,0.35,0.22993167783664925,0.5008266974284037,0.0886265075067863,0.19999999999999996,0.4,0.8,0.5,0.5,1.0252088667434638,BALANCED | EXPANDING | WICK_BALANCED | DIRECTION_BALANCED | HIGH_ALT | MID_BODY | RANGE_STABLE | CLOSE_MID,FP-1C0C79538E
15m,3,15095,15114,0.36404172962291714,0.30000000000000004,0.5263157894736842,0.40416474694788074,-0.026290494091968264,0.35,0.25,0.2,0.4,0.8,0.2,0.9872393383690348,0.33898802046178766,0.45,0.15,0.2905191975992406,0.581947291332047,0.09712536209433342,-0.09999999999999998,0.4,0.6,0.65,0.35,0.804403820264557,BALANCED | EXPANDING | LOWER_WICK | DIRECTION_BALANCED | MID_ALT | MID_BODY | RANGE_STABLE | CLOSE_MID,FP-83792021ED
15m,4,5617,5636,0.35297808673113307,-0.10000000000000003,0.42105263157894735,0.4313560223301106,0.022181064553612295,0.35,0.3,0.45,0.25,0.8,-0.2,1.0987895708306714,0.6537569719538922,0.4,0.35,0.6270778820805016,0.4245402226616787,0.10308387773642191,0.09999999999999998,0.6,0.2,0.45,0.55,0.7339289559201433,BALANCED | EXPANDING | UPPER_WICK | DIRECTION_BALANCED | MID_ALT | MID_BODY | COMP_TO_EXPAND | CLOSE_MID,FP-FC419421B5
15m,5,27274,27293,0.35007080784301187,0.5,0.3684210526315789,0.433060061841999,0.021459629108842915,0.2,0.3,0.45,0.25,0.8,-0.2,1.6149621516140507,1.7772767769694084,0.4,0.45,2.0067188946461774,0.5340523496302517,-0.13350848431366064,-0.10000000000000009,0.4,0.2,0.75,0.25,1.0993429991462011,BULL_BIASED | EXPANDING | UPPER_WICK | DIRECTION_BALANCED | MID_ALT | MID_BODY | COMP_TO_EXPAND | CLOSE_MID,FP-3E5EC4FBD3
15m,6,12348,12367,0.3460577816936714,0.0,0.5263157894736842,0.5032185214403926,-0.1482918986498612,0.1,0.35,0.1,0.4,0.7,0.30000000000000004,0.9650751419152375,0.03287690591237047,0.5,0.25,-0.19779834656070772,0.5737843802597921,-0.06566521666934899,-0.19999999999999996,0.4,0.6,0.5,0.5,1.0220196386557692,BALANCED | STABLE | LOWER_WICK | DIRECTION_BALANCED | MID_ALT | MID_BODY | RANGE_STABLE | CLOSE_MID,FP-FE743920F1
15m,7,22041,22060,0.34602206614787206,-0.10000000000000003,0.47368421052631576,0.4226835981040005,-0.11977375956005099,0.45,0.35,0.4,0.35,0.95,-0.050000000000000044,0.9580635754064593,0.14304939765375835,0.45,0.25,0.1336472174402109,0.4986724628142364,-0.1559979348258208,-0.49999999999999994,0.8,0.4,0.45,0.55,0.7901674865309948,BALANCED | STABLE | WICK_BALANCED | BEAR_SHIFT | MID_ALT | MID_BODY | RANGE_STABLE | CLOSE_MID,FP-A1E80195FF
15m,8,23384,23403,0.34213439589873607,0.0,0.5263157894736842,0.5696799664646446,-0.010846464894645802,0.2,0.5,0.2,0.2,1.0,0.0,1.096290073121109,0.3594055929132779,0.35,0.4,0.3041710059018655,0.5553987917970522,0.00563570556711146,0.0,0.4,0.4,0.5,0.5,0.923750160181812,BALANCED | EXPANDING | WICK_BALANCED | DIRECTION_BALANCED | MID_ALT | MID_BODY | RANGE_STABLE | CLOSE_MID,FP-9D979B86DA
15m,9,12605,12624,0.33985607951297886,0.0,0.5789473684210527,0.47777937685992306,0.07406863540880809,0.3,0.35,0.3,0.35,0.95,0.04999999999999999,1.0079023416086372,-0.07968184236546783,0.4,0.25,-0.09818535947612717,0.5222824981116496,-0.12728898014806445,0.0,0.4,0.2,0.5,0.5,0.9405774282740521,BALANCED | STABLE | WICK_BALANCED | DIRECTION_BALANCED | HIGH_ALT | MID_BODY | RANGE_STABLE | CLOSE_MID,FP-F255643100
15m,10,18592,18611,0.33926839089900845,-0.30000000000000004,0.47368421052631576,0.4225851674600161,-0.05971011256318404,0.35,0.35,0.45,0.4,0.95,-0.04999999999999999,1.3173122618328295,0.0343409233445251,0.3,0.45,-0.5460891950955338,0.4778036570984754,-0.20617184842745556,-0.3,0.6,0.4,0.35,0.65,1.0016308906857228,BALANCED | STABLE | WICK_BALANCED | BEAR_SHIFT | MID_ALT | MID_BODY | EXP_TO_COMPRESS | CLOSE_MID,FP-5661CC85BD
15m,11,561,580,0.33908320353689336,-0.19999999999999996,0.5789473684210527,0.40692329509790814,-0.04120372912671172,0.35,0.35,0.35,0.35,1.0,0.0,1.4364522073217116,-0.11399513501155734,0.15,0.65,-0.3223648633578058,0.48755881503768056,0.07413673254514913,0.39999999999999997,0.4,0.6,0.4,0.6,1.5547824625579967,BALANCED | STABLE | WICK_BALANCED | BULL_SHIFT | HIGH_ALT | MID_BODY | RANGE_STABLE | CLOSE_MID,FP-7AA3AC06B7
15m,12,10450,10469,0.3367689242114424,0.6000000000000001,0.42105263157894735,0.47673090375758226,0.1670971502991494,0.15,0.3,0.5,0.05,0.55,-0.45,1.7100588799699719,0.4793646891360097,0.1,0.65,0.37445457317128805,0.5762042547126173,0.011147722167007879,-0.20000000000000007,0.0,0.6,0.8,0.2,1.2919283533599748,BULL_BIASED | EXPANDING | UPPER_WICK | BEAR_SHIFT | MID_ALT | MID_BODY | COMP_TO_EXPAND | CLOSE_MID,FP-4B996DAE5A
15m,13,12410,12429,0.3362532870106219,0.0,0.47368421052631576,0.4681330475408302,0.037849582297130646,0.25,0.3,0.25,0.35,0.9,0.09999999999999998,0.9950925764349456,0.19356051778262295,0.3,0.3,0.10748499721037774,0.4903688005502481,0.18704140608494335,0.39999999999999997,0.4,0.6,0.5,0.5,1.0455143879098092,BALANCED | STABLE | WICK_BALANCED | BULL_SHIFT | MID_ALT | MID_BODY | RANGE_STABLE | CLOSE_MID,FP-BC38CC4CF5
15m,14,1066,1085,0.3358549550033493,0.0,0.47368421052631576,0.43839699265076765,0.07047258994420619,0.35,0.3,0.25,0.35,0.9,0.09999999999999998,1.0004388198722167,0.48039021122113634,0.45,0.3,0.32744119311054276,0.5424522282131122,0.141410087683689,0.39999999999999997,0.6,0.4,0.5,0.5,0.6895844435371735,BALANCED | EXPANDING | WICK_BALANCED | BULL_SHIFT | MID_ALT | MID_BODY | RANGE_STABLE | CLOSE_MID,FP-D651D7C329
15m,15,17073,17092,0.3345119601501895,0.0,0.5263157894736842,0.31415113662713956,-0.029529866279324413,0.4,0.1,0.35,0.6,0.75,0.25,1.4054450838355987,0.14434732482799006,0.2,0.6,-0.1660756141757005,0.5765134373393058,-0.16570337760177506,0.0,0.6,0.2,0.5,0.5,1.8109132411697033,BALANCED | STABLE | LOWER_WICK | DIRECTION_BALANCED | MID_ALT | MID_BODY | RANGE_STABLE | CLOSE_MID,FP-B3F9C7DA8C
15m,16,2271,2290,0.33312193927045874,0.10000000000000003,0.5789473684210527,0.5084980110716579,0.07356209265429181,0.2,0.4,0.35,0.25,0.9,-0.09999999999999998,1.2465380368600978,0.11732655122879332,0.35,0.55,0.4531430155817021,0.44846372788539324,0.10854454952360493,0.09999999999999998,0.6,0.8,0.55,0.45,1.5877213610841332,BALANCED | STABLE | WICK_BALANCED | DIRECTION_BALANCED | HIGH_ALT | MID_BODY | COMP_TO_EXPAND | CLOSE_MID,FP-15AB6D528B
15m,17,6351,6370,0.33195486825373216,0.0,0.5789473684210527,0.40459434959618407,-0.13095005544574612,0.5,0.35,0.5,0.3,0.8,-0.2,1.4551558983693467,0.8815730600608569,0.25,0.45,0.9752643728340251,0.48804700283274016,-0.012863833241707812,-0.19999999999999996,0.6,0.8,0.5,0.5,0.9218658098318727,BALANCED | EXPANDING | UPPER_WICK | DIRECTION_BALANCED | HIGH_ALT | MID_BODY | COMP_TO_EXPAND | CLOSE_MID,FP-46F8A3D023
15m,18,11928,11947,0.3316362016150259,0.0,0.5789473684210527,0.4577036992083971,0.03937292063655706,0.25,0.3,0.3,0.35,0.95,0.04999999999999999,1.7301545743156788,0.9859552570895813,0.25,0.55,1.2030155405893952,0.5339260644184424,0.02474738564485235,-0.19999999999999996,0.6,0.8,0.5,0.5,1.6684328329260565,BALANCED | EXPANDING | WICK_BALANCED | DIRECTION_BALANCED | HIGH_ALT | MID_BODY | COMP_TO_EXPAND | CLOSE_MID,FP-6B1F56B9A3
15m,19,6816,6835,0.3305459367966874,0.0,0.5789473684210527,0.43420241827776795,0.06468042340909214,0.3,0.35,0.45,0.3,0.85,-0.15000000000000002,1.2139398056187136,0.3225200622899853,0.3,0.45,-0.10605494344414623,0.511876310413188,-0.18135367729310176,-0.39999999999999997,0.2,0.4,0.5,0.5,0.9901315911750439,BALANCED | EXPANDING | UPPER_WICK | BEAR_SHIFT | HIGH_ALT | MID_BODY | RANGE_STABLE | CLOSE_MID,FP-A6DADA6723
15m,20,9436,9455,0.3300336680682905,-0.19999999999999996,0.5263157894736842,0.42744872542733664,0.04930243496866338,0.35,0.25,0.3,0.4,0.8999999999999999,0.10000000000000003,1.4362878555789824,0.6313968877505545,0.15,0.6,0.4334919412399749,0.47532826920932825,0.016845755383031513,0.2,1.0,0.6,0.4,0.6,1.129423691235451,BALANCED | EXPANDING | WICK_BALANCED | BULL_SHIFT | MID_ALT | MID_BODY | COMP_TO_EXPAND | CLOSE_MID,FP-08B5727A33
15m,21,12155,12174,0.32982904392333745,0.10000000000000003,0.5789473684210527,0.5006866580979569,-0.21369068323543772,0.1,0.4,0.4,0.2,0.8,-0.2,1.0045988984741494,0.22033467142885133,0.45,0.3,0.1686155146278352,0.4845336959268818,0.16753905151697918,0.09999999999999998,0.6,0.6,0.55,0.45,0.7954796606487546,BALANCED | EXPANDING | UPPER_WICK | DIRECTION_BALANCED | HIGH_ALT | MID_BODY | RANGE_STABLE | CLOSE_MID,FP-5810FC6479
15m,22,26453,26472,0.3288774736712372,0.0,0.6842105263157895,0.508067469904062,-0.10360357288569222,0.15,0.35,0.35,0.35,1.0,0.0,1.248628337395066,0.15933142989513494,0.25,0.55,-0.07086917759571809,0.4477961246814611,0.078564687557174,0.0,0.8,0.4,0.5,0.5,1.3226504504400003,BALANCED | STABLE | WICK_BALANCED | DIRECTION_BALANCED | HIGH_ALT | MID_BODY | RANGE_STABLE | CLOSE_MID,FP-86EFD3669F
15m,23,19125,19144,0.3287534638320484,0.0,0.6842105263157895,0.519532586459911,-0.040854793814221635,0.2,0.4,0.2,0.35,0.8500000000000001,0.14999999999999997,0.9290217549433839,0.19743279577907702,0.5,0.3,0.4188901279191263,0.5770177460492095,0.13562513412708055,0.19999999999999996,0.8,0.8,0.5,0.5,0.96128365015454,BALANCED | STABLE | LOWER_WICK | DIRECTION_BALANCED | HIGH_ALT | MID_BODY | COMP_TO_EXPAND | CLOSE_MID,FP-5FD5C07D4A
15m,24,23639,23658,0.3285759288563902,-0.39999999999999997,0.47368421052631576,0.4754360961615661,0.07544217595083003,0.2,0.45,0.2,0.4,0.8,0.2,2.1197267716784265,0.8836789300499379,0.1,0.7,1.2357624431171248,0.462747730778786,0.1903321483231623,0.4,0.0,0.6,0.3,0.7,1.4208668795120598,BEAR_BIASED | EXPANDING | LOWER_WICK | BULL_SHIFT | MID_ALT | MID_BODY | COMP_TO_EXPAND | CLOSE_MID,FP-AA4ADDDCFB
15m,25,24145,24164,0.3283240018960676,0.0,0.7368421052631579,0.42770563726822247,-0.0717564238618173,0.35,0.3,0.4,0.35,0.95,-0.050000000000000044,1.0060266016379265,0.22269708253009923,0.5,0.4,0.0971771328803781,0.4560852244093443,-0.02320489204918208,0.0,0.6,0.8,0.5,0.5,1.1871627505952997,BALANCED | EXPANDING | WICK_BALANCED | DIRECTION_BALANCED | HIGH_ALT | MID_BODY | RANGE_STABLE | CLOSE_MID,FP-9897D75625
30m,1,10361,10380,0.3154677046288155,0.0,0.5789473684210527,0.4459869325389773,-0.11335210192609202,0.3,0.4,0.4,0.3,0.8999999999999999,-0.10000000000000003,1.0214401661755423,-0.4677569890545016,0.45,0.3,-0.7346143795288098,0.48648708815409886,-0.05914127339705949,0.0,0.6,0.4,0.5,0.5,0.8196152797992028,BALANCED | COMPRESSING | WICK_BALANCED | DIRECTION_BALANCED | HIGH_ALT | MID_BODY | EXP_TO_COMPRESS | CLOSE_MID,FP-1D733A9CCC
30m,2,10217,10236,0.3131077521097864,-0.10000000000000003,0.3684210526315789,0.4010764691758662,0.12093013581936374,0.45,0.3,0.25,0.5,0.75,0.25,1.2813625503144146,-0.09302352882639942,0.2,0.45,-0.2064098073875158,0.5432996409239121,-0.18405968195184647,-0.09999999999999998,0.2,0.8,0.45,0.55,0.8404698580556648,BALANCED | STABLE | LOWER_WICK | DIRECTION_BALANCED | MID_ALT | MID_BODY | RANGE_STABLE | CLOSE_MID,FP-E696176FB9
30m,3,14180,14199,0.31077214103167244,-0.19999999999999996,0.631578947368421,0.41260820848115615,-0.01757823104788636,0.35,0.3,0.3,0.35,0.95,0.04999999999999999,1.4973928402339312,-1.1090778638757086,0.2,0.5,-1.6133745107472488,0.4940924675340132,-0.09677854159235433,0.0,0.8,0.6,0.4,0.6,1.0670937061423438,BALANCED | COMPRESSING | WICK_BALANCED | DIRECTION_BALANCED | HIGH_ALT | MID_BODY | EXP_TO_COMPRESS | CLOSE_MID,FP-2E942F63E6
30m,4,23299,23318,0.30195901305476625,-0.19999999999999996,0.5789473684210527,0.44703317818376853,0.14801676015555792,0.2,0.2,0.35,0.2,0.8500000000000001,-0.14999999999999997,0.9955969246183679,-0.49129326959303476,0.55,0.2,-0.7188411993437976,0.4515155625446182,0.015471848096283491,0.2,0.6,0.6,0.4,0.6,0.8765938831529706,BALANCED | COMPRESSING | UPPER_WICK | BULL_SHIFT | HIGH_ALT | MID_BODY | EXP_TO_COMPRESS | CLOSE_MID,FP-D5A3EF8545
30m,5,24691,24710,0.30150823873315796,-0.19999999999999996,0.47368421052631576,0.45556480025273344,0.028437852252562512,0.2,0.25,0.45,0.3,0.85,-0.15000000000000002,1.7107042564484476,-1.3246053558645616,0.2,0.55,-1.779806999779808,0.4733122091177015,-0.23037968423518823,-0.2,0.6,0.4,0.4,0.6,1.8221279369013443,BALANCED | COMPRESSING | UPPER_WICK | BEAR_SHIFT | MID_ALT | MID_BODY | EXP_TO_COMPRESS | CLOSE_MID,FP-8316303682
30m,6,20852,20871,0.2992395450990151,-0.30000000000000004,0.3684210526315789,0.3883115062535886,0.027718443376820223,0.3,0.2,0.35,0.45,0.8999999999999999,0.10000000000000003,1.4540842827862765,-1.0150461537595596,0.3,0.45,-1.8335670345664883,0.48218001686406753,-0.08362292257675691,-0.3,0.8,0.2,0.35,0.65,1.2519369174122972,BALANCED | COMPRESSING | WICK_BALANCED | BEAR_SHIFT | MID_ALT | MID_BODY | EXP_TO_COMPRESS | CLOSE_MID,FP-D3FE30360C
30m,7,24164,24183,0.29635495108764665,0.0,0.42105263157894735,0.5918327054272975,-0.022840010746900563,0.1,0.5,0.1,0.25,0.85,0.15,1.3801907527478665,-0.43184838816204185,0.25,0.45,-1.1260821557010225,0.508077851483902,0.11731697165263727,0.19999999999999996,0.2,0.6,0.5,0.5,1.312197607853055,BALANCED | COMPRESSING | LOWER_WICK | DIRECTION_BALANCED | MID_ALT | MID_BODY | EXP_TO_COMPRESS | CLOSE_MID,FP-39877628CA
30m,8,18748,18767,0.2961231166735066,-0.10000000000000003,0.42105263157894735,0.4299483492792878,0.089716881246799,0.4,0.35,0.1,0.45,0.65,0.35,1.657091935446618,-1.0521200906619437,0.05,0.55,-1.4740823600116866,0.5467352106658419,0.13849705604778573,0.3,0.4,0.2,0.45,0.55,1.3946396443790459,BALANCED | COMPRESSING | LOWER_WICK | BULL_SHIFT | MID_ALT | MID_BODY | EXP_TO_COMPRESS | CLOSE_MID,FP-4E51496247
30m,9,16254,16273,0.29430117439419545,-0.10000000000000003,0.5263157894736842,0.4461896395006681,-0.08487798868023744,0.2,0.3,0.45,0.3,0.85,-0.15000000000000002,0.9487906986436657,-0.5166379942404316,0.5,0.15,-0.8217527273973909,0.4950108975339421,0.010659686271152269,0.09999999999999998,0.6,0.6,0.45,0.55,0.545010735075249,BALANCED | COMPRESSING | UPPER_WICK | DIRECTION_BALANCED | MID_ALT | MID_BODY | EXP_TO_COMPRESS | CLOSE_MID,FP-1607E19B10
30m,10,13713,13732,0.2929332422967969,-0.19999999999999996,0.5263157894736842,0.37965084089074363,0.2737796776240422,0.4,0.15,0.35,0.45,0.8999999999999999,0.10000000000000003,0.9754447769673987,-0.2224901518293263,0.55,0.2,-0.5621474136388073,0.5232738132696004,-0.10756863115544796,-0.2,0.8,0.4,0.4,0.6,0.7863945829262757,BALANCED | COMPRESSING | WICK_BALANCED | BEAR_SHIFT | MID_ALT | MID_BODY | EXP_TO_COMPRESS | CLOSE_MID,FP-E23A837675
30m,11,17972,17991,0.29148531122382865,0.0,0.7368421052631579,0.4259561783350271,0.012743542370062866,0.3,0.25,0.35,0.4,0.95,0.050000000000000044,1.7189381956430967,-1.5249308671389767,0.2,0.55,-2.450784100068872,0.5367842342457742,-0.09470583272442368,0.0,0.6,0.8,0.5,0.5,1.4962225444701194,BALANCED | COMPRESSING | WICK_BALANCED | DIRECTION_BALANCED | HIGH_ALT | MID_BODY | EXP_TO_COMPRESS | CLOSE_MID,FP-0A54D9D887
30m,12,4249,4268,0.2907851054214705,-0.19999999999999996,0.5789473684210527,0.33922889691204305,0.12862703826702926,0.4,0.15,0.3,0.6,0.7,0.3,1.183982498173001,-0.5679983736504572,0.25,0.3,-0.7791557013822453,0.5657023024886968,0.12244566837894577,0.39999999999999997,0.2,0.6,0.4,0.6,1.0213591480730504,BALANCED | COMPRESSING | LOWER_WICK | BULL_SHIFT | HIGH_ALT | MID_BODY | EXP_TO_COMPRESS | CLOSE_MID,FP-85064687D1
30m,13,26897,26916,0.28777827542768275,0.0,0.47368421052631576,0.39405798589539837,-0.2256369062493287,0.3,0.2,0.3,0.4,0.8999999999999999,0.10000000000000003,1.5921392692582659,-1.7079280475121805,0.4,0.45,-2.17566790443868,0.5597184085848894,-0.07224630826814082,0.0,0.4,0.4,0.5,0.5,1.5637728447607755,BALANCED | COMPRESSING | WICK_BALANCED | DIRECTION_BALANCED | MID_ALT | MID_BODY | EXP_TO_COMPRESS | CLOSE_MID,FP-5F19941843
30m,14,16049,16068,0.2870436722740265,-0.19999999999999996,0.5263157894736842,0.45255496829201636,-0.06279204576137004,0.3,0.25,0.2,0.4,0.8,0.2,1.261018308501044,-0.7965348128057963,0.2,0.45,-1.0749802774724508,0.5645440323214879,-0.20744191366478015,-0.2,0.4,0.6,0.4,0.6,1.1160743704341838,BALANCED | COMPRESSING | LOWER_WICK | BEAR_SHIFT | MID_ALT | MID_BODY | EXP_TO_COMPRESS | CLOSE_MID,FP-1F7F60450C
30m,15,2518,2537,0.2869499061809444,-0.30000000000000004,0.47368421052631576,0.48991102082166044,0.15688276775501037,0.2,0.4,0.3,0.55,0.75,0.25000000000000006,1.7628120459579328,-1.7594122584234513,0.3,0.45,-2.754861855152933,0.4853458468014057,0.0985440662106356,0.3,0.4,0.6,0.35,0.65,1.3444612337677884,BALANCED | COMPRESSING | LOWER_WICK | BULL_SHIFT | MID_ALT | MID_BODY | EXP_TO_COMPRESS | CLOSE_MID,FP-ACCD75E2BF
30m,16,14233,14252,0.28653577257284263,-0.10000000000000003,0.47368421052631576,0.4617978195944703,-0.12342055225010107,0.3,0.35,0.4,0.4,1.0,0.0,1.0144193285816194,-0.6503517710227975,0.5,0.35,-0.9925461984748112,0.5095143810938869,-0.03120630308509842,0.3,1.0,0.6,0.45,0.55,0.8992374502207424,BALANCED | COMPRESSING | WICK_BALANCED | BULL_SHIFT | MID_ALT | MID_BODY | EXP_TO_COMPRESS | CLOSE_MID,FP-BCE32CB3A3
30m,17,16102,16121,0.28648590174737437,0.0,0.47368421052631576,0.43268654232159315,0.08876554560580041,0.25,0.25,0.5,0.3,0.8,-0.2,1.4374597307660177,-0.7639120670492932,0.1,0.4,-1.2292833126451612,0.49032788429078183,-0.004348205453048648,0.39999999999999997,0.2,0.6,0.5,0.5,1.0784914879357193,BALANCED | COMPRESSING | UPPER_WICK | BULL_SHIFT | MID_ALT | MID_BODY | EXP_TO_COMPRESS | CLOSE_MID,FP-544704FDBD
30m,18,5576,5595,0.28498674854743067,-0.10000000000000003,0.7894736842105263,0.45000489481357075,-0.05826916120673342,0.2,0.35,0.3,0.4,0.8999999999999999,0.10000000000000003,1.40340336744586,-0.9398048840932539,0.25,0.4,-1.4113627817335543,0.47834096284520156,0.23905952470756592,0.09999999999999998,1.0,1.0,0.45,0.55,1.2424538747380482,BALANCED | COMPRESSING | WICK_BALANCED | DIRECTION_BALANCED | HIGH_ALT | MID_BODY | EXP_TO_COMPRESS | CLOSE_MID,FP-F2FEDB5C04
30m,19,22776,22795,0.2848392436462831,-0.19999999999999996,0.5789473684210527,0.4219196093009018,0.19153796491186498,0.3,0.3,0.25,0.35,0.9,0.09999999999999998,1.3086027491361676,-0.2892830335256378,0.2,0.45,-0.7198734916050531,0.48389547389586574,0.007140878308761867,0.0,0.4,0.6,0.4,0.6,1.0971282069031811,BALANCED | COMPRESSING | WICK_BALANCED | DIRECTION_BALANCED | HIGH_ALT | MID_BODY | EXP_TO_COMPRESS | CLOSE_MID,FP-02AD1C160F
30m,20,22778,22797,0.2842909045817305,0.0,0.5789473684210527,0.41982697423205506,0.06928357345899411,0.3,0.3,0.3,0.3,1.0,0.0,1.2323517408037787,-0.42025914761304883,0.25,0.4,-0.7583057097708151,0.47173552131489255,0.05902495778109257,0.19999999999999996,0.8,0.2,0.5,0.5,1.0932057354904894,BALANCED | COMPRESSING | WICK_BALANCED | DIRECTION_BALANCED | HIGH_ALT | MID_BODY | EXP_TO_COMPRESS | CLOSE_MID,FP-2EAC8B8158
30m,21,23201,23220,0.28365008375669837,-0.10000000000000003,0.7368421052631579,0.4584483585693305,0.16271994111349403,0.25,0.35,0.25,0.35,0.9,0.09999999999999998,1.2097868353313521,-0.3234750771830772,0.2,0.35,-0.5796710653615674,0.5385375591193226,-0.08699179542928298,0.09999999999999998,0.8,0.6,0.45,0.55,1.1942922628618315,BALANCED | COMPRESSING | WICK_BALANCED | DIRECTION_BALANCED | HIGH_ALT | MID_BODY | EXP_TO_COMPRESS | CLOSE_MID,FP-979C3EA989
30m,22,9151,9170,0.2833594003883669,-0.10000000000000003,0.3157894736842105,0.4571402166111514,-0.05130210441891725,0.25,0.35,0.3,0.35,0.95,0.04999999999999999,1.348778871215643,-0.816913823616951,0.25,0.4,-1.2362153049353917,0.5153203026219362,-0.20326060692388936,-0.3,0.6,0.2,0.45,0.55,1.0424040991886458,BALANCED | COMPRESSING | WICK_BALANCED | BEAR_SHIFT | MID_ALT | MID_BODY | EXP_TO_COMPRESS | CLOSE_MID,FP-70C7769E5C
30m,23,26537,26556,0.2832571308770032,-0.19999999999999996,0.5789473684210527,0.4200312222438902,0.043185252308863165,0.35,0.25,0.3,0.45,0.85,0.15000000000000002,1.043826551308045,-0.15650700550429597,0.3,0.35,-0.4910335296278273,0.4322257957766823,0.11217739030145824,0.2,0.8,0.8,0.4,0.6,0.972143311021798,BALANCED | STABLE | LOWER_WICK | BULL_SHIFT | HIGH_ALT | MID_BODY | EXP_TO_COMPRESS | CLOSE_MID,FP-5EA87E23FF
30m,24,18035,18054,0.2830701711383585,-0.10000000000000003,0.5263157894736842,0.42545211120593673,0.10103841758890386,0.3,0.25,0.35,0.35,1.0,0.0,1.3035235855471448,-0.3966770987253112,0.1,0.5,-0.5179604738682737,0.5215362985897746,-0.028727942021168906,0.09999999999999998,0.2,1.0,0.45,0.55,1.1944317775769289,BALANCED | COMPRESSING | WICK_BALANCED | DIRECTION_BALANCED | MID_ALT | MID_BODY | EXP_TO_COMPRESS | CLOSE_MID,FP-5EA06C147E
30m,25,10156,10175,0.282825276690335,0.5,0.42105263157894735,0.47212017731067046,0.14962887332971353,0.25,0.4,0.25,0.4,0.85,0.15000000000000002,1.1021716104357213,-0.5651120414848574,0.45,0.25,-0.8797237757356055,0.6439320465397054,0.29229129371983587,0.10000000000000009,0.4,0.4,0.75,0.25,0.7341471155063859,BULL_BIASED | COMPRESSING | LOWER_WICK | DIRECTION_BALANCED | MID_ALT | MID_BODY | EXP_TO_COMPRESS | CLOSE_MID,FP-3D04F6AC80
1h,1,2337,2356,0.3469396595048701,0.10000000000000003,0.47368421052631576,0.47531436797254134,0.03470466272172118,0.25,0.35,0.2,0.5,0.7,0.3,1.3949606353006943,0.8321558946927924,0.3,0.45,0.05841676105277238,0.5338766425879373,0.05806776453120566,-0.09999999999999998,0.4,0.8,0.55,0.45,1.7616870860648277,BALANCED | EXPANDING | LOWER_WICK | DIRECTION_BALANCED | MID_ALT | MID_BODY | RANGE_STABLE | CLOSE_MID,FP-0072AF3226
1h,2,20761,20780,0.32963494706688234,0.10000000000000003,0.5263157894736842,0.4853414583602036,0.10699809296296714,0.3,0.4,0.3,0.35,0.95,0.04999999999999999,0.9854974873214684,0.3966654446331982,0.45,0.25,0.2730471940174716,0.5309496285980746,-0.08357099226408116,-0.09999999999999998,0.6,0.2,0.55,0.45,1.1697181104687828,BALANCED | EXPANDING | WICK_BALANCED | DIRECTION_BALANCED | MID_ALT | MID_BODY | RANGE_STABLE | CLOSE_MID,FP-114E044A2F
1h,3,15506,15525,0.3264616344767954,0.30000000000000004,0.47368421052631576,0.37892255043754947,0.03783633492670546,0.4,0.2,0.35,0.4,0.95,0.050000000000000044,0.841816008372408,0.29670005598910554,0.6,0.2,0.2633689963018412,0.6058386503425991,0.011736918173157695,-0.09999999999999998,0.6,0.6,0.65,0.35,0.9524459700704474,BALANCED | EXPANDING | WICK_BALANCED | DIRECTION_BALANCED | MID_ALT | MID_BODY | RANGE_STABLE | CLOSE_MID,FP-CA76728F52
1h,4,18791,18810,0.3228648242563793,0.6000000000000001,0.21052631578947367,0.4129729344861034,-0.0932136341138165,0.25,0.25,0.45,0.2,0.75,-0.25,0.8028395667118916,0.1703106431392919,0.6,0.15,-0.010347273810877744,0.5448680531612289,-0.15026303819072118,0.0,0.2,0.2,0.8,0.2,0.8352526481404833,BULL_BIASED | STABLE | UPPER_WICK | DIRECTION_BALANCED | LOW_ALT | MID_BODY | RANGE_STABLE | CLOSE_MID,FP-878EE57801
1h,5,17447,17466,0.3220890508222792,0.39999999999999997,0.42105263157894735,0.4675397703069768,-0.004364857205338246,0.15,0.2,0.55,0.15,0.6,-0.4,1.3045420898227622,0.8446755084986763,0.35,0.4,0.4996933435572789,0.4988739834492731,-0.0358700190601301,-0.20000000000000007,0.2,0.8,0.7,0.3,1.6195447583033997,BULL_BIASED | EXPANDING | UPPER_WICK | BEAR_SHIFT | MID_ALT | MID_BODY | COMP_TO_EXPAND | CLOSE_MID,FP-F46BA78502
1h,6,25464,25483,0.3215883423269641,0.10000000000000003,0.47368421052631576,0.36995510200131887,0.01497470982101523,0.35,0.25,0.4,0.3,0.8999999999999999,-0.10000000000000003,1.2185651482284754,0.5593648853379019,0.3,0.35,0.23106200678614464,0.5273720118902889,-0.1377141843963613,-0.29999999999999993,0.2,0.6,0.55,0.45,1.8023054948906314,BALANCED | EXPANDING | WICK_BALANCED | BEAR_SHIFT | MID_ALT | MID_BODY | RANGE_STABLE | CLOSE_MID,FP-95F513CFE9
1h,7,12192,12211,0.3206679373255908,-0.19999999999999996,0.5263157894736842,0.3939752318457432,-0.03499201271795788,0.35,0.25,0.2,0.5,0.7,0.3,1.3194717518227446,0.1817717453198726,0.3,0.5,-0.25469243551228615,0.5352628510001057,0.06069184341155609,0.2,0.8,0.6,0.4,0.6,1.4121452484121857,BALANCED | STABLE | LOWER_WICK | BULL_SHIFT | MID_ALT | MID_BODY | RANGE_STABLE | CLOSE_MID,FP-5C1864A20F
1h,8,12143,12162,0.3203199883977145,0.10000000000000003,0.47368421052631576,0.4346224950654466,-0.12876043792976016,0.3,0.35,0.5,0.2,0.7,-0.3,1.3581342643959584,0.7759750627655129,0.3,0.5,0.5269461128350647,0.39922611672073577,-0.031662642285964104,-0.09999999999999998,0.6,0.6,0.55,0.45,1.642803907440431,BALANCED | EXPANDING | UPPER_WICK | DIRECTION_BALANCED | MID_ALT | MID_BODY | COMP_TO_EXPAND | CLOSE_MID,FP-9B1FE5450C
1h,9,24145,24164,0.31767735787299184,0.10000000000000003,0.47368421052631576,0.3792150430930648,-0.07095540403117967,0.2,0.15,0.35,0.45,0.8999999999999999,0.10000000000000003,1.0293652098149457,0.6186153737515548,0.55,0.3,0.203908005625413,0.5427778505116991,0.03723140524597057,0.09999999999999998,0.8,0.2,0.55,0.45,1.304034669909375,BALANCED | EXPANDING | WICK_BALANCED | DIRECTION_BALANCED | MID_ALT | MID_BODY | RANGE_STABLE | CLOSE_MID,FP-9765848430
1h,10,25187,25206,0.3142213884703696,0.0,0.42105263157894735,0.38977839641723233,0.07337785594521168,0.25,0.15,0.2,0.45,0.75,0.25,1.2881944977750643,-0.3735741420600962,0.25,0.5,-0.8921337274336262,0.5415579167863538,-0.16794992018222132,-0.39999999999999997,0.2,0.4,0.5,0.5,1.3396549511778613,BALANCED | COMPRESSING | LOWER_WICK | BEAR_SHIFT | MID_ALT | MID_BODY | EXP_TO_COMPRESS | CLOSE_MID,FP-CF118F54CE
1h,11,25656,25675,0.3131734194912714,0.10000000000000003,0.42105263157894735,0.35705762510583505,-0.07886167991028414,0.3,0.1,0.5,0.35,0.85,-0.15000000000000002,1.1337019131628276,-0.058636455747740346,0.25,0.35,-0.09348423821117047,0.5137566276751117,0.05659537328272757,0.29999999999999993,0.4,0.2,0.55,0.45,1.3691986424076452,BALANCED | STABLE | UPPER_WICK | BULL_SHIFT | MID_ALT | MID_BODY | RANGE_STABLE | CLOSE_MID,FP-FC47BB5C07
1h,12,25751,25770,0.31283302520117967,-0.10000000000000003,0.6842105263157895,0.41018474414639206,-0.07169376804850064,0.3,0.3,0.4,0.35,0.95,-0.050000000000000044,1.0156561525783196,0.5306539969808448,0.5,0.3,0.5125727280440935,0.5007143317103685,-0.16356733764635079,-0.09999999999999998,0.6,0.6,0.45,0.55,1.0755316261617425,BALANCED | EXPANDING | WICK_BALANCED | DIRECTION_BALANCED | HIGH_ALT | MID_BODY | COMP_TO_EXPAND | CLOSE_MID,FP-8B5D55E5F9
1h,13,16780,16799,0.3127619714288004,0.0,0.5263157894736842,0.47272960613475445,-0.02409017969539151,0.2,0.3,0.35,0.35,1.0,0.0,0.9988472456894302,0.25552165087981416,0.3,0.3,0.3749988143692048,0.48716801830330203,-0.21477044338130985,-0.19999999999999996,0.4,0.2,0.5,0.5,1.1230454167269661,BALANCED | EXPANDING | WICK_BALANCED | DIRECTION_BALANCED | MID_ALT | MID_BODY | COMP_TO_EXPAND | CLOSE_MID,FP-5B1F3D08E7
1h,14,7584,7603,0.31262242528287354,0.39999999999999997,0.5263157894736842,0.4235551333985925,-0.06557196927055425,0.4,0.3,0.35,0.5,0.85,0.15000000000000002,1.3053863220244306,0.35083125870652165,0.25,0.5,0.44437467904322436,0.6081200022484747,0.08959947823712056,0.0,0.8,0.2,0.7,0.3,1.5289836787920101,BULL_BIASED | EXPANDING | LOWER_WICK | DIRECTION_BALANCED | MID_ALT | MID_BODY | COMP_TO_EXPAND | CLOSE_MID,FP-CBD53D2E88
1h,15,23160,23179,0.3070998553024255,0.19999999999999996,0.5789473684210527,0.4607604202028492,-0.016321563973389797,0.2,0.35,0.4,0.35,0.95,-0.050000000000000044,0.9280342494583624,0.5872300024553352,0.55,0.25,0.4383781129611567,0.4978885303070798,0.021238227004915566,0.0,0.6,0.6,0.6,0.4,0.9530831555697201,BALANCED | EXPANDING | WICK_BALANCED | DIRECTION_BALANCED | HIGH_ALT | MID_BODY | COMP_TO_EXPAND | CLOSE_MID,FP-F7C8657C99
1h,16,11831,11850,0.3070448639612116,0.5,0.42105263157894735,0.3389650543754621,-0.011954378526465914,0.35,0.2,0.5,0.4,0.9,-0.09999999999999998,1.3054483562559893,1.064445978363838,0.35,0.5,0.9586831431393353,0.5737009638046977,0.10882155277348005,0.10000000000000009,0.0,0.4,0.75,0.25,1.569726145440211,BULL_BIASED | EXPANDING | WICK_BALANCED | DIRECTION_BALANCED | MID_ALT | MID_BODY | COMP_TO_EXPAND | CLOSE_MID,FP-D208364177
1h,17,6971,6990,0.3066415487328908,0.0,0.631578947368421,0.5003025395064734,0.060040051794970295,0.15,0.35,0.15,0.4,0.75,0.25,1.070133566435672,-0.6492768052416564,0.45,0.3,-0.9446046758652977,0.5651525920155822,0.02027999983657569,0.19999999999999996,0.4,0.6,0.5,0.5,1.4343387154872411,BALANCED | COMPRESSING | LOWER_WICK | DIRECTION_BALANCED | HIGH_ALT | MID_BODY | EXP_TO_COMPRESS | CLOSE_MID,FP-6E5E5C9A0C
1h,18,19704,19723,0.3055487612137304,0.30000000000000004,0.3684210526315789,0.45542996197502444,0.23650226566551025,0.2,0.25,0.3,0.45,0.85,0.15000000000000002,1.4006532074309583,0.9240584758804349,0.4,0.5,0.41590743551619835,0.6163700203826047,0.005536414082988439,0.09999999999999998,0.4,0.4,0.65,0.35,1.849099495450656,BALANCED | EXPANDING | LOWER_WICK | DIRECTION_BALANCED | MID_ALT | MID_BODY | COMP_TO_EXPAND | CLOSE_MID,FP-7B5B4C5DA7
1h,19,15532,15551,0.3050155904049879,-0.10000000000000003,0.7368421052631579,0.4278594033210072,-0.05787051155543893,0.3,0.25,0.15,0.5,0.65,0.35,1.1429345786360612,0.19375788325021515,0.25,0.4,0.4292936363566803,0.5194899282390805,-0.03845213015919646,0.09999999999999998,0.8,0.6,0.45,0.55,1.410327374814175,BALANCED | STABLE | LOWER_WICK | DIRECTION_BALANCED | HIGH_ALT | MID_BODY | COMP_TO_EXPAND | CLOSE_MID,FP-7BEF0BB427
1h,20,27336,27355,0.30473047749930343,0.10000000000000003,0.42105263157894735,0.47534944064403684,-0.1557773075330554,0.2,0.4,0.35,0.35,1.0,0.0,1.3630941450358436,0.9706987347060297,0.35,0.5,0.47591944990051893,0.5207083773688954,-0.0036035969836064607,0.09999999999999998,0.2,0.6,0.55,0.45,1.3163332057929567,BALANCED | EXPANDING | WICK_BALANCED | DIRECTION_BALANCED | MID_ALT | MID_BODY | COMP_TO_EXPAND | CLOSE_MID,FP-6447580B21
1h,21,6697,6716,0.3041861280432216,0.0,0.631578947368421,0.42972407118995504,-0.04831760864001089,0.2,0.25,0.4,0.3,0.8999999999999999,-0.10000000000000003,0.877317183306849,0.365256654225393,0.6,0.2,0.27657806307990296,0.4570202212677404,0.03467576483229262,0.0,0.6,0.6,0.5,0.5,0.9794581896630355,BALANCED | EXPANDING | WICK_BALANCED | DIRECTION_BALANCED | HIGH_ALT | MID_BODY | RANGE_STABLE | CLOSE_MID,FP-63C6FBA887
1h,22,25397,25416,0.3041004258053452,0.19999999999999996,0.47368421052631576,0.4136477324269567,0.13383677806816674,0.35,0.25,0.45,0.35,0.8999999999999999,-0.10000000000000003,1.1135367468625408,0.13615101363165127,0.25,0.35,0.18767788457268542,0.48094048019814667,-0.07384077100036568,-0.19999999999999996,0.4,0.4,0.6,0.4,1.0679271107440311,BALANCED | STABLE | WICK_BALANCED | DIRECTION_BALANCED | MID_ALT | MID_BODY | RANGE_STABLE | CLOSE_MID,FP-B11DDB015A
1h,23,19754,19773,0.30343727095639916,0.19999999999999996,0.42105263157894735,0.3922444618175033,-0.10670758526574636,0.45,0.25,0.3,0.4,0.8999999999999999,0.10000000000000003,1.205540063728388,0.35198188404719977,0.3,0.5,0.5258782303959877,0.6134186086736558,-0.06747791914938883,0.0,0.2,0.6,0.6,0.4,1.1935531817040137,BALANCED | EXPANDING | WICK_BALANCED | DIRECTION_BALANCED | MID_ALT | MID_BODY | COMP_TO_EXPAND | CLOSE_MID,FP-0E439ED2A0
1h,24,8327,8346,0.3032958613630696,0.10000000000000003,0.42105263157894735,0.37839579440868104,-0.14209825294822637,0.4,0.25,0.35,0.4,0.95,0.050000000000000044,0.9649209638184125,0.16904880493482444,0.45,0.3,-0.15808151873090326,0.5802705791292986,-0.14971892989460078,-0.29999999999999993,0.4,0.4,0.55,0.45,1.0361169575305904,BALANCED | STABLE | WICK_BALANCED | BEAR_SHIFT | MID_ALT | MID_BODY | RANGE_STABLE | CLOSE_MID,FP-F48C2F03F4
1h,25,27286,27305,0.30205866634994916,0.10000000000000003,0.47368421052631576,0.35595405545164693,-0.07668871442160469,0.45,0.2,0.35,0.45,0.8999999999999999,0.10000000000000003,1.2248316052108073,0.7021795808122617,0.4,0.45,0.506810279364578,0.5195778267875095,-0.030313077442344127,-0.09999999999999998,0.6,0.4,0.55,0.45,1.0989400737732267,BALANCED | EXPANDING | WICK_BALANCED | DIRECTION_BALANCED | MID_ALT | MID_BODY | COMP_TO_EXPAND | CLOSE_MID,FP-2E2E4DECEC
4h,1,6175,6194,0.33667401151723175,-0.39999999999999997,0.3157894736842105,0.4905426699570604,0.10468960212805772,0.35,0.4,0.1,0.5,0.6,0.4,1.4291343530016394,-0.2514380506390914,0.2,0.45,-0.5252007505507467,0.5190978842907115,0.05045391949121436,0.0,0.2,0.4,0.3,0.7,1.8966442599502813,BEAR_BIASED | COMPRESSING | LOWER_WICK | DIRECTION_BALANCED | MID_ALT | MID_BODY | EXP_TO_COMPRESS | CLOSE_MID,FP-EEB264A8F8
4h,2,9307,9326,0.3136913652893642,-0.39999999999999997,0.5263157894736842,0.36049598830560053,-0.06701298274822326,0.45,0.15,0.5,0.35,0.85,-0.15000000000000002,1.2114755566615363,0.04977978512861947,0.3,0.5,-0.24063823708360244,0.4467227456135432,-0.010548344478924221,0.0,0.8,0.4,0.3,0.7,1.104897415142397,BEAR_BIASED | STABLE | UPPER_WICK | DIRECTION_BALANCED | MID_ALT | MID_BODY | RANGE_STABLE | CLOSE_MID,FP-F011BF7056
4h,3,2679,2698,0.3136568170942352,-0.10000000000000003,0.5789473684210527,0.39981242091102426,-0.06142798185636256,0.35,0.25,0.35,0.35,1.0,0.0,1.1365261980916639,0.045834099314621124,0.2,0.35,0.10185852713799903,0.4696776252897529,0.08789156957291094,0.3,0.8,0.4,0.45,0.55,1.2644698817772515,BALANCED | STABLE | WICK_BALANCED | BULL_SHIFT | HIGH_ALT | MID_BODY | RANGE_STABLE | CLOSE_MID,FP-036EDBD694
4h,4,9326,9345,0.3112080729793453,-0.10000000000000003,0.631578947368421,0.33501518435508465,-0.1511054671494002,0.45,0.15,0.4,0.45,0.95,0.04999999999999999,0.9844451893216883,-0.37884304363954024,0.6,0.35,-0.8042727215181459,0.48286632827651044,0.0946212780332003,0.09999999999999998,0.6,0.6,0.45,0.55,1.065990905992078,BALANCED | COMPRESSING | WICK_BALANCED | DIRECTION_BALANCED | HIGH_ALT | MID_BODY | EXP_TO_COMPRESS | CLOSE_MID,FP-B179ADF186
4h,5,8798,8817,0.3111648688882593,-0.10000000000000003,0.47368421052631576,0.4023808460499854,-0.15531981452795973,0.3,0.25,0.35,0.35,1.0,0.0,1.1914966176917803,-0.17133068192287126,0.2,0.35,-0.4292642713312994,0.4694836211477832,-0.03787008139332182,-0.09999999999999998,0.4,0.4,0.45,0.55,1.4233544440940744,BALANCED | STABLE | WICK_BALANCED | DIRECTION_BALANCED | MID_ALT | MID_BODY | EXP_TO_COMPRESS | CLOSE_MID,FP-A1071BF1D6
4h,6,8147,8166,0.3109807064625408,-0.19999999999999996,0.5263157894736842,0.4617139676590374,-0.1712898705974918,0.3,0.4,0.2,0.5,0.7,0.3,1.3406054084788477,-0.6048263410004748,0.3,0.5,-0.587341437320085,0.48604571523777046,0.1517269173151538,0.0,0.6,0.6,0.4,0.6,1.6268125157626319,BALANCED | COMPRESSING | LOWER_WICK | DIRECTION_BALANCED | MID_ALT | MID_BODY | EXP_TO_COMPRESS | CLOSE_MID,FP-FA7278B29D
4h,7,2900,2919,0.31054588855822524,-0.10000000000000003,0.6842105263157895,0.4628147487489424,-0.05878997391917573,0.25,0.4,0.3,0.4,0.8999999999999999,0.10000000000000003,1.1935916943752205,-0.23696327546223617,0.4,0.4,-0.8793678593820969,0.530875223779326,0.0019047550314073014,-0.09999999999999998,0.2,1.0,0.45,0.55,1.0033571757919988,BALANCED | COMPRESSING | WICK_BALANCED | DIRECTION_BALANCED | HIGH_ALT | MID_BODY | EXP_TO_COMPRESS | CLOSE_MID,FP-BDE5F1EDC8
4h,8,7223,7242,0.306785361404897,-0.30000000000000004,0.42105263157894735,0.426855127518325,0.06209544985054094,0.3,0.25,0.25,0.45,0.8,0.2,1.028692073607568,-0.12020216694871744,0.45,0.3,-0.468215569795451,0.4526514189827059,0.23440326309004206,0.3,0.6,0.8,0.35,0.65,1.2899357239873517,BALANCED | STABLE | LOWER_WICK | BULL_SHIFT | MID_ALT | MID_BODY | EXP_TO_COMPRESS | CLOSE_MID,FP-1DCF3C1D12
4h,9,4939,4958,0.3062930836026302,-0.19999999999999996,0.5789473684210527,0.43901681460280584,-0.23206984493710398,0.4,0.3,0.35,0.3,0.95,-0.04999999999999999,1.2926203988406488,-0.42328161410991716,0.2,0.55,-0.544849003596038,0.47348271298616174,-0.08589714506527868,-0.2,0.6,0.2,0.4,0.6,1.6194785706872363,BALANCED | COMPRESSING | WICK_BALANCED | BEAR_SHIFT | HIGH_ALT | MID_BODY | EXP_TO_COMPRESS | CLOSE_MID,FP-3EBE66A446
4h,10,6762,6781,0.3060926861932875,-0.5,0.21052631578947367,0.40080719063097225,0.09961264129516312,0.4,0.35,0.4,0.4,1.0,0.0,1.2679212968106222,0.4878255844813224,0.25,0.35,0.0581269483664586,0.3923724069418818,-0.09505712778875541,0.09999999999999998,0.4,0.2,0.25,0.75,1.3855719934638377,BEAR_BIASED | EXPANDING | WICK_BALANCED | DIRECTION_BALANCED | LOW_ALT | MID_BODY | RANGE_STABLE | CLOSE_MID,FP-4967D0D2CD
4h,11,3274,3293,0.3060018420674329,-0.10000000000000003,0.5263157894736842,0.4019681099835178,-0.08983948216148907,0.3,0.2,0.35,0.35,1.0,0.0,1.0501965643478959,-0.5597941539032263,0.45,0.3,-0.9608971868485204,0.49238397155703073,0.1842392203899037,0.3,0.8,0.6,0.45,0.55,0.9280994327750283,BALANCED | COMPRESSING | WICK_BALANCED | BULL_SHIFT | MID_ALT | MID_BODY | EXP_TO_COMPRESS | CLOSE_MID,FP-C16D56F17C
4h,12,8091,8110,0.3025347724007012,-0.10000000000000003,0.631578947368421,0.4484276980959687,-0.13052417599582833,0.3,0.3,0.25,0.5,0.75,0.25,1.8384158096596512,-0.4313985409170107,0.15,0.7,-1.3345417924297074,0.563442546660464,0.12252237298729907,0.09999999999999998,0.4,0.6,0.45,0.55,2.1191490227003755,BALANCED | COMPRESSING | LOWER_WICK | DIRECTION_BALANCED | HIGH_ALT | MID_BODY | EXP_TO_COMPRESS | CLOSE_MID,FP-1FE011165B
4h,13,4783,4802,0.30232305820650707,-0.10000000000000003,0.7368421052631579,0.45554831217749553,-0.08899403839853454,0.25,0.35,0.3,0.45,0.85,0.15000000000000002,1.0809641470734976,-0.5889559702083528,0.4,0.45,-0.6185140647878461,0.5499437080222032,0.09751134629414449,0.09999999999999998,0.6,0.8,0.45,0.55,1.169441307560857,BALANCED | COMPRESSING | LOWER_WICK | DIRECTION_BALANCED | HIGH_ALT | MID_BODY | EXP_TO_COMPRESS | CLOSE_MID,FP-D974FEB4F7
4h,14,5353,5372,0.3021690943548673,-0.10000000000000003,0.631578947368421,0.49701513510369405,-0.07244090423485955,0.2,0.35,0.15,0.3,0.85,0.15,1.6856807293255514,-0.019005923687781534,0.2,0.6,0.11677679326702661,0.45226537298611563,0.1724496377543282,0.3,0.6,0.6,0.45,0.55,2.642053192127936,BALANCED | STABLE | LOWER_WICK | BULL_SHIFT | HIGH_ALT | MID_BODY | RANGE_STABLE | CLOSE_MID,FP-7036C530F0
4h,15,6474,6493,0.30119770414292935,-0.5,0.5263157894736842,0.41359178716372486,-0.09846100427679538,0.3,0.2,0.45,0.4,0.95,-0.04999999999999999,0.8383191820234135,-0.27855359803081936,0.6,0.2,-0.17502422553779973,0.46971201110224986,0.1070045749833009,0.09999999999999998,0.4,0.6,0.25,0.75,1.0160267296390595,BEAR_BIASED | COMPRESSING | WICK_BALANCED | DIRECTION_BALANCED | MID_ALT | MID_BODY | RANGE_STABLE | CLOSE_MID,FP-CF78CC115D
4h,16,3147,3166,0.3006036084050496,-0.10000000000000003,0.631578947368421,0.4300233125743804,-0.11477267597853924,0.3,0.35,0.35,0.35,1.0,0.0,1.035327968101356,-0.11592284308940881,0.45,0.45,-0.4702952478245904,0.48628850454452544,0.05446446874312616,0.09999999999999998,0.6,0.8,0.45,0.55,0.8927035139778677,BALANCED | STABLE | WICK_BALANCED | DIRECTION_BALANCED | HIGH_ALT | MID_BODY | EXP_TO_COMPRESS | CLOSE_MID,FP-8CB9B0C2CE
4h,17,529,548,0.3005878781476463,-0.10000000000000003,0.5263157894736842,0.41006409037832076,0.04280827582490221,0.35,0.35,0.4,0.35,0.95,-0.050000000000000044,1.233718377596912,-0.2536787306676638,0.1,0.45,-0.1336474370681482,0.4903911127593557,0.0033212951254947276,-0.09999999999999998,0.6,0.6,0.45,0.55,1.338131457219352,BALANCED | COMPRESSING | WICK_BALANCED | DIRECTION_BALANCED | MID_ALT | MID_BODY | RANGE_STABLE | CLOSE_MID,FP-06B59114BD
4h,18,1728,1747,0.296204025641452,0.0,0.5789473684210527,0.41766287155437914,0.007613280647452758,0.3,0.2,0.25,0.55,0.7,0.30000000000000004,0.9184000818677092,-0.5239427079973767,0.6,0.15,-0.4301677762061845,0.6103336530022514,0.006536605453666189,0.0,0.6,0.4,0.5,0.5,0.9763769099641272,BALANCED | COMPRESSING | LOWER_WICK | DIRECTION_BALANCED | HIGH_ALT | MID_BODY | EXP_TO_COMPRESS | CLOSE_MID,FP-FC2BDD01FE
4h,19,8006,8025,0.2959883142294938,-0.30000000000000004,0.5263157894736842,0.3626552608745592,0.02801697156608235,0.4,0.2,0.25,0.5,0.75,0.25,1.3466435760513047,0.5424615113660636,0.2,0.45,0.07619903779587789,0.4939136127921553,0.16083866770128036,0.10000000000000003,0.6,1.0,0.35,0.65,1.48935743002923,BALANCED | EXPANDING | LOWER_WICK | DIRECTION_BALANCED | MID_ALT | MID_BODY | RANGE_STABLE | CLOSE_MID,FP-B122AC39D6
4h,20,9321,9340,0.29596488452121533,-0.30000000000000004,0.5789473684210527,0.3151347247999018,-0.1499170223920615,0.5,0.1,0.45,0.5,0.95,0.04999999999999999,1.0934731024022393,-0.185615832463772,0.5,0.45,-0.040095144070393496,0.44829827632420816,0.027307626138105834,0.3,0.4,0.8,0.35,0.65,1.4036638871403742,BALANCED | STABLE | WICK_BALANCED | BULL_SHIFT | HIGH_ALT | MID_BODY | RANGE_STABLE | CLOSE_MID,FP-0F1188D936
4h,21,6995,7014,0.295415198889369,0.0,0.47368421052631576,0.41527240184595904,-0.11048603381952621,0.35,0.25,0.4,0.4,1.0,0.0,1.2630012202375627,-0.03709655030984904,0.25,0.55,-0.06631948376057917,0.5319434810030471,0.13081787741303336,0.19999999999999996,0.6,0.2,0.5,0.5,1.4588171628109905,BALANCED | STABLE | WICK_BALANCED | DIRECTION_BALANCED | MID_ALT | MID_BODY | RANGE_STABLE | CLOSE_MID,FP-B5822DE9C1
4h,22,4944,4963,0.2945715490571879,-0.10000000000000003,0.5789473684210527,0.42406445155222405,0.008946300976364174,0.3,0.2,0.4,0.3,0.8999999999999999,-0.10000000000000003,1.1862213490012565,-0.6519545352017654,0.3,0.45,-0.6972299278013614,0.46414391630856305,-0.08688429380336687,0.09999999999999998,0.8,0.6,0.45,0.55,1.2292212845234975,BALANCED | COMPRESSING | WICK_BALANCED | DIRECTION_BALANCED | HIGH_ALT | MID_BODY | EXP_TO_COMPRESS | CLOSE_MID,FP-9C00592E57
4h,23,2769,2788,0.2944653126117805,-0.10000000000000003,0.42105263157894735,0.3816828527652455,-0.0032022246174196467,0.3,0.25,0.35,0.35,1.0,0.0,1.0434307540703516,-0.1951886191500617,0.45,0.3,-0.36015755194019283,0.5177985416383246,0.1641784526369784,0.3,0.2,0.6,0.45,0.55,1.0616789463909448,BALANCED | STABLE | WICK_BALANCED | BULL_SHIFT | MID_ALT | MID_BODY | EXP_TO_COMPRESS | CLOSE_MID,FP-826A12B724
4h,24,9109,9128,0.293969646000924,0.0,0.5263157894736842,0.40280883193491057,-0.12331661393635379,0.4,0.2,0.25,0.45,0.8,0.2,0.9964835281987314,-0.24328972606218846,0.3,0.25,-0.40616678540591233,0.5515394860626944,0.10254196077832556,0.0,0.2,0.6,0.5,0.5,0.9653325427584244,BALANCED | COMPRESSING | LOWER_WICK | DIRECTION_BALANCED | MID_ALT | MID_BODY | EXP_TO_COMPRESS | CLOSE_MID,FP-DE9145DFF0
4h,25,1700,1719,0.2939434656237131,-0.04999999999999999,0.3157894736842105,0.4101492091636265,-0.05350146393946836,0.45,0.3,0.35,0.35,1.0,0.0,1.1536996992322217,0.11136936339603243,0.3,0.5,0.09482454300531273,0.5065505761223918,-0.003119637551699417,-0.3,0.4,0.4,0.45,0.5,1.310168682672623,BALANCED | STABLE | WICK_BALANCED | BEAR_SHIFT | MID_ALT | MID_BODY | RANGE_STABLE | CLOSE_MID,FP-C5833CAA88
1d,1,1065,1084,0.27433409943675846,-0.10000000000000003,0.5789473684210527,0.4711717440742599,0.027666565719076053,0.15,0.3,0.35,0.35,1.0,0.0,0.719562855002976,0.017818414635425217,0.7,0.0,0.027097523375399835,0.4961085807450029,-0.22226135447611917,-0.09999999999999998,0.6,0.6,0.45,0.55,0.7233646958276864,BALANCED | STABLE | WICK_BALANCED | DIRECTION_BALANCED | HIGH_ALT | MID_BODY | RANGE_STABLE | CLOSE_MID,FP-FF4DBA1ECB
1d,2,1891,1910,0.2738171051226423,0.0,0.47368421052631576,0.346755343493512,0.03546367543468848,0.35,0.1,0.45,0.5,0.95,0.04999999999999999,1.0454557101676436,-0.14383618112103214,0.3,0.3,0.20506868780356402,0.5058629858304157,-0.07065531243699746,0.19999999999999996,0.8,0.4,0.5,0.5,1.3516522503827009,BALANCED | STABLE | WICK_BALANCED | DIRECTION_BALANCED | MID_ALT | MID_BODY | RANGE_STABLE | CLOSE_MID,FP-F45A1AB1AF
1d,3,391,410,0.2734563558174049,-0.30000000000000004,0.5789473684210527,0.41970413322013533,0.102182640714156,0.4,0.3,0.25,0.45,0.8,0.2,0.9913453680339085,0.45118775251864895,0.45,0.35,0.4229367346811638,0.5372589377671179,-0.21289108150025954,-0.3,0.8,0.6,0.35,0.65,0.8671355161088673,BALANCED | EXPANDING | LOWER_WICK | BEAR_SHIFT | HIGH_ALT | MID_BODY | COMP_TO_EXPAND | CLOSE_MID,FP-63C79293E8
1d,4,144,163,0.2721544206195058,-0.30000000000000004,0.631578947368421,0.4439082034717782,-0.010196601498004831,0.3,0.25,0.2,0.3,0.9,0.09999999999999998,1.0043666422821074,-0.441348217338569,0.5,0.3,-0.6061480559549012,0.3981182809256119,-0.15968296292264333,-0.10000000000000003,0.6,0.8,0.35,0.65,0.7257100149476828,BALANCED | COMPRESSING | WICK_BALANCED | DIRECTION_BALANCED | HIGH_ALT | MID_BODY | EXP_TO_COMPRESS | CLOSE_MID,FP-9FE7F94D64
1d,5,2714,2733,0.2714769692971006,-0.10000000000000003,0.42105263157894735,0.3426245366031508,-0.15802944287052362,0.35,0.15,0.45,0.4,0.95,-0.04999999999999999,0.9041996019773408,-0.13626718387518344,0.5,0.3,-0.4487391301338929,0.48158990077296304,0.06015511390689399,-0.3,0.2,0.6,0.45,0.55,0.9693755920678763,BALANCED | STABLE | WICK_BALANCED | BEAR_SHIFT | MID_ALT | MID_BODY | EXP_TO_COMPRESS | CLOSE_MID,FP-B39D5B516F
1d,6,981,1000,0.2688190496102354,0.0,0.5263157894736842,0.41664701850693076,-0.08511704163487793,0.3,0.25,0.2,0.5,0.7,0.3,0.8801291237510522,0.05591391125910539,0.65,0.15,0.171647361699928,0.545147488354429,-0.22719927989256117,-0.19999999999999996,0.8,0.2,0.5,0.5,0.8213579220214963,BALANCED | STABLE | LOWER_WICK | DIRECTION_BALANCED | MID_ALT | MID_BODY | RANGE_STABLE | CLOSE_MID,FP-D320B7BF76
1d,7,1072,1091,0.26519060866981164,-0.10000000000000003,0.5789473684210527,0.43755885638651415,-0.08597814837115358,0.25,0.25,0.3,0.45,0.85,0.15000000000000002,0.8737935085371579,0.22627148132654729,0.5,0.1,0.3003377690810951,0.4622537208903813,-0.002703567053045919,0.09999999999999998,0.6,0.6,0.45,0.55,0.7765535355028095,BALANCED | EXPANDING | LOWER_WICK | DIRECTION_BALANCED | HIGH_ALT | MID_BODY | RANGE_STABLE | CLOSE_MID,FP-F15DA2C579
1d,8,2896,2915,0.2647747289045391,-0.19999999999999996,0.5263157894736842,0.4356930779195222,-0.027864564056739816,0.25,0.35,0.3,0.35,0.95,0.04999999999999999,1.1413946108681683,-0.1598998300822274,0.3,0.3,-0.620695645263425,0.5022632570227665,-0.08372341818843687,0.0,0.4,0.6,0.4,0.6,0.9974834356071179,BALANCED | STABLE | WICK_BALANCED | DIRECTION_BALANCED | MID_ALT | MID_BODY | EXP_TO_COMPRESS | CLOSE_MID,FP-EC667E0ACC
1d,9,662,681,0.2638811950598586,-0.10000000000000003,0.42105263157894735,0.36189767815416685,-0.028436734203081904,0.4,0.15,0.55,0.35,0.7999999999999999,-0.20000000000000007,1.1782621633103578,-0.02224641212237799,0.4,0.4,0.2991737458981806,0.5305939606346436,-0.1358955427236277,-0.49999999999999994,0.2,0.4,0.45,0.55,1.4977379984800772,BALANCED | STABLE | UPPER_WICK | BEAR_SHIFT | MID_ALT | MID_BODY | RANGE_STABLE | CLOSE_MID,FP-0499A92291
1d,10,1068,1087,0.26183563727713444,-0.19999999999999996,0.5789473684210527,0.46739311219677093,-0.0028618746130473216,0.2,0.3,0.35,0.4,0.95,0.050000000000000044,0.8294954668885619,0.21272349457861328,0.6,0.1,0.3393972538932687,0.46609576043070666,-0.06105293433482961,0.0,0.6,0.6,0.4,0.6,0.721175149306108,BALANCED | EXPANDING | WICK_BALANCED | DIRECTION_BALANCED | HIGH_ALT | MID_BODY | RANGE_STABLE | CLOSE_MID,FP-645798FD96
1d,11,1234,1253,0.26182512670138164,0.0,0.5789473684210527,0.5505800470786452,-0.20197367088429874,0.1,0.4,0.1,0.35,0.75,0.24999999999999997,1.3936147960613208,0.011846266409409889,0.2,0.55,-0.012298660547908291,0.5724213915836903,0.005052232043477378,0.0,0.8,0.4,0.5,0.5,1.410020519520092,BALANCED | STABLE | LOWER_WICK | DIRECTION_BALANCED | HIGH_ALT | MID_BODY | RANGE_STABLE | CLOSE_MID,FP-7FBFBC320C
1d,12,1795,1814,0.26131651866956906,-0.19999999999999996,0.5789473684210527,0.4061418068332925,-0.13840412757001452,0.35,0.35,0.3,0.35,0.95,0.04999999999999999,1.204467703149632,0.09580603129565479,0.35,0.4,0.13499598821489966,0.4631114343343623,-0.017837489896206704,0.2,0.4,0.6,0.4,0.6,1.2791455422430495,BALANCED | STABLE | WICK_BALANCED | BULL_SHIFT | HIGH_ALT | MID_BODY | RANGE_STABLE | CLOSE_MID,FP-F392D17F80
1d,13,2444,2463,0.2608597763334945,-0.10000000000000003,0.42105263157894735,0.45557878236520255,0.02334748592670216,0.2,0.2,0.3,0.3,1.0,0.0,0.769659307059046,0.10110673440056861,0.6,0.15,0.24319532190562432,0.5119429595498056,-0.17969862177794982,-0.3,0.6,0.2,0.45,0.55,0.633896337452801,BALANCED | STABLE | WICK_BALANCED | BEAR_SHIFT | MID_ALT | MID_BODY | RANGE_STABLE | CLOSE_MID,FP-B8089DFFB5
1d,14,2231,2250,0.26057492887255074,-0.10000000000000003,0.6842105263157895,0.40051555609296186,0.09493367883978393,0.25,0.2,0.45,0.2,0.75,-0.25,0.8745077283132277,0.09346832687509443,0.55,0.15,0.10837339858380235,0.46608282241572463,0.05919802364438698,0.09999999999999998,0.8,0.4,0.45,0.55,0.6384214934741347,BALANCED | STABLE | UPPER_WICK | DIRECTION_BALANCED | HIGH_ALT | MID_BODY | RANGE_STABLE | CLOSE_MID,FP-814BF3A060
1d,15,1791,1810,0.26017771827303643,-0.19999999999999996,0.631578947368421,0.41272191510159856,-0.008979004634457777,0.35,0.35,0.3,0.4,0.8999999999999999,0.10000000000000003,1.2089800532987947,0.17843153057479189,0.4,0.4,0.2900685519218653,0.4860659218395963,-0.07518476346352354,0.0,0.6,0.6,0.4,0.6,1.3381319261359252,BALANCED | STABLE | WICK_BALANCED | DIRECTION_BALANCED | HIGH_ALT | MID_BODY | RANGE_STABLE | CLOSE_MID,FP-BB9EDAC4C6
1d,16,1321,1340,0.25983361705314156,-0.19999999999999996,0.42105263157894735,0.4322063413336622,-0.1304225644076617,0.25,0.25,0.3,0.3,1.0,0.0,1.112734046953852,0.22798531263335642,0.35,0.35,0.2707141753676674,0.4471514590887303,0.04791670092336564,0.39999999999999997,0.4,0.6,0.4,0.6,1.0637758586252193,BALANCED | EXPANDING | WICK_BALANCED | BULL_SHIFT | MID_ALT | MID_BODY | RANGE_STABLE | CLOSE_MID,FP-2CADB649DF
1d,17,1446,1465,0.2593606741549332,-0.19999999999999996,0.42105263157894735,0.4055917109498143,-0.1588569845098371,0.4,0.3,0.35,0.35,1.0,0.0,0.9025325163256136,-0.243988455193218,0.5,0.2,-0.33777307897249975,0.500175960036229,-0.0924970670517673,-0.2,0.8,0.4,0.4,0.6,0.7447685387515038,BALANCED | COMPRESSING | WICK_BALANCED | BEAR_SHIFT | MID_ALT | MID_BODY | RANGE_STABLE | CLOSE_MID,FP-1E02861990
1d,18,23,42,0.2587049972105805,-0.39999999999999997,0.5263157894736842,0.43197905514295176,-0.016242131318951802,0.25,0.25,0.1,0.45,0.65,0.35,0.9963344786775981,0.19271934764814613,0.4,0.35,0.5138253952473374,0.45098350038581314,-0.01917004756620322,0.2,0.6,0.6,0.3,0.7,0.982598145571683,BEAR_BIASED | STABLE | LOWER_WICK | BULL_SHIFT | MID_ALT | MID_BODY | COMP_TO_EXPAND | CLOSE_MID,FP-28AF11ADD3
1d,19,281,300,0.25775985473890634,0.0,0.631578947368421,0.36284298283939415,-0.0347053889598839,0.4,0.25,0.4,0.45,0.95,0.04999999999999999,1.1918192897476665,-0.40591178572797904,0.4,0.45,-0.6117253293308647,0.5263797380194609,-0.048269829097035144,0.0,0.6,0.4,0.5,0.5,0.7826469976939201,BALANCED | COMPRESSING | WICK_BALANCED | DIRECTION_BALANCED | HIGH_ALT | MID_BODY | EXP_TO_COMPRESS | CLOSE_MID,FP-339A31586B
1d,20,979,998,0.2577281015079168,0.0,0.5263157894736842,0.43164974154360375,-0.29610651911050456,0.25,0.3,0.2,0.45,0.75,0.25,0.8795871115041661,0.04156939531856696,0.65,0.15,0.17024360127197757,0.5501989756305712,-0.2328977913977448,-0.19999999999999996,0.4,0.2,0.5,0.5,0.9071569568492056,BALANCED | STABLE | LOWER_WICK | DIRECTION_BALANCED | MID_ALT | MID_BODY | RANGE_STABLE | CLOSE_MID,FP-7DD8882A06
1d,21,68,87,0.2574517554701999,-0.19999999999999996,0.5263157894736842,0.4261850567809339,0.10901992537555172,0.3,0.4,0.2,0.45,0.75,0.25,1.18521799797793,-0.2727486946563582,0.2,0.4,-0.3983541688498975,0.5330298723340513,0.01394532218228639,0.2,0.4,0.6,0.4,0.6,1.2479727021185418,BALANCED | COMPRESSING | LOWER_WICK | BULL_SHIFT | MID_ALT | MID_BODY | EXP_TO_COMPRESS | CLOSE_MID,FP-73C56AB860
1d,22,2782,2801,0.2568240925431699,-0.10000000000000003,0.5789473684210527,0.3797860072649212,-0.007178510019255124,0.35,0.25,0.3,0.4,0.8999999999999999,0.10000000000000003,0.9374931627620645,0.5216057819082206,0.55,0.25,0.8551912006628484,0.5222405538682319,-0.052004146555631514,-0.09999999999999998,0.6,0.8,0.45,0.55,0.49866257069696945,BALANCED | EXPANDING | WICK_BALANCED | DIRECTION_BALANCED | HIGH_ALT | MID_BODY | COMP_TO_EXPAND | CLOSE_MID,FP-D8CEDCC3C0
1d,23,1055,1074,0.25656555663145875,-0.10000000000000003,0.47368421052631576,0.4737345065192645,-0.03279209060908561,0.1,0.3,0.2,0.45,0.75,0.25,0.8002498244602615,-0.17919235354999596,0.65,0.15,-0.26272635289304125,0.5862807763333688,0.04191696329938699,0.09999999999999998,0.2,0.6,0.45,0.55,0.6904266259839934,BALANCED | STABLE | LOWER_WICK | DIRECTION_BALANCED | MID_ALT | MID_BODY | RANGE_STABLE | CLOSE_MID,FP-9D66419C09
1d,24,1571,1590,0.2555745519677011,0.0,0.5263157894736842,0.46946852327645383,-0.12690540698152653,0.2,0.35,0.4,0.2,0.8,-0.2,1.5914406618098111,-0.37348905073721905,0.2,0.55,0.3023161975430917,0.44982041574053555,-0.2501841821971822,-0.19999999999999996,0.4,0.4,0.5,0.5,2.4550339006226762,BALANCED | COMPRESSING | UPPER_WICK | DIRECTION_BALANCED | MID_ALT | MID_BODY | RANGE_STABLE | CLOSE_MID,FP-E198CE3D4F
1d,25,1873,1892,0.254708755165269,-0.30000000000000004,0.5789473684210527,0.4052947288854871,-0.0016525232705874582,0.3,0.25,0.25,0.55,0.7,0.30000000000000004,1.4888648823305464,-0.6196968973546739,0.25,0.55,-1.1121832029620637,0.5252514264175924,0.06270585563424558,0.10000000000000003,0.4,0.6,0.35,0.65,1.1326115626496833,BALANCED | COMPRESSING | LOWER_WICK | DIRECTION_BALANCED | HIGH_ALT | MID_BODY | EXP_TO_COMPRESS | CLOSE_MID,FP-05F6E333A3
