rank,reference_timestamp,screen_rank,combined_similarity,cross_tf_candle_similarity,cross_tf_story_similarity,alignment_status,max_alignment_gap_ms,reference_timeframe,1m_story,3m_story,5m_story,15m_story,30m_story,1h_story,4h_story,1d_story
1,1789603200000,1,0.533109096909246,0.4398757057330972,0.6729591836734693,EXACTLY_SYNCHRONIZED_CORE_WITH_DAILY_CONTEXT,0,1h,INITIAL_BALANCED_BEHAVIOUR -> RANGE_COMPRESSION -> BODY_COMPRESSION -> REJECTION_CLUSTER -> EXPANSION_AFTER_TEST,INITIAL_BULLISH_BIAS -> DIRECTION_CHANGE_IN_CHARACTER -> BODY_COMPRESSION -> REPEATED_TEST_CLUSTER -> EXPANSION_AFTER_TEST,INITIAL_BALANCED_BEHAVIOUR -> RANGE_EXPANSION -> BODY_EXPANSION -> HOLD_CLUSTER -> EXPANSION_AFTER_TEST,INITIAL_BALANCED_BEHAVIOUR -> RANGE_COMPRESSION -> REJECTION_CLUSTER,INITIAL_BALANCED_BEHAVIOUR -> RANGE_COMPRESSION -> HOLD_CLUSTER -> REPEATED_TEST_CLUSTER -> EXPANSION_AFTER_TEST -> REPEATED_TEST_CLUSTER -> EXPANSION_AFTER_TEST,INITIAL_BALANCED_BEHAVIOUR -> RANGE_EXPANSION -> LEVEL_INTERACTION_CLUSTER -> REJECTION_CLUSTER -> EXPANSION_AFTER_TEST -> REJECTION_CLUSTER -> EXPANSION_AFTER_TEST -> REJECTION_CLUSTER,INITIAL_BALANCED_BEHAVIOUR -> REJECTION_CLUSTER -> EXPANSION_AFTER_TEST -> LEVEL_INTERACTION_CLUSTER -> EXPANSION_AFTER_TEST,INITIAL_BALANCED_BEHAVIOUR -> REPEATED_TEST_CLUSTER -> REJECTION_CLUSTER -> REPEATED_TEST_CLUSTER -> EXPANSION_AFTER_TEST -> REJECTION_CLUSTER
2,1789588800000,4,0.474716342721604,0.3427571560992582,0.6726551226551226,EXACTLY_SYNCHRONIZED_CORE_WITH_DAILY_CONTEXT,0,1h,INITIAL_BALANCED_BEHAVIOUR -> RANGE_COMPRESSION -> BODY_COMPRESSION -> REPEATED_TEST_CLUSTER -> EXPANSION_AFTER_TEST,INITIAL_BALANCED_BEHAVIOUR -> RANGE_COMPRESSION -> DIRECTIONAL_SHIFT -> BODY_COMPRESSION -> LEVEL_INTERACTION_CLUSTER -> REJECTION_CLUSTER,INITIAL_BALANCED_BEHAVIOUR -> RANGE_COMPRESSION -> BODY_COMPRESSION -> REJECTION_CLUSTER -> EXPANSION_AFTER_TEST -> HOLD_CLUSTER -> EXPANSION_AFTER_TEST -> REPEATED_TEST_CLUSTER,INITIAL_BALANCED_BEHAVIOUR -> RANGE_EXPANSION -> BODY_EXPANSION -> COUNTERMOVE_AND_RENEWAL -> HOLD_CLUSTER -> EXPANSION_AFTER_TEST -> HOLD_CLUSTER -> REJECTION_CLUSTER -> PULLBACK_CLUSTER -> EXPANSION_AFTER_TEST -> HOLD_CLUSTER,INITIAL_BALANCED_BEHAVIOUR -> RANGE_EXPANSION -> BODY_EXPANSION -> REJECTION_CLUSTER -> EXPANSION_AFTER_TEST -> HOLD_CLUSTER -> EXPANSION_AFTER_TEST -> REJECTION_CLUSTER -> EXPANSION_AFTER_TEST -> PULLBACK_CLUSTER,INITIAL_BALANCED_BEHAVIOUR -> RANGE_EXPANSION -> BODY_EXPANSION -> REJECTION_CLUSTER -> EXPANSION_AFTER_TEST -> REPEATED_TEST_CLUSTER -> REJECTION_CLUSTER -> EXPANSION_AFTER_TEST -> HOLD_CLUSTER,INITIAL_BALANCED_BEHAVIOUR -> REJECTION_CLUSTER -> EXPANSION_AFTER_TEST -> LEVEL_INTERACTION_CLUSTER -> EXPANSION_AFTER_TEST,INITIAL_BALANCED_BEHAVIOUR -> REPEATED_TEST_CLUSTER -> REJECTION_CLUSTER -> REPEATED_TEST_CLUSTER -> EXPANSION_AFTER_TEST -> HOLD_CLUSTER
3,1788926400000,5,0.45180244502057887,0.34123158826181127,0.6176587301587302,EXACTLY_SYNCHRONIZED_CORE_WITH_DAILY_CONTEXT,0,1h,INITIAL_BALANCED_BEHAVIOUR -> RANGE_EXPANSION -> BODY_EXPANSION,INITIAL_BEARISH_BIAS -> DIRECTIONAL_SHIFT -> BODY_COMPRESSION -> REPEATED_TEST_CLUSTER -> EXPANSION_AFTER_TEST,INITIAL_BEARISH_BIAS -> DIRECTIONAL_SHIFT -> BODY_COMPRESSION -> REJECTION_CLUSTER -> EXPANSION_AFTER_TEST,INITIAL_BALANCED_BEHAVIOUR -> DIRECTIONAL_SHIFT -> REJECTION_CLUSTER -> HOLD_CLUSTER -> EXPANSION_AFTER_TEST -> REJECTION_CLUSTER -> EXPANSION_AFTER_TEST -> REJECTION_CLUSTER -> EXPANSION_AFTER_TEST,INITIAL_BALANCED_BEHAVIOUR -> RANGE_COMPRESSION -> REJECTION_CLUSTER,INITIAL_BEARISH_BIAS -> RANGE_COMPRESSION -> BODY_COMPRESSION -> REPEATED_TEST_CLUSTER -> EXPANSION_AFTER_TEST,INITIAL_BALANCED_BEHAVIOUR -> HOLD_CLUSTER -> REJECTION_CLUSTER -> EXPANSION_AFTER_TEST -> REJECTION_CLUSTER,INITIAL_BULLISH_BIAS -> RANGE_COMPRESSION -> DIRECTIONAL_SHIFT -> BODY_COMPRESSION -> REJECTION_CLUSTER -> HOLD_CLUSTER
4,1789416000000,6,0.44841821581677505,0.3385957414028639,0.6131519274376417,EXACTLY_SYNCHRONIZED_CORE_WITH_DAILY_CONTEXT,0,1h,INITIAL_BULLISH_BIAS -> RANGE_COMPRESSION -> DIRECTIONAL_SHIFT -> BODY_COMPRESSION -> REJECTION_CLUSTER -> EXPANSION_AFTER_TEST -> REJECTION_CLUSTER,INITIAL_BALANCED_BEHAVIOUR -> DIRECTIONAL_SHIFT -> BODY_EXPANSION -> REPEATED_TEST_CLUSTER -> EXPANSION_AFTER_TEST,INITIAL_BALANCED_BEHAVIOUR -> DIRECTIONAL_SHIFT -> BODY_EXPANSION -> REPEATED_TEST_CLUSTER -> EXPANSION_AFTER_TEST,INITIAL_BALANCED_BEHAVIOUR -> RANGE_COMPRESSION -> DIRECTIONAL_SHIFT -> BODY_COMPRESSION -> REJECTION_CLUSTER -> REPEATED_TEST_CLUSTER -> EXPANSION_AFTER_TEST,INITIAL_BEARISH_BIAS -> DIRECTIONAL_SHIFT -> HOLD_CLUSTER -> PULLBACK_CLUSTER -> EXPANSION_AFTER_TEST -> HOLD_CLUSTER -> LEVEL_INTERACTION_CLUSTER,INITIAL_BULLISH_BIAS -> DIRECTION_CHANGE_IN_CHARACTER -> COUNTERMOVE_AND_RENEWAL -> HOLD_CLUSTER -> EXPANSION_AFTER_TEST -> REJECTION_CLUSTER -> EXPANSION_AFTER_TEST -> REJECTION_CLUSTER -> EXPANSION_AFTER_TEST -> REJECTION_CLUSTER,INITIAL_BALANCED_BEHAVIOUR -> REPEATED_TEST_CLUSTER -> EXPANSION_AFTER_TEST -> REJECTION_CLUSTER -> PULLBACK_CLUSTER -> EXPANSION_AFTER_TEST -> PULLBACK_CLUSTER,INITIAL_BALANCED_BEHAVIOUR -> BODY_COMPRESSION -> HOLD_CLUSTER -> REPEATED_TEST_CLUSTER -> EXPANSION_AFTER_TEST -> REJECTION_CLUSTER -> PULLBACK_CLUSTER
5,1789041600000,21,0.4313049319880754,0.3053683862688633,0.6202097505668934,EXACTLY_SYNCHRONIZED_CORE_WITH_DAILY_CONTEXT,0,1h,INITIAL_BALANCED_BEHAVIOUR -> RANGE_EXPANSION -> BODY_EXPANSION -> REPEATED_TEST_CLUSTER -> EXPANSION_AFTER_TEST,INITIAL_BALANCED_BEHAVIOUR -> BODY_EXPANSION -> REPEATED_TEST_CLUSTER -> EXPANSION_AFTER_TEST -> PULLBACK_CLUSTER -> EXPANSION_AFTER_TEST,INITIAL_BALANCED_BEHAVIOUR -> BODY_COMPRESSION -> HOLD_CLUSTER -> EXPANSION_AFTER_TEST -> REPEATED_TEST_CLUSTER -> EXPANSION_AFTER_TEST -> HOLD_CLUSTER,INITIAL_BALANCED_BEHAVIOUR -> COUNTERMOVE_AND_RENEWAL -> HOLD_CLUSTER -> REJECTION_CLUSTER -> EXPANSION_AFTER_TEST -> REPEATED_TEST_CLUSTER -> REJECTION_CLUSTER,INITIAL_BULLISH_BIAS -> DIRECTIONAL_SHIFT -> BODY_EXPANSION -> LEVEL_INTERACTION_CLUSTER -> HOLD_CLUSTER -> REJECTION_CLUSTER -> REPEATED_TEST_CLUSTER -> EXPANSION_AFTER_TEST -> REJECTION_CLUSTER,INITIAL_BEARISH_BIAS -> RANGE_COMPRESSION -> BODY_COMPRESSION -> REPEATED_TEST_CLUSTER -> EXPANSION_AFTER_TEST -> HOLD_CLUSTER,INITIAL_BEARISH_BIAS -> DIRECTION_CHANGE_IN_CHARACTER -> REJECTION_CLUSTER -> EXPANSION_AFTER_TEST -> HOLD_CLUSTER -> EXPANSION_AFTER_TEST -> REJECTION_CLUSTER -> EXPANSION_AFTER_TEST -> REJECTION_CLUSTER,INITIAL_BALANCED_BEHAVIOUR -> RANGE_COMPRESSION -> DIRECTIONAL_SHIFT -> BODY_COMPRESSION -> HOLD_CLUSTER
6,1788552000000,41,0.42546423671389055,0.2906263355662348,0.6277210884353741,EXACTLY_SYNCHRONIZED_CORE_WITH_DAILY_CONTEXT,0,1h,INITIAL_BALANCED_BEHAVIOUR -> RANGE_EXPANSION -> BODY_EXPANSION -> REPEATED_TEST_CLUSTER -> EXPANSION_AFTER_TEST,INITIAL_BULLISH_BIAS -> DIRECTION_CHANGE_IN_CHARACTER -> REJECTION_CLUSTER -> EXPANSION_AFTER_TEST,INITIAL_BALANCED_BEHAVIOUR -> RANGE_EXPANSION -> REPEATED_TEST_CLUSTER -> EXPANSION_AFTER_TEST -> HOLD_CLUSTER,INITIAL_BALANCED_BEHAVIOUR -> RANGE_COMPRESSION -> BODY_COMPRESSION -> COUNTERMOVE_AND_RENEWAL -> REPEATED_TEST_CLUSTER -> HOLD_CLUSTER -> REJECTION_CLUSTER,INITIAL_BALANCED_BEHAVIOUR -> RANGE_COMPRESSION -> DIRECTIONAL_SHIFT -> BODY_COMPRESSION -> REJECTION_CLUSTER -> EXPANSION_AFTER_TEST -> PULLBACK_CLUSTER,INITIAL_BALANCED_BEHAVIOUR -> RANGE_EXPANSION -> DIRECTIONAL_SHIFT -> BODY_EXPANSION -> HOLD_CLUSTER -> EXPANSION_AFTER_TEST,INITIAL_BALANCED_BEHAVIOUR -> BODY_EXPANSION -> REJECTION_CLUSTER -> EXPANSION_AFTER_TEST -> LEVEL_INTERACTION_CLUSTER -> REJECTION_CLUSTER,INITIAL_BULLISH_BIAS -> RANGE_COMPRESSION -> DIRECTION_CHANGE_IN_CHARACTER -> BODY_COMPRESSION -> REPEATED_TEST_CLUSTER -> LEVEL_INTERACTION_CLUSTER -> EXPANSION_AFTER_TEST -> HOLD_CLUSTER -> REJECTION_CLUSTER -> EXPANSION_AFTER_TEST -> PULLBACK_CLUSTER -> REJECTION_CLUSTER -> EXPANSION_AFTER_TEST
7,1789387200000,15,0.4222302044727978,0.30921587366781494,0.591751700680272,EXACTLY_SYNCHRONIZED_CORE_WITH_DAILY_CONTEXT,0,1h,INITIAL_BALANCED_BEHAVIOUR -> RANGE_EXPANSION -> BODY_EXPANSION,INITIAL_BALANCED_BEHAVIOUR -> DIRECTIONAL_SHIFT -> REJECTION_CLUSTER -> EXPANSION_AFTER_TEST -> REJECTION_CLUSTER,INITIAL_BEARISH_BIAS -> DIRECTIONAL_SHIFT -> BODY_EXPANSION -> REPEATED_TEST_CLUSTER -> EXPANSION_AFTER_TEST,INITIAL_BALANCED_BEHAVIOUR -> DIRECTION_CHANGE_IN_CHARACTER -> HOLD_CLUSTER -> EXPANSION_AFTER_TEST,INITIAL_BALANCED_BEHAVIOUR -> HOLD_CLUSTER -> REJECTION_CLUSTER -> EXPANSION_AFTER_TEST -> HOLD_CLUSTER -> REJECTION_CLUSTER -> EXPANSION_AFTER_TEST -> HOLD_CLUSTER,INITIAL_BULLISH_BIAS -> BODY_COMPRESSION -> LEVEL_INTERACTION_CLUSTER -> REPEATED_TEST_CLUSTER -> EXPANSION_AFTER_TEST,INITIAL_BALANCED_BEHAVIOUR -> RANGE_COMPRESSION -> BODY_COMPRESSION -> REPEATED_TEST_CLUSTER -> EXPANSION_AFTER_TEST,INITIAL_BALANCED_BEHAVIOUR -> BODY_COMPRESSION -> HOLD_CLUSTER -> REPEATED_TEST_CLUSTER -> EXPANSION_AFTER_TEST -> REJECTION_CLUSTER -> PULLBACK_CLUSTER
8,1788782400000,8,0.4217544145462083,0.3246360423842702,0.5674319727891156,EXACTLY_SYNCHRONIZED_CORE_WITH_DAILY_CONTEXT,0,1h,INITIAL_BALANCED_BEHAVIOUR -> RANGE_EXPANSION -> DIRECTIONAL_SHIFT -> BODY_EXPANSION -> HOLD_CLUSTER -> EXPANSION_AFTER_TEST -> HOLD_CLUSTER,INITIAL_BULLISH_BIAS -> DIRECTION_CHANGE_IN_CHARACTER -> REPEATED_TEST_CLUSTER -> EXPANSION_AFTER_TEST,INITIAL_BALANCED_BEHAVIOUR -> REJECTION_CLUSTER -> EXPANSION_AFTER_TEST,INITIAL_BALANCED_BEHAVIOUR -> RANGE_COMPRESSION -> REPEATED_TEST_CLUSTER -> EXPANSION_AFTER_TEST,INITIAL_BALANCED_BEHAVIOUR -> RANGE_COMPRESSION -> DIRECTIONAL_SHIFT -> BODY_COMPRESSION -> HOLD_CLUSTER,INITIAL_BULLISH_BIAS -> REPEATED_TEST_CLUSTER -> EXPANSION_AFTER_TEST -> REJECTION_CLUSTER,INITIAL_BALANCED_BEHAVIOUR -> COUNTERMOVE_AND_RENEWAL -> LEVEL_INTERACTION_CLUSTER -> EXPANSION_AFTER_TEST -> LEVEL_INTERACTION_CLUSTER -> EXPANSION_AFTER_TEST -> REJECTION_CLUSTER,INITIAL_BULLISH_BIAS -> RANGE_COMPRESSION -> DIRECTION_CHANGE_IN_CHARACTER -> BODY_COMPRESSION -> REJECTION_CLUSTER -> EXPANSION_AFTER_TEST -> REJECTION_CLUSTER -> HOLD_CLUSTER -> EXPANSION_AFTER_TEST -> HOLD_CLUSTER
9,1789531200000,7,0.42155952185307444,0.332228832718087,0.5555555555555556,EXACTLY_SYNCHRONIZED_CORE_WITH_DAILY_CONTEXT,0,1h,INITIAL_BALANCED_BEHAVIOUR -> RANGE_COMPRESSION -> BODY_COMPRESSION -> HOLD_CLUSTER -> REPEATED_TEST_CLUSTER,INITIAL_BALANCED_BEHAVIOUR -> RANGE_COMPRESSION -> BODY_COMPRESSION -> LEVEL_INTERACTION_CLUSTER -> REJECTION_CLUSTER,INITIAL_BALANCED_BEHAVIOUR -> HOLD_CLUSTER -> REJECTION_CLUSTER,INITIAL_BALANCED_BEHAVIOUR -> HOLD_CLUSTER -> PULLBACK_CLUSTER -> REJECTION_CLUSTER,INITIAL_BALANCED_BEHAVIOUR -> RANGE_COMPRESSION -> BODY_COMPRESSION -> HOLD_CLUSTER -> EXPANSION_AFTER_TEST,INITIAL_BALANCED_BEHAVIOUR -> PULLBACK_CLUSTER -> HOLD_CLUSTER -> REJECTION_CLUSTER -> HOLD_CLUSTER -> EXPANSION_AFTER_TEST,INITIAL_BALANCED_BEHAVIOUR -> RANGE_EXPANSION -> DIRECTION_CHANGE_IN_CHARACTER -> REJECTION_CLUSTER -> EXPANSION_AFTER_TEST -> REPEATED_TEST_CLUSTER -> EXPANSION_AFTER_TEST -> REJECTION_CLUSTER -> EXPANSION_AFTER_TEST,INITIAL_BALANCED_BEHAVIOUR -> REPEATED_TEST_CLUSTER -> REJECTION_CLUSTER -> REPEATED_TEST_CLUSTER -> EXPANSION_AFTER_TEST -> HOLD_CLUSTER
10,1788336000000,25,0.41991510151523664,0.3000474670000731,0.5997165532879819,EXACTLY_SYNCHRONIZED_CORE_WITH_DAILY_CONTEXT,0,1h,INITIAL_BALANCED_BEHAVIOUR -> BODY_EXPANSION -> REPEATED_TEST_CLUSTER -> EXPANSION_AFTER_TEST,INITIAL_BALANCED_BEHAVIOUR -> REPEATED_TEST_CLUSTER -> EXPANSION_AFTER_TEST,INITIAL_BALANCED_BEHAVIOUR -> DIRECTIONAL_SHIFT -> REPEATED_TEST_CLUSTER -> EXPANSION_AFTER_TEST -> HOLD_CLUSTER,INITIAL_BALANCED_BEHAVIOUR -> DIRECTIONAL_SHIFT -> BODY_COMPRESSION -> REJECTION_CLUSTER -> EXPANSION_AFTER_TEST -> HOLD_CLUSTER -> EXPANSION_AFTER_TEST -> HOLD_CLUSTER -> REJECTION_CLUSTER -> EXPANSION_AFTER_TEST -> REJECTION_CLUSTER -> HOLD_CLUSTER,INITIAL_BALANCED_BEHAVIOUR -> BODY_COMPRESSION -> PULLBACK_CLUSTER -> REJECTION_CLUSTER -> PULLBACK_CLUSTER -> EXPANSION_AFTER_TEST -> REPEATED_TEST_CLUSTER,INITIAL_BEARISH_BIAS -> RANGE_COMPRESSION -> DIRECTION_CHANGE_IN_CHARACTER -> BODY_COMPRESSION -> REJECTION_CLUSTER -> EXPANSION_AFTER_TEST -> REJECTION_CLUSTER,INITIAL_BULLISH_BIAS -> DIRECTIONAL_SHIFT -> BODY_COMPRESSION -> LEVEL_INTERACTION_CLUSTER -> REPEATED_TEST_CLUSTER -> REJECTION_CLUSTER -> EXPANSION_AFTER_TEST -> REJECTION_CLUSTER -> LEVEL_INTERACTION_CLUSTER -> REJECTION_CLUSTER,INITIAL_BULLISH_BIAS -> BODY_COMPRESSION -> LEVEL_INTERACTION_CLUSTER -> REPEATED_TEST_CLUSTER -> HOLD_CLUSTER -> REJECTION_CLUSTER -> EXPANSION_AFTER_TEST -> PULLBACK_CLUSTER
11,1788955200000,2,0.418276303068938,0.3539865822124023,0.5147108843537415,EXACTLY_SYNCHRONIZED_CORE_WITH_DAILY_CONTEXT,0,1h,INITIAL_BALANCED_BEHAVIOUR -> RANGE_EXPANSION -> BODY_EXPANSION,INITIAL_BULLISH_BIAS -> DIRECTION_CHANGE_IN_CHARACTER,INITIAL_BALANCED_BEHAVIOUR -> DIRECTIONAL_SHIFT -> REPEATED_TEST_CLUSTER -> EXPANSION_AFTER_TEST -> REPEATED_TEST_CLUSTER -> EXPANSION_AFTER_TEST,INITIAL_BALANCED_BEHAVIOUR,INITIAL_BALANCED_BEHAVIOUR -> RANGE_EXPANSION -> BODY_EXPANSION -> HOLD_CLUSTER -> REPEATED_TEST_CLUSTER -> EXPANSION_AFTER_TEST -> HOLD_CLUSTER,INITIAL_BALANCED_BEHAVIOUR -> RANGE_EXPANSION -> BODY_EXPANSION -> REJECTION_CLUSTER -> EXPANSION_AFTER_TEST -> HOLD_CLUSTER -> EXPANSION_AFTER_TEST -> HOLD_CLUSTER,INITIAL_BALANCED_BEHAVIOUR -> BODY_COMPRESSION -> REJECTION_CLUSTER -> EXPANSION_AFTER_TEST,INITIAL_BULLISH_BIAS -> RANGE_COMPRESSION -> DIRECTIONAL_SHIFT -> BODY_COMPRESSION -> REJECTION_CLUSTER -> HOLD_CLUSTER
12,1788393600000,50,0.41687890017104634,0.281362792802084,0.6201530612244898,EXACTLY_SYNCHRONIZED_CORE_WITH_DAILY_CONTEXT,0,1h,INITIAL_BULLISH_BIAS -> RANGE_EXPANSION -> BODY_EXPANSION,INITIAL_BULLISH_BIAS -> BODY_COMPRESSION -> REJECTION_CLUSTER -> EXPANSION_AFTER_TEST,INITIAL_BALANCED_BEHAVIOUR -> DIRECTIONAL_SHIFT -> BODY_COMPRESSION -> REJECTION_CLUSTER -> EXPANSION_AFTER_TEST,INITIAL_BALANCED_BEHAVIOUR -> BODY_EXPANSION -> REPEATED_TEST_CLUSTER -> EXPANSION_AFTER_TEST,INITIAL_BALANCED_BEHAVIOUR -> RANGE_COMPRESSION -> BODY_COMPRESSION -> REPEATED_TEST_CLUSTER -> EXPANSION_AFTER_TEST,INITIAL_BALANCED_BEHAVIOUR -> RANGE_COMPRESSION -> BODY_COMPRESSION -> REJECTION_CLUSTER -> REPEATED_TEST_CLUSTER -> EXPANSION_AFTER_TEST,INITIAL_BULLISH_BIAS -> DIRECTIONAL_SHIFT -> BODY_COMPRESSION -> REJECTION_CLUSTER -> EXPANSION_AFTER_TEST -> REJECTION_CLUSTER -> LEVEL_INTERACTION_CLUSTER -> REJECTION_CLUSTER -> EXPANSION_AFTER_TEST -> REJECTION_CLUSTER,INITIAL_BULLISH_BIAS -> RANGE_COMPRESSION -> DIRECTION_CHANGE_IN_CHARACTER -> BODY_COMPRESSION -> REPEATED_TEST_CLUSTER -> LEVEL_INTERACTION_CLUSTER -> EXPANSION_AFTER_TEST -> HOLD_CLUSTER -> REJECTION_CLUSTER -> EXPANSION_AFTER_TEST -> PULLBACK_CLUSTER -> REPEATED_TEST_CLUSTER
13,1787817600000,85,0.4152543599797971,0.25751010110011535,0.6518707482993198,EXACTLY_SYNCHRONIZED_CORE_WITH_DAILY_CONTEXT,0,1h,INITIAL_BALANCED_BEHAVIOUR -> RANGE_EXPANSION -> BODY_EXPANSION -> REJECTION_CLUSTER,INITIAL_BALANCED_BEHAVIOUR -> RANGE_EXPANSION -> BODY_EXPANSION -> REPEATED_TEST_CLUSTER -> EXPANSION_AFTER_TEST,INITIAL_BALANCED_BEHAVIOUR -> RANGE_EXPANSION -> BODY_EXPANSION -> REPEATED_TEST_CLUSTER -> EXPANSION_AFTER_TEST,INITIAL_BEARISH_BIAS -> DIRECTIONAL_SHIFT -> BODY_EXPANSION -> HOLD_CLUSTER -> REJECTION_CLUSTER -> EXPANSION_AFTER_TEST -> HOLD_CLUSTER,INITIAL_BALANCED_BEHAVIOUR -> RANGE_COMPRESSION -> BODY_COMPRESSION -> REJECTION_CLUSTER -> HOLD_CLUSTER,INITIAL_BALANCED_BEHAVIOUR -> RANGE_COMPRESSION -> DIRECTIONAL_SHIFT -> BODY_COMPRESSION -> REPEATED_TEST_CLUSTER -> EXPANSION_AFTER_TEST,INITIAL_BALANCED_BEHAVIOUR -> RANGE_COMPRESSION -> HOLD_CLUSTER -> EXPANSION_AFTER_TEST -> REPEATED_TEST_CLUSTER -> HOLD_CLUSTER -> EXPANSION_AFTER_TEST -> REJECTION_CLUSTER -> EXPANSION_AFTER_TEST,INITIAL_BALANCED_BEHAVIOUR -> RANGE_EXPANSION -> DIRECTION_CHANGE_IN_CHARACTER -> BODY_EXPANSION -> REJECTION_CLUSTER -> EXPANSION_AFTER_TEST
14,1787846400000,22,0.41508516037719906,0.30535735346313214,0.5796768707482994,EXACTLY_SYNCHRONIZED_CORE_WITH_DAILY_CONTEXT,0,1h,INITIAL_BALANCED_BEHAVIOUR -> RANGE_COMPRESSION -> BODY_COMPRESSION -> REJECTION_CLUSTER -> EXPANSION_AFTER_TEST,INITIAL_BULLISH_BIAS -> DIRECTIONAL_SHIFT -> REJECTION_CLUSTER -> EXPANSION_AFTER_TEST -> HOLD_CLUSTER -> REJECTION_CLUSTER,INITIAL_BULLISH_BIAS -> DIRECTIONAL_SHIFT -> HOLD_CLUSTER -> REJECTION_CLUSTER -> HOLD_CLUSTER -> EXPANSION_AFTER_TEST -> HOLD_CLUSTER -> REJECTION_CLUSTER,INITIAL_BALANCED_BEHAVIOUR -> RANGE_EXPANSION -> BODY_EXPANSION -> HOLD_CLUSTER -> LEVEL_INTERACTION_CLUSTER -> PULLBACK_CLUSTER,INITIAL_BALANCED_BEHAVIOUR -> RANGE_COMPRESSION -> DIRECTIONAL_SHIFT -> BODY_COMPRESSION -> REJECTION_CLUSTER -> EXPANSION_AFTER_TEST -> LEVEL_INTERACTION_CLUSTER -> HOLD_CLUSTER -> REJECTION_CLUSTER,INITIAL_BALANCED_BEHAVIOUR -> RANGE_EXPANSION -> BODY_EXPANSION -> COUNTERMOVE_AND_RENEWAL -> HOLD_CLUSTER -> EXPANSION_AFTER_TEST -> REJECTION_CLUSTER -> EXPANSION_AFTER_TEST -> HOLD_CLUSTER,INITIAL_BALANCED_BEHAVIOUR -> DIRECTIONAL_SHIFT -> REJECTION_CLUSTER -> EXPANSION_AFTER_TEST -> HOLD_CLUSTER,INITIAL_BALANCED_BEHAVIOUR -> RANGE_EXPANSION -> DIRECTION_CHANGE_IN_CHARACTER -> BODY_EXPANSION -> REJECTION_CLUSTER -> EXPANSION_AFTER_TEST
15,1788681600000,18,0.4129751547958992,0.30733954370745104,0.5714285714285714,EXACTLY_SYNCHRONIZED_CORE_WITH_DAILY_CONTEXT,0,1h,INITIAL_BULLISH_BIAS -> BODY_EXPANSION -> COUNTERMOVE_AND_RENEWAL -> HOLD_CLUSTER -> PULLBACK_CLUSTER,INITIAL_BALANCED_BEHAVIOUR -> RANGE_COMPRESSION -> BODY_COMPRESSION -> REPEATED_TEST_CLUSTER -> EXPANSION_AFTER_TEST,INITIAL_BALANCED_BEHAVIOUR -> RANGE_EXPANSION -> BODY_EXPANSION -> LEVEL_INTERACTION_CLUSTER,INITIAL_BALANCED_BEHAVIOUR -> RANGE_EXPANSION -> BODY_EXPANSION -> LEVEL_INTERACTION_CLUSTER -> HOLD_CLUSTER -> REPEATED_TEST_CLUSTER -> EXPANSION_AFTER_TEST -> PULLBACK_CLUSTER,INITIAL_BALANCED_BEHAVIOUR -> RANGE_EXPANSION -> LEVEL_INTERACTION_CLUSTER -> EXPANSION_AFTER_TEST -> REJECTION_CLUSTER,INITIAL_BALANCED_BEHAVIOUR -> RANGE_EXPANSION -> DIRECTIONAL_SHIFT -> BODY_EXPANSION -> REJECTION_CLUSTER -> EXPANSION_AFTER_TEST -> REJECTION_CLUSTER,INITIAL_BALANCED_BEHAVIOUR -> RANGE_COMPRESSION -> BODY_COMPRESSION -> COUNTERMOVE_AND_RENEWAL -> REPEATED_TEST_CLUSTER -> EXPANSION_AFTER_TEST -> LEVEL_INTERACTION_CLUSTER -> EXPANSION_AFTER_TEST -> HOLD_CLUSTER,INITIAL_BULLISH_BIAS -> RANGE_COMPRESSION -> DIRECTION_CHANGE_IN_CHARACTER -> BODY_COMPRESSION -> REJECTION_CLUSTER -> EXPANSION_AFTER_TEST -> REJECTION_CLUSTER -> HOLD_CLUSTER -> EXPANSION_AFTER_TEST -> HOLD_CLUSTER
16,1789012800000,40,0.4116428398069004,0.2913246120742368,0.5921201814058957,EXACTLY_SYNCHRONIZED_CORE_WITH_DAILY_CONTEXT,0,1h,INITIAL_BULLISH_BIAS -> RANGE_EXPANSION -> DIRECTIONAL_SHIFT -> BODY_EXPANSION -> REPEATED_TEST_CLUSTER -> EXPANSION_AFTER_TEST -> PULLBACK_CLUSTER,INITIAL_BALANCED_BEHAVIOUR -> REPEATED_TEST_CLUSTER -> EXPANSION_AFTER_TEST,INITIAL_BULLISH_BIAS -> DIRECTION_CHANGE_IN_CHARACTER -> BODY_COMPRESSION -> REPEATED_TEST_CLUSTER -> EXPANSION_AFTER_TEST -> REJECTION_CLUSTER -> EXPANSION_AFTER_TEST -> REJECTION_CLUSTER,INITIAL_BULLISH_BIAS -> DIRECTION_CHANGE_IN_CHARACTER -> BODY_COMPRESSION -> REJECTION_CLUSTER -> HOLD_CLUSTER -> REJECTION_CLUSTER -> REPEATED_TEST_CLUSTER -> EXPANSION_AFTER_TEST -> REJECTION_CLUSTER,INITIAL_BEARISH_BIAS -> RANGE_COMPRESSION -> DIRECTION_CHANGE_IN_CHARACTER -> BODY_COMPRESSION -> REPEATED_TEST_CLUSTER -> EXPANSION_AFTER_TEST -> REJECTION_CLUSTER,INITIAL_BALANCED_BEHAVIOUR -> HOLD_CLUSTER -> EXPANSION_AFTER_TEST -> REPEATED_TEST_CLUSTER -> EXPANSION_AFTER_TEST -> REPEATED_TEST_CLUSTER -> REJECTION_CLUSTER,INITIAL_BEARISH_BIAS -> DIRECTIONAL_SHIFT -> HOLD_CLUSTER -> EXPANSION_AFTER_TEST -> REJECTION_CLUSTER -> EXPANSION_AFTER_TEST -> HOLD_CLUSTER,INITIAL_BALANCED_BEHAVIOUR -> RANGE_COMPRESSION -> DIRECTIONAL_SHIFT -> BODY_COMPRESSION -> HOLD_CLUSTER
17,1787990400000,82,0.4107013375658217,0.25927547190675493,0.6378401360544218,EXACTLY_SYNCHRONIZED_CORE_WITH_DAILY_CONTEXT,0,1h,INITIAL_BALANCED_BEHAVIOUR -> RANGE_COMPRESSION -> DIRECTIONAL_SHIFT -> BODY_COMPRESSION -> REPEATED_TEST_CLUSTER -> EXPANSION_AFTER_TEST,INITIAL_BALANCED_BEHAVIOUR -> BODY_COMPRESSION -> REJECTION_CLUSTER -> EXPANSION_AFTER_TEST -> PULLBACK_CLUSTER,INITIAL_BALANCED_BEHAVIOUR -> BODY_COMPRESSION -> REPEATED_TEST_CLUSTER -> EXPANSION_AFTER_TEST,INITIAL_BULLISH_BIAS -> RANGE_EXPANSION -> DIRECTION_CHANGE_IN_CHARACTER -> HOLD_CLUSTER -> EXPANSION_AFTER_TEST -> HOLD_CLUSTER,INITIAL_BALANCED_BEHAVIOUR -> RANGE_COMPRESSION -> BODY_COMPRESSION -> HOLD_CLUSTER -> EXPANSION_AFTER_TEST -> REJECTION_CLUSTER -> LEVEL_INTERACTION_CLUSTER,INITIAL_BALANCED_BEHAVIOUR -> RANGE_COMPRESSION -> BODY_COMPRESSION -> REPEATED_TEST_CLUSTER -> EXPANSION_AFTER_TEST,INITIAL_BULLISH_BIAS -> DIRECTION_CHANGE_IN_CHARACTER -> HOLD_CLUSTER -> EXPANSION_AFTER_TEST -> REJECTION_CLUSTER -> EXPANSION_AFTER_TEST -> REJECTION_CLUSTER,INITIAL_BALANCED_BEHAVIOUR -> RANGE_EXPANSION -> DIRECTION_CHANGE_IN_CHARACTER -> BODY_EXPANSION
18,1789070400000,3,0.4079732821353248,0.353935062062276,0.48903061224489797,EXACTLY_SYNCHRONIZED_CORE_WITH_DAILY_CONTEXT,0,1h,INITIAL_BALANCED_BEHAVIOUR -> PULLBACK_CLUSTER,INITIAL_BALANCED_BEHAVIOUR -> RANGE_EXPANSION -> BODY_EXPANSION -> REPEATED_TEST_CLUSTER -> EXPANSION_AFTER_TEST,INITIAL_BALANCED_BEHAVIOUR -> DIRECTIONAL_SHIFT -> REJECTION_CLUSTER -> EXPANSION_AFTER_TEST -> HOLD_CLUSTER -> EXPANSION_AFTER_TEST -> HOLD_CLUSTER,INITIAL_BULLISH_BIAS -> REJECTION_CLUSTER,INITIAL_BALANCED_BEHAVIOUR -> RANGE_COMPRESSION -> BODY_COMPRESSION -> HOLD_CLUSTER -> EXPANSION_AFTER_TEST -> HOLD_CLUSTER -> EXPANSION_AFTER_TEST -> HOLD_CLUSTER,INITIAL_BALANCED_BEHAVIOUR -> RANGE_EXPANSION -> BODY_EXPANSION -> COUNTERMOVE_AND_RENEWAL -> LEVEL_INTERACTION_CLUSTER -> EXPANSION_AFTER_TEST -> HOLD_CLUSTER -> REJECTION_CLUSTER,INITIAL_BALANCED_BEHAVIOUR -> COUNTERMOVE_AND_RENEWAL -> REJECTION_CLUSTER -> EXPANSION_AFTER_TEST -> HOLD_CLUSTER -> REJECTION_CLUSTER -> EXPANSION_AFTER_TEST -> HOLD_CLUSTER -> EXPANSION_AFTER_TEST -> HOLD_CLUSTER,INITIAL_BALANCED_BEHAVIOUR -> RANGE_COMPRESSION -> DIRECTIONAL_SHIFT -> BODY_COMPRESSION -> HOLD_CLUSTER
19,1789315200000,59,0.40785282742047413,0.2772603813016971,0.6037414965986395,EXACTLY_SYNCHRONIZED_CORE_WITH_DAILY_CONTEXT,0,1h,INITIAL_BALANCED_BEHAVIOUR -> RANGE_EXPANSION -> REPEATED_TEST_CLUSTER -> EXPANSION_AFTER_TEST -> REPEATED_TEST_CLUSTER -> EXPANSION_AFTER_TEST,INITIAL_BALANCED_BEHAVIOUR -> RANGE_COMPRESSION -> BODY_COMPRESSION -> REPEATED_TEST_CLUSTER -> EXPANSION_AFTER_TEST,INITIAL_BALANCED_BEHAVIOUR -> BODY_EXPANSION -> HOLD_CLUSTER -> REJECTION_CLUSTER,INITIAL_BALANCED_BEHAVIOUR -> DIRECTION_CHANGE_IN_CHARACTER -> HOLD_CLUSTER -> LEVEL_INTERACTION_CLUSTER,INITIAL_BEARISH_BIAS -> DIRECTIONAL_SHIFT -> REJECTION_CLUSTER -> EXPANSION_AFTER_TEST -> HOLD_CLUSTER,INITIAL_BALANCED_BEHAVIOUR -> RANGE_EXPANSION -> BODY_EXPANSION -> PULLBACK_CLUSTER -> EXPANSION_AFTER_TEST,INITIAL_BALANCED_BEHAVIOUR -> RANGE_COMPRESSION -> BODY_COMPRESSION -> REJECTION_CLUSTER -> EXPANSION_AFTER_TEST -> REJECTION_CLUSTER -> EXPANSION_AFTER_TEST,INITIAL_BALANCED_BEHAVIOUR -> HOLD_CLUSTER -> REJECTION_CLUSTER
20,1787947200000,30,0.4075248079200793,0.29672502000285333,0.5737244897959183,EXACTLY_SYNCHRONIZED_CORE_WITH_DAILY_CONTEXT,0,1h,INITIAL_BEARISH_BIAS -> RANGE_EXPANSION -> BODY_EXPANSION -> REJECTION_CLUSTER,INITIAL_BULLISH_BIAS -> RANGE_COMPRESSION -> DIRECTION_CHANGE_IN_CHARACTER -> REJECTION_CLUSTER -> EXPANSION_AFTER_TEST,INITIAL_BALANCED_BEHAVIOUR -> RANGE_COMPRESSION -> DIRECTIONAL_SHIFT -> BODY_COMPRESSION -> LEVEL_INTERACTION_CLUSTER,INITIAL_BALANCED_BEHAVIOUR -> RANGE_COMPRESSION -> BODY_COMPRESSION -> COUNTERMOVE_AND_RENEWAL -> REPEATED_TEST_CLUSTER -> EXPANSION_AFTER_TEST,INITIAL_BEARISH_BIAS -> BODY_EXPANSION -> HOLD_CLUSTER -> EXPANSION_AFTER_TEST -> HOLD_CLUSTER -> EXPANSION_AFTER_TEST,INITIAL_BALANCED_BEHAVIOUR -> RANGE_EXPANSION -> BODY_EXPANSION -> HOLD_CLUSTER,INITIAL_BALANCED_BEHAVIOUR -> REPEATED_TEST_CLUSTER -> EXPANSION_AFTER_TEST -> HOLD_CLUSTER -> REJECTION_CLUSTER -> EXPANSION_AFTER_TEST -> REJECTION_CLUSTER,INITIAL_BALANCED_BEHAVIOUR -> RANGE_EXPANSION -> DIRECTION_CHANGE_IN_CHARACTER -> BODY_EXPANSION
21,1789214400000,55,0.4057320952682454,0.2781475964221324,0.5971088435374149,EXACTLY_SYNCHRONIZED_CORE_WITH_DAILY_CONTEXT,0,1h,INITIAL_BULLISH_BIAS -> RANGE_COMPRESSION -> DIRECTION_CHANGE_IN_CHARACTER -> BODY_COMPRESSION -> REPEATED_TEST_CLUSTER -> EXPANSION_AFTER_TEST,INITIAL_BALANCED_BEHAVIOUR -> RANGE_EXPANSION -> BODY_EXPANSION -> LEVEL_INTERACTION_CLUSTER,INITIAL_BALANCED_BEHAVIOUR -> DIRECTIONAL_SHIFT -> BODY_COMPRESSION -> REPEATED_TEST_CLUSTER -> EXPANSION_AFTER_TEST,INITIAL_BULLISH_BIAS -> DIRECTION_CHANGE_IN_CHARACTER -> REPEATED_TEST_CLUSTER -> EXPANSION_AFTER_TEST,INITIAL_BALANCED_BEHAVIOUR -> RANGE_EXPANSION -> DIRECTION_CHANGE_IN_CHARACTER -> BODY_EXPANSION,INITIAL_BALANCED_BEHAVIOUR -> RANGE_COMPRESSION -> DIRECTIONAL_SHIFT -> BODY_COMPRESSION -> REJECTION_CLUSTER -> HOLD_CLUSTER -> EXPANSION_AFTER_TEST,INITIAL_BALANCED_BEHAVIOUR -> RANGE_EXPANSION -> BODY_EXPANSION -> REJECTION_CLUSTER -> EXPANSION_AFTER_TEST -> HOLD_CLUSTER -> EXPANSION_AFTER_TEST,INITIAL_BALANCED_BEHAVIOUR -> DIRECTIONAL_SHIFT -> HOLD_CLUSTER -> EXPANSION_AFTER_TEST -> HOLD_CLUSTER -> REJECTION_CLUSTER -> EXPANSION_AFTER_TEST
22,1788523200000,14,0.40321989369486355,0.3095048114869042,0.5437925170068026,EXACTLY_SYNCHRONIZED_CORE_WITH_DAILY_CONTEXT,0,1h,INITIAL_BALANCED_BEHAVIOUR -> RANGE_EXPANSION -> DIRECTIONAL_SHIFT -> BODY_EXPANSION -> REPEATED_TEST_CLUSTER -> EXPANSION_AFTER_TEST,INITIAL_BULLISH_BIAS -> RANGE_COMPRESSION -> DIRECTIONAL_SHIFT -> BODY_COMPRESSION -> REJECTION_CLUSTER -> EXPANSION_AFTER_TEST,INITIAL_BULLISH_BIAS -> DIRECTION_CHANGE_IN_CHARACTER -> BODY_COMPRESSION -> REJECTION_CLUSTER -> EXPANSION_AFTER_TEST,INITIAL_BALANCED_BEHAVIOUR -> RANGE_COMPRESSION -> DIRECTIONAL_SHIFT -> BODY_COMPRESSION -> REJECTION_CLUSTER,INITIAL_BALANCED_BEHAVIOUR -> BODY_COMPRESSION -> REJECTION_CLUSTER -> HOLD_CLUSTER -> EXPANSION_AFTER_TEST -> PULLBACK_CLUSTER -> REJECTION_CLUSTER,INITIAL_BALANCED_BEHAVIOUR -> DIRECTIONAL_SHIFT -> BODY_COMPRESSION -> REJECTION_CLUSTER -> EXPANSION_AFTER_TEST -> HOLD_CLUSTER -> EXPANSION_AFTER_TEST,INITIAL_BALANCED_BEHAVIOUR -> BODY_EXPANSION -> REJECTION_CLUSTER -> EXPANSION_AFTER_TEST,INITIAL_BULLISH_BIAS -> RANGE_COMPRESSION -> DIRECTION_CHANGE_IN_CHARACTER -> BODY_COMPRESSION -> REPEATED_TEST_CLUSTER -> LEVEL_INTERACTION_CLUSTER -> EXPANSION_AFTER_TEST -> HOLD_CLUSTER -> REJECTION_CLUSTER -> EXPANSION_AFTER_TEST -> PULLBACK_CLUSTER -> REJECTION_CLUSTER -> EXPANSION_AFTER_TEST
23,1789473600000,20,0.4028546266212738,0.30662845933477606,0.5471938775510204,EXACTLY_SYNCHRONIZED_CORE_WITH_DAILY_CONTEXT,0,1h,INITIAL_BALANCED_BEHAVIOUR -> RANGE_COMPRESSION -> REJECTION_CLUSTER -> EXPANSION_AFTER_TEST -> REJECTION_CLUSTER,INITIAL_BEARISH_BIAS -> LEVEL_INTERACTION_CLUSTER,INITIAL_BULLISH_BIAS -> DIRECTIONAL_SHIFT -> BODY_EXPANSION -> REJECTION_CLUSTER -> EXPANSION_AFTER_TEST -> REPEATED_TEST_CLUSTER,INITIAL_BALANCED_BEHAVIOUR -> BODY_COMPRESSION -> REJECTION_CLUSTER -> EXPANSION_AFTER_TEST -> REPEATED_TEST_CLUSTER -> HOLD_CLUSTER,INITIAL_BEARISH_BIAS -> REPEATED_TEST_CLUSTER -> EXPANSION_AFTER_TEST,INITIAL_BALANCED_BEHAVIOUR -> RANGE_COMPRESSION -> DIRECTIONAL_SHIFT -> BODY_COMPRESSION -> REJECTION_CLUSTER -> EXPANSION_AFTER_TEST,INITIAL_BALANCED_BEHAVIOUR -> RANGE_EXPANSION -> BODY_EXPANSION -> HOLD_CLUSTER -> LEVEL_INTERACTION_CLUSTER -> PULLBACK_CLUSTER -> EXPANSION_AFTER_TEST -> HOLD_CLUSTER -> EXPANSION_AFTER_TEST -> HOLD_CLUSTER -> REPEATED_TEST_CLUSTER -> REJECTION_CLUSTER,INITIAL_BALANCED_BEHAVIOUR -> BODY_COMPRESSION -> REPEATED_TEST_CLUSTER -> EXPANSION_AFTER_TEST -> REJECTION_CLUSTER -> REPEATED_TEST_CLUSTER -> EXPANSION_AFTER_TEST
24,1788278400000,13,0.4009602425111337,0.31431943118996414,0.530921459492888,EXACTLY_SYNCHRONIZED_CORE_WITH_DAILY_CONTEXT,0,1h,INITIAL_BULLISH_BIAS -> DIRECTIONAL_SHIFT -> REJECTION_CLUSTER -> EXPANSION_AFTER_TEST -> REPEATED_TEST_CLUSTER,INITIAL_BALANCED_BEHAVIOUR -> RANGE_COMPRESSION -> BODY_COMPRESSION -> COUNTERMOVE_AND_RENEWAL -> REJECTION_CLUSTER -> EXPANSION_AFTER_TEST,INITIAL_BALANCED_BEHAVIOUR -> RANGE_COMPRESSION -> DIRECTIONAL_SHIFT -> BODY_COMPRESSION -> COUNTERMOVE_AND_RENEWAL -> REJECTION_CLUSTER -> REPEATED_TEST_CLUSTER -> REJECTION_CLUSTER,INITIAL_BALANCED_BEHAVIOUR -> RANGE_EXPANSION -> DIRECTIONAL_SHIFT -> BODY_EXPANSION -> PULLBACK_CLUSTER -> REJECTION_CLUSTER -> PULLBACK_CLUSTER -> EXPANSION_AFTER_TEST -> HOLD_CLUSTER -> PULLBACK_CLUSTER,INITIAL_BALANCED_BEHAVIOUR -> RANGE_EXPANSION -> BODY_COMPRESSION -> COUNTERMOVE_AND_RENEWAL -> REPEATED_TEST_CLUSTER -> EXPANSION_AFTER_TEST -> HOLD_CLUSTER -> EXPANSION_AFTER_TEST -> REJECTION_CLUSTER -> HOLD_CLUSTER -> REJECTION_CLUSTER,INITIAL_BALANCED_BEHAVIOUR -> RANGE_EXPANSION -> REJECTION_CLUSTER -> EXPANSION_AFTER_TEST -> REPEATED_TEST_CLUSTER -> EXPANSION_AFTER_TEST,INITIAL_BALANCED_BEHAVIOUR -> BODY_COMPRESSION -> REJECTION_CLUSTER -> HOLD_CLUSTER -> REPEATED_TEST_CLUSTER -> REJECTION_CLUSTER -> PULLBACK_CLUSTER,INITIAL_BULLISH_BIAS -> BODY_COMPRESSION -> REPEATED_TEST_CLUSTER -> EXPANSION_AFTER_TEST
25,1788408000000,42,0.4004261909961463,0.29061961537906467,0.5651360544217686,EXACTLY_SYNCHRONIZED_CORE_WITH_DAILY_CONTEXT,0,1h,INITIAL_BULLISH_BIAS -> RANGE_COMPRESSION -> BODY_COMPRESSION,INITIAL_BALANCED_BEHAVIOUR -> RANGE_COMPRESSION -> DIRECTIONAL_SHIFT -> BODY_COMPRESSION -> REJECTION_CLUSTER -> HOLD_CLUSTER,INITIAL_BULLISH_BIAS -> RANGE_COMPRESSION -> DIRECTION_CHANGE_IN_CHARACTER -> BODY_COMPRESSION -> REPEATED_TEST_CLUSTER,INITIAL_BALANCED_BEHAVIOUR -> BODY_COMPRESSION -> HOLD_CLUSTER -> PULLBACK_CLUSTER -> EXPANSION_AFTER_TEST -> HOLD_CLUSTER -> EXPANSION_AFTER_TEST,INITIAL_BALANCED_BEHAVIOUR -> RANGE_EXPANSION -> BODY_EXPANSION -> HOLD_CLUSTER -> EXPANSION_AFTER_TEST,INITIAL_BEARISH_BIAS -> RANGE_COMPRESSION -> DIRECTION_CHANGE_IN_CHARACTER -> BODY_COMPRESSION -> REJECTION_CLUSTER -> EXPANSION_AFTER_TEST -> REJECTION_CLUSTER,INITIAL_BULLISH_BIAS -> DIRECTIONAL_SHIFT -> BODY_COMPRESSION -> LEVEL_INTERACTION_CLUSTER -> EXPANSION_AFTER_TEST -> REJECTION_CLUSTER -> EXPANSION_AFTER_TEST,INITIAL_BULLISH_BIAS -> RANGE_COMPRESSION -> DIRECTION_CHANGE_IN_CHARACTER -> BODY_COMPRESSION -> REPEATED_TEST_CLUSTER -> LEVEL_INTERACTION_CLUSTER -> EXPANSION_AFTER_TEST -> HOLD_CLUSTER -> REJECTION_CLUSTER -> EXPANSION_AFTER_TEST -> PULLBACK_CLUSTER -> REPEATED_TEST_CLUSTER
