reference_timestamp,screen_rank,timeframe,candidate_start,candidate_end,candle_structure_similarity,story_similarity,family_story,story,synchronization
1789603200000,1,1m,29801,29820,0.2519510189541973,1.0,INITIAL_CONTEXT -> RANGE_CHANGE -> BODY_CHANGE -> REJECTION -> EXPANSION_AFTER_TEST,INITIAL_BALANCED_BEHAVIOUR -> RANGE_COMPRESSION -> BODY_COMPRESSION -> REJECTION_CLUSTER -> EXPANSION_AFTER_TEST,EXACT
1789603200000,1,3m,29921,29940,0.2842705887103035,0.8,INITIAL_CONTEXT -> DIRECTION_CHANGE -> BODY_CHANGE -> LEVEL_INTERACTION -> EXPANSION_AFTER_TEST,INITIAL_BULLISH_BIAS -> DIRECTION_CHANGE_IN_CHARACTER -> BODY_COMPRESSION -> REPEATED_TEST_CLUSTER -> EXPANSION_AFTER_TEST,EXACT
1789603200000,1,5m,29944,29963,0.2665835266503692,0.5,INITIAL_CONTEXT -> RANGE_CHANGE -> BODY_CHANGE -> HOLD -> EXPANSION_AFTER_TEST,INITIAL_BALANCED_BEHAVIOUR -> RANGE_EXPANSION -> BODY_EXPANSION -> HOLD_CLUSTER -> EXPANSION_AFTER_TEST,EXACT
1789603200000,1,15m,29968,29987,0.3746045936776347,0.2142857142857143,INITIAL_CONTEXT -> RANGE_CHANGE -> REJECTION,INITIAL_BALANCED_BEHAVIOUR -> RANGE_COMPRESSION -> REJECTION_CLUSTER,EXACT
1789603200000,1,30m,29974,29993,0.45646769513297053,0.5714285714285714,INITIAL_CONTEXT -> RANGE_CHANGE -> HOLD -> LEVEL_INTERACTION -> EXPANSION_AFTER_TEST -> LEVEL_INTERACTION -> EXPANSION_AFTER_TEST,INITIAL_BALANCED_BEHAVIOUR -> RANGE_COMPRESSION -> HOLD_CLUSTER -> REPEATED_TEST_CLUSTER -> EXPANSION_AFTER_TEST -> REPEATED_TEST_CLUSTER -> EXPANSION_AFTER_TEST,EXACT
1789603200000,1,1h,29977,29996,0.44525251700685503,0.625,INITIAL_CONTEXT -> RANGE_CHANGE -> LEVEL_INTERACTION -> REJECTION -> EXPANSION_AFTER_TEST -> REJECTION -> EXPANSION_AFTER_TEST -> REJECTION,INITIAL_BALANCED_BEHAVIOUR -> RANGE_EXPANSION -> LEVEL_INTERACTION_CLUSTER -> REJECTION_CLUSTER -> EXPANSION_AFTER_TEST -> REJECTION_CLUSTER -> EXPANSION_AFTER_TEST -> REJECTION_CLUSTER,EXACT
1789603200000,1,4h,9980,9999,0.9999999999993504,1.0,INITIAL_CONTEXT -> REJECTION -> EXPANSION_AFTER_TEST -> LEVEL_INTERACTION -> EXPANSION_AFTER_TEST,INITIAL_BALANCED_BEHAVIOUR -> REJECTION_CLUSTER -> EXPANSION_AFTER_TEST -> LEVEL_INTERACTION_CLUSTER -> EXPANSION_AFTER_TEST,EXACT
1789603200000,1,1d,2980,2999,0.9999999999997423,1.0,INITIAL_CONTEXT -> LEVEL_INTERACTION -> REJECTION -> LEVEL_INTERACTION -> EXPANSION_AFTER_TEST -> REJECTION,INITIAL_BALANCED_BEHAVIOUR -> REPEATED_TEST_CLUSTER -> REJECTION_CLUSTER -> REPEATED_TEST_CLUSTER -> EXPANSION_AFTER_TEST -> REJECTION_CLUSTER,ASOF_CONTEXT
1788955200000,2,1m,19001,19020,0.4055239952444219,0.6,INITIAL_CONTEXT -> RANGE_CHANGE -> BODY_CHANGE,INITIAL_BALANCED_BEHAVIOUR -> RANGE_EXPANSION -> BODY_EXPANSION,EXACT
1788955200000,2,3m,26321,26340,0.4547824241951963,0.375,INITIAL_CONTEXT -> DIRECTION_CHANGE,INITIAL_BULLISH_BIAS -> DIRECTION_CHANGE_IN_CHARACTER,EXACT
1788955200000,2,5m,27784,27803,0.41000497382699314,0.5833333333333333,INITIAL_CONTEXT -> DIRECTION_CHANGE -> LEVEL_INTERACTION -> EXPANSION_AFTER_TEST -> LEVEL_INTERACTION -> EXPANSION_AFTER_TEST,INITIAL_BALANCED_BEHAVIOUR -> DIRECTIONAL_SHIFT -> REPEATED_TEST_CLUSTER -> EXPANSION_AFTER_TEST -> REPEATED_TEST_CLUSTER -> EXPANSION_AFTER_TEST,EXACT
1788955200000,2,15m,29248,29267,0.39793291361481586,0.1428571428571429,INITIAL_CONTEXT,INITIAL_BALANCED_BEHAVIOUR,EXACT
1788955200000,2,30m,29614,29633,0.24470002582568887,0.7142857142857143,INITIAL_CONTEXT -> RANGE_CHANGE -> BODY_CHANGE -> HOLD -> LEVEL_INTERACTION -> EXPANSION_AFTER_TEST -> HOLD,INITIAL_BALANCED_BEHAVIOUR -> RANGE_EXPANSION -> BODY_EXPANSION -> HOLD_CLUSTER -> REPEATED_TEST_CLUSTER -> EXPANSION_AFTER_TEST -> HOLD_CLUSTER,EXACT
1788955200000,2,1h,29797,29816,0.18383560627675738,0.6875,INITIAL_CONTEXT -> RANGE_CHANGE -> BODY_CHANGE -> REJECTION -> EXPANSION_AFTER_TEST -> HOLD -> EXPANSION_AFTER_TEST -> HOLD,INITIAL_BALANCED_BEHAVIOUR -> RANGE_EXPANSION -> BODY_EXPANSION -> REJECTION_CLUSTER -> EXPANSION_AFTER_TEST -> HOLD_CLUSTER -> EXPANSION_AFTER_TEST -> HOLD_CLUSTER,EXACT
1788955200000,2,4h,9935,9954,0.3811261365029434,0.5,INITIAL_CONTEXT -> BODY_CHANGE -> REJECTION -> EXPANSION_AFTER_TEST,INITIAL_BALANCED_BEHAVIOUR -> BODY_COMPRESSION -> REJECTION_CLUSTER -> EXPANSION_AFTER_TEST,EXACT
1788955200000,2,1d,2972,2991,0.1766400343357585,0.25,INITIAL_CONTEXT -> RANGE_CHANGE -> DIRECTION_CHANGE -> BODY_CHANGE -> REJECTION -> HOLD,INITIAL_BULLISH_BIAS -> RANGE_COMPRESSION -> DIRECTIONAL_SHIFT -> BODY_COMPRESSION -> REJECTION_CLUSTER -> HOLD_CLUSTER,ASOF_CONTEXT
1789070400000,3,1m,20921,20940,0.3341275163813025,0.19999999999999996,INITIAL_CONTEXT -> PULLBACK,INITIAL_BALANCED_BEHAVIOUR -> PULLBACK_CLUSTER,EXACT
1789070400000,3,3m,26961,26980,0.28352523342245006,0.8,INITIAL_CONTEXT -> RANGE_CHANGE -> BODY_CHANGE -> LEVEL_INTERACTION -> EXPANSION_AFTER_TEST,INITIAL_BALANCED_BEHAVIOUR -> RANGE_EXPANSION -> BODY_EXPANSION -> REPEATED_TEST_CLUSTER -> EXPANSION_AFTER_TEST,EXACT
1789070400000,3,5m,28168,28187,0.3565285180587572,0.5714285714285714,INITIAL_CONTEXT -> DIRECTION_CHANGE -> REJECTION -> EXPANSION_AFTER_TEST -> HOLD -> EXPANSION_AFTER_TEST -> HOLD,INITIAL_BALANCED_BEHAVIOUR -> DIRECTIONAL_SHIFT -> REJECTION_CLUSTER -> EXPANSION_AFTER_TEST -> HOLD_CLUSTER -> EXPANSION_AFTER_TEST -> HOLD_CLUSTER,EXACT
1789070400000,3,15m,29376,29395,0.427073905633588,0.2142857142857143,INITIAL_CONTEXT -> REJECTION,INITIAL_BULLISH_BIAS -> REJECTION_CLUSTER,EXACT
1789070400000,3,30m,29678,29697,0.3679500814716718,0.625,INITIAL_CONTEXT -> RANGE_CHANGE -> BODY_CHANGE -> HOLD -> EXPANSION_AFTER_TEST -> HOLD -> EXPANSION_AFTER_TEST -> HOLD,INITIAL_BALANCED_BEHAVIOUR -> RANGE_COMPRESSION -> BODY_COMPRESSION -> HOLD_CLUSTER -> EXPANSION_AFTER_TEST -> HOLD_CLUSTER -> EXPANSION_AFTER_TEST -> HOLD_CLUSTER,EXACT
1789070400000,3,1h,29829,29848,0.3989342982725546,0.5625,INITIAL_CONTEXT -> RANGE_CHANGE -> BODY_CHANGE -> DIRECTION_CHANGE -> LEVEL_INTERACTION -> EXPANSION_AFTER_TEST -> HOLD -> REJECTION,INITIAL_BALANCED_BEHAVIOUR -> RANGE_EXPANSION -> BODY_EXPANSION -> COUNTERMOVE_AND_RENEWAL -> LEVEL_INTERACTION_CLUSTER -> EXPANSION_AFTER_TEST -> HOLD_CLUSTER -> REJECTION_CLUSTER,EXACT
1789070400000,3,4h,9943,9962,0.3094058811956073,0.44999999999999996,INITIAL_CONTEXT -> DIRECTION_CHANGE -> REJECTION -> EXPANSION_AFTER_TEST -> HOLD -> REJECTION -> EXPANSION_AFTER_TEST -> HOLD -> EXPANSION_AFTER_TEST -> HOLD,INITIAL_BALANCED_BEHAVIOUR -> COUNTERMOVE_AND_RENEWAL -> REJECTION_CLUSTER -> EXPANSION_AFTER_TEST -> HOLD_CLUSTER -> REJECTION_CLUSTER -> EXPANSION_AFTER_TEST -> HOLD_CLUSTER -> EXPANSION_AFTER_TEST -> HOLD_CLUSTER,EXACT
1789070400000,3,1d,2973,2992,0.21728561952626577,0.25,INITIAL_CONTEXT -> RANGE_CHANGE -> DIRECTION_CHANGE -> BODY_CHANGE -> HOLD,INITIAL_BALANCED_BEHAVIOUR -> RANGE_COMPRESSION -> DIRECTIONAL_SHIFT -> BODY_COMPRESSION -> HOLD_CLUSTER,ASOF_CONTEXT
1789588800000,4,1m,29561,29580,0.29078266416688525,0.9,INITIAL_CONTEXT -> RANGE_CHANGE -> BODY_CHANGE -> LEVEL_INTERACTION -> EXPANSION_AFTER_TEST,INITIAL_BALANCED_BEHAVIOUR -> RANGE_COMPRESSION -> BODY_COMPRESSION -> REPEATED_TEST_CLUSTER -> EXPANSION_AFTER_TEST,EXACT
1789588800000,4,3m,29841,29860,0.3880745084964462,0.5,INITIAL_CONTEXT -> RANGE_CHANGE -> DIRECTION_CHANGE -> BODY_CHANGE -> LEVEL_INTERACTION -> REJECTION,INITIAL_BALANCED_BEHAVIOUR -> RANGE_COMPRESSION -> DIRECTIONAL_SHIFT -> BODY_COMPRESSION -> LEVEL_INTERACTION_CLUSTER -> REJECTION_CLUSTER,EXACT
1789588800000,4,5m,29896,29915,0.31526968293391766,0.5,INITIAL_CONTEXT -> RANGE_CHANGE -> BODY_CHANGE -> REJECTION -> EXPANSION_AFTER_TEST -> HOLD -> EXPANSION_AFTER_TEST -> LEVEL_INTERACTION,INITIAL_BALANCED_BEHAVIOUR -> RANGE_COMPRESSION -> BODY_COMPRESSION -> REJECTION_CLUSTER -> EXPANSION_AFTER_TEST -> HOLD_CLUSTER -> EXPANSION_AFTER_TEST -> REPEATED_TEST_CLUSTER,EXACT
1789588800000,4,15m,29952,29971,0.24551892328695316,0.6363636363636364,INITIAL_CONTEXT -> RANGE_CHANGE -> BODY_CHANGE -> DIRECTION_CHANGE -> HOLD -> EXPANSION_AFTER_TEST -> HOLD -> REJECTION -> PULLBACK -> EXPANSION_AFTER_TEST -> HOLD,INITIAL_BALANCED_BEHAVIOUR -> RANGE_EXPANSION -> BODY_EXPANSION -> COUNTERMOVE_AND_RENEWAL -> HOLD_CLUSTER -> EXPANSION_AFTER_TEST -> HOLD_CLUSTER -> REJECTION_CLUSTER -> PULLBACK_CLUSTER -> EXPANSION_AFTER_TEST -> HOLD_CLUSTER,EXACT
1789588800000,4,30m,29966,29985,0.21988944917334088,0.44999999999999996,INITIAL_CONTEXT -> RANGE_CHANGE -> BODY_CHANGE -> REJECTION -> EXPANSION_AFTER_TEST -> HOLD -> EXPANSION_AFTER_TEST -> REJECTION -> EXPANSION_AFTER_TEST -> PULLBACK,INITIAL_BALANCED_BEHAVIOUR -> RANGE_EXPANSION -> BODY_EXPANSION -> REJECTION_CLUSTER -> EXPANSION_AFTER_TEST -> HOLD_CLUSTER -> EXPANSION_AFTER_TEST -> REJECTION_CLUSTER -> EXPANSION_AFTER_TEST -> PULLBACK_CLUSTER,EXACT
1789588800000,4,1h,29973,29992,0.39228735161807576,0.7222222222222222,INITIAL_CONTEXT -> RANGE_CHANGE -> BODY_CHANGE -> REJECTION -> EXPANSION_AFTER_TEST -> LEVEL_INTERACTION -> REJECTION -> EXPANSION_AFTER_TEST -> HOLD,INITIAL_BALANCED_BEHAVIOUR -> RANGE_EXPANSION -> BODY_EXPANSION -> REJECTION_CLUSTER -> EXPANSION_AFTER_TEST -> REPEATED_TEST_CLUSTER -> REJECTION_CLUSTER -> EXPANSION_AFTER_TEST -> HOLD_CLUSTER,EXACT
1789588800000,4,4h,9979,9998,0.5474775130191887,1.0,INITIAL_CONTEXT -> REJECTION -> EXPANSION_AFTER_TEST -> LEVEL_INTERACTION -> EXPANSION_AFTER_TEST,INITIAL_BALANCED_BEHAVIOUR -> REJECTION_CLUSTER -> EXPANSION_AFTER_TEST -> LEVEL_INTERACTION_CLUSTER -> EXPANSION_AFTER_TEST,EXACT
1789588800000,4,1d,2979,2998,0.699655191769579,0.9166666666666666,INITIAL_CONTEXT -> LEVEL_INTERACTION -> REJECTION -> LEVEL_INTERACTION -> EXPANSION_AFTER_TEST -> HOLD,INITIAL_BALANCED_BEHAVIOUR -> REPEATED_TEST_CLUSTER -> REJECTION_CLUSTER -> REPEATED_TEST_CLUSTER -> EXPANSION_AFTER_TEST -> HOLD_CLUSTER,ASOF_CONTEXT
1788926400000,5,1m,18521,18540,0.30351274784658855,0.6,INITIAL_CONTEXT -> RANGE_CHANGE -> BODY_CHANGE,INITIAL_BALANCED_BEHAVIOUR -> RANGE_EXPANSION -> BODY_EXPANSION,EXACT
1788926400000,5,3m,26161,26180,0.5249056935638965,0.8,INITIAL_CONTEXT -> DIRECTION_CHANGE -> BODY_CHANGE -> LEVEL_INTERACTION -> EXPANSION_AFTER_TEST,INITIAL_BEARISH_BIAS -> DIRECTIONAL_SHIFT -> BODY_COMPRESSION -> REPEATED_TEST_CLUSTER -> EXPANSION_AFTER_TEST,EXACT
1788926400000,5,5m,27688,27707,0.3274546059703892,0.75,INITIAL_CONTEXT -> DIRECTION_CHANGE -> BODY_CHANGE -> REJECTION -> EXPANSION_AFTER_TEST,INITIAL_BEARISH_BIAS -> DIRECTIONAL_SHIFT -> BODY_COMPRESSION -> REJECTION_CLUSTER -> EXPANSION_AFTER_TEST,EXACT
1788926400000,5,15m,29216,29235,0.39918871073679235,0.6111111111111112,INITIAL_CONTEXT -> DIRECTION_CHANGE -> REJECTION -> HOLD -> EXPANSION_AFTER_TEST -> REJECTION -> EXPANSION_AFTER_TEST -> REJECTION -> EXPANSION_AFTER_TEST,INITIAL_BALANCED_BEHAVIOUR -> DIRECTIONAL_SHIFT -> REJECTION_CLUSTER -> HOLD_CLUSTER -> EXPANSION_AFTER_TEST -> REJECTION_CLUSTER -> EXPANSION_AFTER_TEST -> REJECTION_CLUSTER -> EXPANSION_AFTER_TEST,EXACT
1788926400000,5,30m,29598,29617,0.3110507035885276,0.5,INITIAL_CONTEXT -> RANGE_CHANGE -> REJECTION,INITIAL_BALANCED_BEHAVIOUR -> RANGE_COMPRESSION -> REJECTION_CLUSTER,EXACT
1788926400000,5,1h,29789,29808,0.19181916146214867,0.5625,INITIAL_CONTEXT -> RANGE_CHANGE -> BODY_CHANGE -> LEVEL_INTERACTION -> EXPANSION_AFTER_TEST,INITIAL_BEARISH_BIAS -> RANGE_COMPRESSION -> BODY_COMPRESSION -> REPEATED_TEST_CLUSTER -> EXPANSION_AFTER_TEST,EXACT
1788926400000,5,4h,9933,9952,0.33068949466433556,0.5,INITIAL_CONTEXT -> HOLD -> REJECTION -> EXPANSION_AFTER_TEST -> REJECTION,INITIAL_BALANCED_BEHAVIOUR -> HOLD_CLUSTER -> REJECTION_CLUSTER -> EXPANSION_AFTER_TEST -> REJECTION_CLUSTER,EXACT
1788926400000,5,1d,2972,2991,0.1766400343357585,0.25,INITIAL_CONTEXT -> RANGE_CHANGE -> DIRECTION_CHANGE -> BODY_CHANGE -> REJECTION -> HOLD,INITIAL_BULLISH_BIAS -> RANGE_COMPRESSION -> DIRECTIONAL_SHIFT -> BODY_COMPRESSION -> REJECTION_CLUSTER -> HOLD_CLUSTER,ASOF_CONTEXT
1789416000000,6,1m,26681,26700,0.22784556635118833,0.7142857142857143,INITIAL_CONTEXT -> RANGE_CHANGE -> DIRECTION_CHANGE -> BODY_CHANGE -> REJECTION -> EXPANSION_AFTER_TEST -> REJECTION,INITIAL_BULLISH_BIAS -> RANGE_COMPRESSION -> DIRECTIONAL_SHIFT -> BODY_COMPRESSION -> REJECTION_CLUSTER -> EXPANSION_AFTER_TEST -> REJECTION_CLUSTER,EXACT
1789416000000,6,3m,28881,28900,0.4569664589154205,0.8,INITIAL_CONTEXT -> DIRECTION_CHANGE -> BODY_CHANGE -> LEVEL_INTERACTION -> EXPANSION_AFTER_TEST,INITIAL_BALANCED_BEHAVIOUR -> DIRECTIONAL_SHIFT -> BODY_EXPANSION -> REPEATED_TEST_CLUSTER -> EXPANSION_AFTER_TEST,EXACT
1789416000000,6,5m,29320,29339,0.24824217082793756,0.8333333333333334,INITIAL_CONTEXT -> DIRECTION_CHANGE -> BODY_CHANGE -> LEVEL_INTERACTION -> EXPANSION_AFTER_TEST,INITIAL_BALANCED_BEHAVIOUR -> DIRECTIONAL_SHIFT -> BODY_EXPANSION -> REPEATED_TEST_CLUSTER -> EXPANSION_AFTER_TEST,EXACT
1789416000000,6,15m,29760,29779,0.40536128878646444,0.3571428571428571,INITIAL_CONTEXT -> RANGE_CHANGE -> DIRECTION_CHANGE -> BODY_CHANGE -> REJECTION -> LEVEL_INTERACTION -> EXPANSION_AFTER_TEST,INITIAL_BALANCED_BEHAVIOUR -> RANGE_COMPRESSION -> DIRECTIONAL_SHIFT -> BODY_COMPRESSION -> REJECTION_CLUSTER -> REPEATED_TEST_CLUSTER -> EXPANSION_AFTER_TEST,EXACT
1789416000000,6,30m,29870,29889,0.28832486130468454,0.5714285714285714,INITIAL_CONTEXT -> DIRECTION_CHANGE -> HOLD -> PULLBACK -> EXPANSION_AFTER_TEST -> HOLD -> LEVEL_INTERACTION,INITIAL_BEARISH_BIAS -> DIRECTIONAL_SHIFT -> HOLD_CLUSTER -> PULLBACK_CLUSTER -> EXPANSION_AFTER_TEST -> HOLD_CLUSTER -> LEVEL_INTERACTION_CLUSTER,EXACT
1789416000000,6,1h,29925,29944,0.3141583149494421,0.4444444444444444,INITIAL_CONTEXT -> DIRECTION_CHANGE -> HOLD -> EXPANSION_AFTER_TEST -> REJECTION -> EXPANSION_AFTER_TEST -> REJECTION -> EXPANSION_AFTER_TEST -> REJECTION,INITIAL_BULLISH_BIAS -> DIRECTION_CHANGE_IN_CHARACTER -> COUNTERMOVE_AND_RENEWAL -> HOLD_CLUSTER -> EXPANSION_AFTER_TEST -> REJECTION_CLUSTER -> EXPANSION_AFTER_TEST -> REJECTION_CLUSTER -> EXPANSION_AFTER_TEST -> REJECTION_CLUSTER,EXACT
1789416000000,6,4h,9967,9986,0.4292715286849103,0.5714285714285714,INITIAL_CONTEXT -> LEVEL_INTERACTION -> EXPANSION_AFTER_TEST -> REJECTION -> PULLBACK -> EXPANSION_AFTER_TEST -> PULLBACK,INITIAL_BALANCED_BEHAVIOUR -> REPEATED_TEST_CLUSTER -> EXPANSION_AFTER_TEST -> REJECTION_CLUSTER -> PULLBACK_CLUSTER -> EXPANSION_AFTER_TEST -> PULLBACK_CLUSTER,EXACT
1789416000000,6,1d,2977,2996,0.5691543989269499,0.6428571428571428,INITIAL_CONTEXT -> BODY_CHANGE -> HOLD -> LEVEL_INTERACTION -> EXPANSION_AFTER_TEST -> REJECTION -> PULLBACK,INITIAL_BALANCED_BEHAVIOUR -> BODY_COMPRESSION -> HOLD_CLUSTER -> REPEATED_TEST_CLUSTER -> EXPANSION_AFTER_TEST -> REJECTION_CLUSTER -> PULLBACK_CLUSTER,ASOF_CONTEXT
1789531200000,7,1m,28601,28620,0.3514447363453491,0.8,INITIAL_CONTEXT -> RANGE_CHANGE -> BODY_CHANGE -> HOLD -> LEVEL_INTERACTION,INITIAL_BALANCED_BEHAVIOUR -> RANGE_COMPRESSION -> BODY_COMPRESSION -> HOLD_CLUSTER -> REPEATED_TEST_CLUSTER,EXACT
1789531200000,7,3m,29521,29540,0.5388602822281905,0.6,INITIAL_CONTEXT -> RANGE_CHANGE -> BODY_CHANGE -> LEVEL_INTERACTION -> REJECTION,INITIAL_BALANCED_BEHAVIOUR -> RANGE_COMPRESSION -> BODY_COMPRESSION -> LEVEL_INTERACTION_CLUSTER -> REJECTION_CLUSTER,EXACT
1789531200000,7,5m,29704,29723,0.29096944766819466,0.33333333333333337,INITIAL_CONTEXT -> HOLD -> REJECTION,INITIAL_BALANCED_BEHAVIOUR -> HOLD_CLUSTER -> REJECTION_CLUSTER,EXACT
1789531200000,7,15m,29888,29907,0.39635212915201706,0.5,INITIAL_CONTEXT -> HOLD -> PULLBACK -> REJECTION,INITIAL_BALANCED_BEHAVIOUR -> HOLD_CLUSTER -> PULLBACK_CLUSTER -> REJECTION_CLUSTER,EXACT
1789531200000,7,30m,29934,29953,0.25469594622436653,0.6,INITIAL_CONTEXT -> RANGE_CHANGE -> BODY_CHANGE -> HOLD -> EXPANSION_AFTER_TEST,INITIAL_BALANCED_BEHAVIOUR -> RANGE_COMPRESSION -> BODY_COMPRESSION -> HOLD_CLUSTER -> EXPANSION_AFTER_TEST,EXACT
1789531200000,7,1h,29957,29976,0.12096693355373919,0.5,INITIAL_CONTEXT -> PULLBACK -> HOLD -> REJECTION -> HOLD -> EXPANSION_AFTER_TEST,INITIAL_BALANCED_BEHAVIOUR -> PULLBACK_CLUSTER -> HOLD_CLUSTER -> REJECTION_CLUSTER -> HOLD_CLUSTER -> EXPANSION_AFTER_TEST,EXACT
1789531200000,7,4h,9975,9994,0.3723123538547519,0.5555555555555556,INITIAL_CONTEXT -> RANGE_CHANGE -> DIRECTION_CHANGE -> REJECTION -> EXPANSION_AFTER_TEST -> LEVEL_INTERACTION -> EXPANSION_AFTER_TEST -> REJECTION -> EXPANSION_AFTER_TEST,INITIAL_BALANCED_BEHAVIOUR -> RANGE_EXPANSION -> DIRECTION_CHANGE_IN_CHARACTER -> REJECTION_CLUSTER -> EXPANSION_AFTER_TEST -> REPEATED_TEST_CLUSTER -> EXPANSION_AFTER_TEST -> REJECTION_CLUSTER -> EXPANSION_AFTER_TEST,EXACT
1789531200000,7,1d,2979,2998,0.699655191769579,0.9166666666666666,INITIAL_CONTEXT -> LEVEL_INTERACTION -> REJECTION -> LEVEL_INTERACTION -> EXPANSION_AFTER_TEST -> HOLD,INITIAL_BALANCED_BEHAVIOUR -> REPEATED_TEST_CLUSTER -> REJECTION_CLUSTER -> REPEATED_TEST_CLUSTER -> EXPANSION_AFTER_TEST -> HOLD_CLUSTER,ASOF_CONTEXT
1788782400000,8,1m,16121,16140,0.2662016040129865,0.6428571428571428,INITIAL_CONTEXT -> RANGE_CHANGE -> DIRECTION_CHANGE -> BODY_CHANGE -> HOLD -> EXPANSION_AFTER_TEST -> HOLD,INITIAL_BALANCED_BEHAVIOUR -> RANGE_EXPANSION -> DIRECTIONAL_SHIFT -> BODY_EXPANSION -> HOLD_CLUSTER -> EXPANSION_AFTER_TEST -> HOLD_CLUSTER,EXACT
1788782400000,8,3m,25361,25380,0.3935267188397112,0.875,INITIAL_CONTEXT -> DIRECTION_CHANGE -> LEVEL_INTERACTION -> EXPANSION_AFTER_TEST,INITIAL_BULLISH_BIAS -> DIRECTION_CHANGE_IN_CHARACTER -> REPEATED_TEST_CLUSTER -> EXPANSION_AFTER_TEST,EXACT
1788782400000,8,5m,27208,27227,0.4065551972747947,0.41666666666666663,INITIAL_CONTEXT -> REJECTION -> EXPANSION_AFTER_TEST,INITIAL_BALANCED_BEHAVIOUR -> REJECTION_CLUSTER -> EXPANSION_AFTER_TEST,EXACT
1788782400000,8,15m,29056,29075,0.43905267934334574,0.3571428571428571,INITIAL_CONTEXT -> RANGE_CHANGE -> LEVEL_INTERACTION -> EXPANSION_AFTER_TEST,INITIAL_BALANCED_BEHAVIOUR -> RANGE_COMPRESSION -> REPEATED_TEST_CLUSTER -> EXPANSION_AFTER_TEST,EXACT
1788782400000,8,30m,29518,29537,0.2550950058994489,0.6,INITIAL_CONTEXT -> RANGE_CHANGE -> DIRECTION_CHANGE -> BODY_CHANGE -> HOLD,INITIAL_BALANCED_BEHAVIOUR -> RANGE_COMPRESSION -> DIRECTIONAL_SHIFT -> BODY_COMPRESSION -> HOLD_CLUSTER,EXACT
1788782400000,8,1h,29749,29768,0.21742782693994456,0.4375,INITIAL_CONTEXT -> LEVEL_INTERACTION -> EXPANSION_AFTER_TEST -> REJECTION,INITIAL_BULLISH_BIAS -> REPEATED_TEST_CLUSTER -> EXPANSION_AFTER_TEST -> REJECTION_CLUSTER,EXACT
1788782400000,8,4h,9923,9942,0.2945932643796596,0.6428571428571428,INITIAL_CONTEXT -> DIRECTION_CHANGE -> LEVEL_INTERACTION -> EXPANSION_AFTER_TEST -> LEVEL_INTERACTION -> EXPANSION_AFTER_TEST -> REJECTION,INITIAL_BALANCED_BEHAVIOUR -> COUNTERMOVE_AND_RENEWAL -> LEVEL_INTERACTION_CLUSTER -> EXPANSION_AFTER_TEST -> LEVEL_INTERACTION_CLUSTER -> EXPANSION_AFTER_TEST -> REJECTION_CLUSTER,EXACT
1788782400000,8,1d,2970,2989,0.09519862426830335,0.4,INITIAL_CONTEXT -> RANGE_CHANGE -> DIRECTION_CHANGE -> BODY_CHANGE -> REJECTION -> EXPANSION_AFTER_TEST -> REJECTION -> HOLD -> EXPANSION_AFTER_TEST -> HOLD,INITIAL_BULLISH_BIAS -> RANGE_COMPRESSION -> DIRECTION_CHANGE_IN_CHARACTER -> BODY_COMPRESSION -> REJECTION_CLUSTER -> EXPANSION_AFTER_TEST -> REJECTION_CLUSTER -> HOLD_CLUSTER -> EXPANSION_AFTER_TEST -> HOLD_CLUSTER,ASOF_CONTEXT
1788278400000,13,1m,7721,7740,0.29101378618556506,0.5,INITIAL_CONTEXT -> DIRECTION_CHANGE -> REJECTION -> EXPANSION_AFTER_TEST -> LEVEL_INTERACTION,INITIAL_BULLISH_BIAS -> DIRECTIONAL_SHIFT -> REJECTION_CLUSTER -> EXPANSION_AFTER_TEST -> REPEATED_TEST_CLUSTER,EXACT
1788278400000,13,3m,22561,22580,0.47799625608971014,0.5833333333333333,INITIAL_CONTEXT -> RANGE_CHANGE -> BODY_CHANGE -> DIRECTION_CHANGE -> REJECTION -> EXPANSION_AFTER_TEST,INITIAL_BALANCED_BEHAVIOUR -> RANGE_COMPRESSION -> BODY_COMPRESSION -> COUNTERMOVE_AND_RENEWAL -> REJECTION_CLUSTER -> EXPANSION_AFTER_TEST,EXACT
1788278400000,13,5m,25528,25547,0.4278542848035602,0.625,INITIAL_CONTEXT -> RANGE_CHANGE -> DIRECTION_CHANGE -> BODY_CHANGE -> DIRECTION_CHANGE -> REJECTION -> LEVEL_INTERACTION -> REJECTION,INITIAL_BALANCED_BEHAVIOUR -> RANGE_COMPRESSION -> DIRECTIONAL_SHIFT -> BODY_COMPRESSION -> COUNTERMOVE_AND_RENEWAL -> REJECTION_CLUSTER -> REPEATED_TEST_CLUSTER -> REJECTION_CLUSTER,EXACT
1788278400000,13,15m,28496,28515,0.30879731436703045,0.5,INITIAL_CONTEXT -> RANGE_CHANGE -> DIRECTION_CHANGE -> BODY_CHANGE -> PULLBACK -> REJECTION -> PULLBACK -> EXPANSION_AFTER_TEST -> HOLD -> PULLBACK,INITIAL_BALANCED_BEHAVIOUR -> RANGE_EXPANSION -> DIRECTIONAL_SHIFT -> BODY_EXPANSION -> PULLBACK_CLUSTER -> REJECTION_CLUSTER -> PULLBACK_CLUSTER -> EXPANSION_AFTER_TEST -> HOLD_CLUSTER -> PULLBACK_CLUSTER,EXACT
1788278400000,13,30m,29238,29257,0.26661207668380243,0.4545454545454546,INITIAL_CONTEXT -> RANGE_CHANGE -> BODY_CHANGE -> DIRECTION_CHANGE -> LEVEL_INTERACTION -> EXPANSION_AFTER_TEST -> HOLD -> EXPANSION_AFTER_TEST -> REJECTION -> HOLD -> REJECTION,INITIAL_BALANCED_BEHAVIOUR -> RANGE_EXPANSION -> BODY_COMPRESSION -> COUNTERMOVE_AND_RENEWAL -> REPEATED_TEST_CLUSTER -> EXPANSION_AFTER_TEST -> HOLD_CLUSTER -> EXPANSION_AFTER_TEST -> REJECTION_CLUSTER -> HOLD_CLUSTER -> REJECTION_CLUSTER,EXACT
1788278400000,13,1h,29609,29628,0.1736710493511297,0.625,INITIAL_CONTEXT -> RANGE_CHANGE -> REJECTION -> EXPANSION_AFTER_TEST -> LEVEL_INTERACTION -> EXPANSION_AFTER_TEST,INITIAL_BALANCED_BEHAVIOUR -> RANGE_EXPANSION -> REJECTION_CLUSTER -> EXPANSION_AFTER_TEST -> REPEATED_TEST_CLUSTER -> EXPANSION_AFTER_TEST,EXACT
1788278400000,13,4h,9888,9907,0.254291250848951,0.4285714285714286,INITIAL_CONTEXT -> BODY_CHANGE -> REJECTION -> HOLD -> LEVEL_INTERACTION -> REJECTION -> PULLBACK,INITIAL_BALANCED_BEHAVIOUR -> BODY_COMPRESSION -> REJECTION_CLUSTER -> HOLD_CLUSTER -> REPEATED_TEST_CLUSTER -> REJECTION_CLUSTER -> PULLBACK_CLUSTER,EXACT
1788278400000,13,1d,2964,2983,0.20848785987243726,0.5,INITIAL_CONTEXT -> BODY_CHANGE -> LEVEL_INTERACTION -> EXPANSION_AFTER_TEST,INITIAL_BULLISH_BIAS -> BODY_COMPRESSION -> REPEATED_TEST_CLUSTER -> EXPANSION_AFTER_TEST,ASOF_CONTEXT
1788523200000,14,1m,11801,11820,0.6810971772362906,0.75,INITIAL_CONTEXT -> RANGE_CHANGE -> DIRECTION_CHANGE -> BODY_CHANGE -> LEVEL_INTERACTION -> EXPANSION_AFTER_TEST,INITIAL_BALANCED_BEHAVIOUR -> RANGE_EXPANSION -> DIRECTIONAL_SHIFT -> BODY_EXPANSION -> REPEATED_TEST_CLUSTER -> EXPANSION_AFTER_TEST,EXACT
1788523200000,14,3m,23921,23940,0.33231247344790726,0.5833333333333333,INITIAL_CONTEXT -> RANGE_CHANGE -> DIRECTION_CHANGE -> BODY_CHANGE -> REJECTION -> EXPANSION_AFTER_TEST,INITIAL_BULLISH_BIAS -> RANGE_COMPRESSION -> DIRECTIONAL_SHIFT -> BODY_COMPRESSION -> REJECTION_CLUSTER -> EXPANSION_AFTER_TEST,EXACT
1788523200000,14,5m,26344,26363,0.20495274918286152,0.75,INITIAL_CONTEXT -> DIRECTION_CHANGE -> BODY_CHANGE -> REJECTION -> EXPANSION_AFTER_TEST,INITIAL_BULLISH_BIAS -> DIRECTION_CHANGE_IN_CHARACTER -> BODY_COMPRESSION -> REJECTION_CLUSTER -> EXPANSION_AFTER_TEST,EXACT
1788523200000,14,15m,28768,28787,0.429390097840943,0.2142857142857143,INITIAL_CONTEXT -> RANGE_CHANGE -> DIRECTION_CHANGE -> BODY_CHANGE -> REJECTION,INITIAL_BALANCED_BEHAVIOUR -> RANGE_COMPRESSION -> DIRECTIONAL_SHIFT -> BODY_COMPRESSION -> REJECTION_CLUSTER,EXACT
1788523200000,14,30m,29374,29393,0.20339290657196865,0.5714285714285714,INITIAL_CONTEXT -> BODY_CHANGE -> REJECTION -> HOLD -> EXPANSION_AFTER_TEST -> PULLBACK -> REJECTION,INITIAL_BALANCED_BEHAVIOUR -> BODY_COMPRESSION -> REJECTION_CLUSTER -> HOLD_CLUSTER -> EXPANSION_AFTER_TEST -> PULLBACK_CLUSTER -> REJECTION_CLUSTER,EXACT
1788523200000,14,1h,29677,29696,0.11931326474662168,0.4375,INITIAL_CONTEXT -> DIRECTION_CHANGE -> BODY_CHANGE -> REJECTION -> EXPANSION_AFTER_TEST -> HOLD -> EXPANSION_AFTER_TEST,INITIAL_BALANCED_BEHAVIOUR -> DIRECTIONAL_SHIFT -> BODY_COMPRESSION -> REJECTION_CLUSTER -> EXPANSION_AFTER_TEST -> HOLD_CLUSTER -> EXPANSION_AFTER_TEST,EXACT
1788523200000,14,4h,9905,9924,0.19607501138173603,0.5,INITIAL_CONTEXT -> BODY_CHANGE -> REJECTION -> EXPANSION_AFTER_TEST,INITIAL_BALANCED_BEHAVIOUR -> BODY_EXPANSION -> REJECTION_CLUSTER -> EXPANSION_AFTER_TEST,EXACT
1788523200000,14,1d,2967,2986,0.1438575261924795,0.41666666666666663,INITIAL_CONTEXT -> RANGE_CHANGE -> DIRECTION_CHANGE -> BODY_CHANGE -> LEVEL_INTERACTION -> EXPANSION_AFTER_TEST -> HOLD -> REJECTION -> EXPANSION_AFTER_TEST -> PULLBACK -> REJECTION -> EXPANSION_AFTER_TEST,INITIAL_BULLISH_BIAS -> RANGE_COMPRESSION -> DIRECTION_CHANGE_IN_CHARACTER -> BODY_COMPRESSION -> REPEATED_TEST_CLUSTER -> LEVEL_INTERACTION_CLUSTER -> EXPANSION_AFTER_TEST -> HOLD_CLUSTER -> REJECTION_CLUSTER -> EXPANSION_AFTER_TEST -> PULLBACK_CLUSTER -> REJECTION_CLUSTER -> EXPANSION_AFTER_TEST,ASOF_CONTEXT
1789387200000,15,1m,26201,26220,0.2833367089614809,0.6,INITIAL_CONTEXT -> RANGE_CHANGE -> BODY_CHANGE,INITIAL_BALANCED_BEHAVIOUR -> RANGE_EXPANSION -> BODY_EXPANSION,EXACT
1789387200000,15,3m,28721,28740,0.37982761172668733,0.6,INITIAL_CONTEXT -> DIRECTION_CHANGE -> REJECTION -> EXPANSION_AFTER_TEST -> REJECTION,INITIAL_BALANCED_BEHAVIOUR -> DIRECTIONAL_SHIFT -> REJECTION_CLUSTER -> EXPANSION_AFTER_TEST -> REJECTION_CLUSTER,EXACT
1789387200000,15,5m,29224,29243,0.25418260116657426,0.8333333333333334,INITIAL_CONTEXT -> DIRECTION_CHANGE -> BODY_CHANGE -> LEVEL_INTERACTION -> EXPANSION_AFTER_TEST,INITIAL_BEARISH_BIAS -> DIRECTIONAL_SHIFT -> BODY_EXPANSION -> REPEATED_TEST_CLUSTER -> EXPANSION_AFTER_TEST,EXACT
1789387200000,15,15m,29728,29747,0.296253053425591,0.5714285714285714,INITIAL_CONTEXT -> DIRECTION_CHANGE -> HOLD -> EXPANSION_AFTER_TEST,INITIAL_BALANCED_BEHAVIOUR -> DIRECTION_CHANGE_IN_CHARACTER -> HOLD_CLUSTER -> EXPANSION_AFTER_TEST,EXACT
1789387200000,15,30m,29854,29873,0.302989363665647,0.5,INITIAL_CONTEXT -> HOLD -> REJECTION -> EXPANSION_AFTER_TEST -> HOLD -> REJECTION -> EXPANSION_AFTER_TEST -> HOLD,INITIAL_BALANCED_BEHAVIOUR -> HOLD_CLUSTER -> REJECTION_CLUSTER -> EXPANSION_AFTER_TEST -> HOLD_CLUSTER -> REJECTION_CLUSTER -> EXPANSION_AFTER_TEST -> HOLD_CLUSTER,EXACT
1789387200000,15,1h,29917,29936,0.2599546547808592,0.4375,INITIAL_CONTEXT -> BODY_CHANGE -> LEVEL_INTERACTION -> EXPANSION_AFTER_TEST,INITIAL_BULLISH_BIAS -> BODY_COMPRESSION -> LEVEL_INTERACTION_CLUSTER -> REPEATED_TEST_CLUSTER -> EXPANSION_AFTER_TEST,EXACT
1789387200000,15,4h,9965,9984,0.387967121947865,0.6,INITIAL_CONTEXT -> RANGE_CHANGE -> BODY_CHANGE -> LEVEL_INTERACTION -> EXPANSION_AFTER_TEST,INITIAL_BALANCED_BEHAVIOUR -> RANGE_COMPRESSION -> BODY_COMPRESSION -> REPEATED_TEST_CLUSTER -> EXPANSION_AFTER_TEST,EXACT
1789387200000,15,1d,2977,2996,0.5691543989269499,0.6428571428571428,INITIAL_CONTEXT -> BODY_CHANGE -> HOLD -> LEVEL_INTERACTION -> EXPANSION_AFTER_TEST -> REJECTION -> PULLBACK,INITIAL_BALANCED_BEHAVIOUR -> BODY_COMPRESSION -> HOLD_CLUSTER -> REPEATED_TEST_CLUSTER -> EXPANSION_AFTER_TEST -> REJECTION_CLUSTER -> PULLBACK_CLUSTER,ASOF_CONTEXT
1788681600000,18,1m,14441,14460,0.42639463590150345,0.5,INITIAL_CONTEXT -> BODY_CHANGE -> DIRECTION_CHANGE -> HOLD -> PULLBACK,INITIAL_BULLISH_BIAS -> BODY_EXPANSION -> COUNTERMOVE_AND_RENEWAL -> HOLD_CLUSTER -> PULLBACK_CLUSTER,EXACT
1788681600000,18,3m,24801,24820,0.26752633422725214,0.8,INITIAL_CONTEXT -> RANGE_CHANGE -> BODY_CHANGE -> LEVEL_INTERACTION -> EXPANSION_AFTER_TEST,INITIAL_BALANCED_BEHAVIOUR -> RANGE_COMPRESSION -> BODY_COMPRESSION -> REPEATED_TEST_CLUSTER -> EXPANSION_AFTER_TEST,EXACT
1788681600000,18,5m,26872,26891,0.23442731032614106,0.5,INITIAL_CONTEXT -> RANGE_CHANGE -> BODY_CHANGE -> LEVEL_INTERACTION,INITIAL_BALANCED_BEHAVIOUR -> RANGE_EXPANSION -> BODY_EXPANSION -> LEVEL_INTERACTION_CLUSTER,EXACT
1788681600000,18,15m,28944,28963,0.5424919456707467,0.375,INITIAL_CONTEXT -> RANGE_CHANGE -> BODY_CHANGE -> LEVEL_INTERACTION -> HOLD -> LEVEL_INTERACTION -> EXPANSION_AFTER_TEST -> PULLBACK,INITIAL_BALANCED_BEHAVIOUR -> RANGE_EXPANSION -> BODY_EXPANSION -> LEVEL_INTERACTION_CLUSTER -> HOLD_CLUSTER -> REPEATED_TEST_CLUSTER -> EXPANSION_AFTER_TEST -> PULLBACK_CLUSTER,EXACT
1788681600000,18,30m,29462,29481,0.28747871920871093,0.7,INITIAL_CONTEXT -> RANGE_CHANGE -> LEVEL_INTERACTION -> EXPANSION_AFTER_TEST -> REJECTION,INITIAL_BALANCED_BEHAVIOUR -> RANGE_EXPANSION -> LEVEL_INTERACTION_CLUSTER -> EXPANSION_AFTER_TEST -> REJECTION_CLUSTER,EXACT
1788681600000,18,1h,29721,29740,0.14381325987281163,0.625,INITIAL_CONTEXT -> RANGE_CHANGE -> DIRECTION_CHANGE -> BODY_CHANGE -> REJECTION -> EXPANSION_AFTER_TEST -> REJECTION,INITIAL_BALANCED_BEHAVIOUR -> RANGE_EXPANSION -> DIRECTIONAL_SHIFT -> BODY_EXPANSION -> REJECTION_CLUSTER -> EXPANSION_AFTER_TEST -> REJECTION_CLUSTER,EXACT
1788681600000,18,4h,9916,9935,0.24924460074499122,0.5,INITIAL_CONTEXT -> RANGE_CHANGE -> BODY_CHANGE -> DIRECTION_CHANGE -> LEVEL_INTERACTION -> EXPANSION_AFTER_TEST -> LEVEL_INTERACTION -> EXPANSION_AFTER_TEST -> HOLD,INITIAL_BALANCED_BEHAVIOUR -> RANGE_COMPRESSION -> BODY_COMPRESSION -> COUNTERMOVE_AND_RENEWAL -> REPEATED_TEST_CLUSTER -> EXPANSION_AFTER_TEST -> LEVEL_INTERACTION_CLUSTER -> EXPANSION_AFTER_TEST -> HOLD_CLUSTER,EXACT
1788681600000,18,1d,2969,2988,0.10600503016593381,0.4,INITIAL_CONTEXT -> RANGE_CHANGE -> DIRECTION_CHANGE -> BODY_CHANGE -> REJECTION -> EXPANSION_AFTER_TEST -> REJECTION -> HOLD -> EXPANSION_AFTER_TEST -> HOLD,INITIAL_BULLISH_BIAS -> RANGE_COMPRESSION -> DIRECTION_CHANGE_IN_CHARACTER -> BODY_COMPRESSION -> REJECTION_CLUSTER -> EXPANSION_AFTER_TEST -> REJECTION_CLUSTER -> HOLD_CLUSTER -> EXPANSION_AFTER_TEST -> HOLD_CLUSTER,ASOF_CONTEXT
1789473600000,20,1m,27641,27660,0.49341461818207505,0.6,INITIAL_CONTEXT -> RANGE_CHANGE -> REJECTION -> EXPANSION_AFTER_TEST -> REJECTION,INITIAL_BALANCED_BEHAVIOUR -> RANGE_COMPRESSION -> REJECTION_CLUSTER -> EXPANSION_AFTER_TEST -> REJECTION_CLUSTER,EXACT
1789473600000,20,3m,29201,29220,0.4289887083984899,0.5,INITIAL_CONTEXT -> LEVEL_INTERACTION,INITIAL_BEARISH_BIAS -> LEVEL_INTERACTION_CLUSTER,EXACT
1789473600000,20,5m,29512,29531,0.14572432001853974,0.8333333333333334,INITIAL_CONTEXT -> DIRECTION_CHANGE -> BODY_CHANGE -> REJECTION -> EXPANSION_AFTER_TEST -> LEVEL_INTERACTION,INITIAL_BULLISH_BIAS -> DIRECTIONAL_SHIFT -> BODY_EXPANSION -> REJECTION_CLUSTER -> EXPANSION_AFTER_TEST -> REPEATED_TEST_CLUSTER,EXACT
1789473600000,20,15m,29824,29843,0.4292899454439409,0.6428571428571428,INITIAL_CONTEXT -> BODY_CHANGE -> REJECTION -> EXPANSION_AFTER_TEST -> LEVEL_INTERACTION -> HOLD,INITIAL_BALANCED_BEHAVIOUR -> BODY_COMPRESSION -> REJECTION_CLUSTER -> EXPANSION_AFTER_TEST -> REPEATED_TEST_CLUSTER -> HOLD_CLUSTER,EXACT
1789473600000,20,30m,29902,29921,0.18894801664345845,0.4,INITIAL_CONTEXT -> LEVEL_INTERACTION -> EXPANSION_AFTER_TEST,INITIAL_BEARISH_BIAS -> REPEATED_TEST_CLUSTER -> EXPANSION_AFTER_TEST,EXACT
1789473600000,20,1h,29941,29960,0.1558695932116879,0.5625,INITIAL_CONTEXT -> RANGE_CHANGE -> DIRECTION_CHANGE -> BODY_CHANGE -> REJECTION -> EXPANSION_AFTER_TEST,INITIAL_BALANCED_BEHAVIOUR -> RANGE_COMPRESSION -> DIRECTIONAL_SHIFT -> BODY_COMPRESSION -> REJECTION_CLUSTER -> EXPANSION_AFTER_TEST,EXACT
1789473600000,20,4h,9971,9990,0.304164013445241,0.29166666666666663,INITIAL_CONTEXT -> RANGE_CHANGE -> BODY_CHANGE -> HOLD -> LEVEL_INTERACTION -> PULLBACK -> EXPANSION_AFTER_TEST -> HOLD -> EXPANSION_AFTER_TEST -> HOLD -> LEVEL_INTERACTION -> REJECTION,INITIAL_BALANCED_BEHAVIOUR -> RANGE_EXPANSION -> BODY_EXPANSION -> HOLD_CLUSTER -> LEVEL_INTERACTION_CLUSTER -> PULLBACK_CLUSTER -> EXPANSION_AFTER_TEST -> HOLD_CLUSTER -> EXPANSION_AFTER_TEST -> HOLD_CLUSTER -> REPEATED_TEST_CLUSTER -> REJECTION_CLUSTER,EXACT
1789473600000,20,1d,2978,2997,0.5967280487858494,0.5714285714285714,INITIAL_CONTEXT -> BODY_CHANGE -> LEVEL_INTERACTION -> EXPANSION_AFTER_TEST -> REJECTION -> LEVEL_INTERACTION -> EXPANSION_AFTER_TEST,INITIAL_BALANCED_BEHAVIOUR -> BODY_COMPRESSION -> REPEATED_TEST_CLUSTER -> EXPANSION_AFTER_TEST -> REJECTION_CLUSTER -> REPEATED_TEST_CLUSTER -> EXPANSION_AFTER_TEST,ASOF_CONTEXT
1789041600000,21,1m,20441,20460,0.18518933655288447,0.9,INITIAL_CONTEXT -> RANGE_CHANGE -> BODY_CHANGE -> LEVEL_INTERACTION -> EXPANSION_AFTER_TEST,INITIAL_BALANCED_BEHAVIOUR -> RANGE_EXPANSION -> BODY_EXPANSION -> REPEATED_TEST_CLUSTER -> EXPANSION_AFTER_TEST,EXACT
1789041600000,21,3m,26801,26820,0.4969427925043063,0.6666666666666667,INITIAL_CONTEXT -> BODY_CHANGE -> LEVEL_INTERACTION -> EXPANSION_AFTER_TEST -> PULLBACK -> EXPANSION_AFTER_TEST,INITIAL_BALANCED_BEHAVIOUR -> BODY_EXPANSION -> REPEATED_TEST_CLUSTER -> EXPANSION_AFTER_TEST -> PULLBACK_CLUSTER -> EXPANSION_AFTER_TEST,EXACT
1789041600000,21,5m,28072,28091,0.2953442107526376,0.5714285714285714,INITIAL_CONTEXT -> BODY_CHANGE -> HOLD -> EXPANSION_AFTER_TEST -> LEVEL_INTERACTION -> EXPANSION_AFTER_TEST -> HOLD,INITIAL_BALANCED_BEHAVIOUR -> BODY_COMPRESSION -> HOLD_CLUSTER -> EXPANSION_AFTER_TEST -> REPEATED_TEST_CLUSTER -> EXPANSION_AFTER_TEST -> HOLD_CLUSTER,EXACT
1789041600000,21,15m,29344,29363,0.5180804043386021,0.5714285714285714,INITIAL_CONTEXT -> DIRECTION_CHANGE -> HOLD -> REJECTION -> EXPANSION_AFTER_TEST -> LEVEL_INTERACTION -> REJECTION,INITIAL_BALANCED_BEHAVIOUR -> COUNTERMOVE_AND_RENEWAL -> HOLD_CLUSTER -> REJECTION_CLUSTER -> EXPANSION_AFTER_TEST -> REPEATED_TEST_CLUSTER -> REJECTION_CLUSTER,EXACT
1789041600000,21,30m,29662,29681,0.1920076980604634,0.4444444444444444,INITIAL_CONTEXT -> DIRECTION_CHANGE -> BODY_CHANGE -> LEVEL_INTERACTION -> HOLD -> REJECTION -> LEVEL_INTERACTION -> EXPANSION_AFTER_TEST -> REJECTION,INITIAL_BULLISH_BIAS -> DIRECTIONAL_SHIFT -> BODY_EXPANSION -> LEVEL_INTERACTION_CLUSTER -> HOLD_CLUSTER -> REJECTION_CLUSTER -> REPEATED_TEST_CLUSTER -> EXPANSION_AFTER_TEST -> REJECTION_CLUSTER,EXACT
1789041600000,21,1h,29821,29840,0.22600475934813075,0.6875,INITIAL_CONTEXT -> RANGE_CHANGE -> BODY_CHANGE -> LEVEL_INTERACTION -> EXPANSION_AFTER_TEST -> HOLD,INITIAL_BEARISH_BIAS -> RANGE_COMPRESSION -> BODY_COMPRESSION -> REPEATED_TEST_CLUSTER -> EXPANSION_AFTER_TEST -> HOLD_CLUSTER,EXACT
1789041600000,21,4h,9941,9960,0.22400950232501854,0.5,INITIAL_CONTEXT -> DIRECTION_CHANGE -> REJECTION -> EXPANSION_AFTER_TEST -> HOLD -> EXPANSION_AFTER_TEST -> REJECTION -> EXPANSION_AFTER_TEST -> REJECTION,INITIAL_BEARISH_BIAS -> DIRECTION_CHANGE_IN_CHARACTER -> REJECTION_CLUSTER -> EXPANSION_AFTER_TEST -> HOLD_CLUSTER -> EXPANSION_AFTER_TEST -> REJECTION_CLUSTER -> EXPANSION_AFTER_TEST -> REJECTION_CLUSTER,EXACT
1789041600000,21,1d,2973,2992,0.21728561952626577,0.25,INITIAL_CONTEXT -> RANGE_CHANGE -> DIRECTION_CHANGE -> BODY_CHANGE -> HOLD,INITIAL_BALANCED_BEHAVIOUR -> RANGE_COMPRESSION -> DIRECTIONAL_SHIFT -> BODY_COMPRESSION -> HOLD_CLUSTER,ASOF_CONTEXT
1787846400000,22,1m,521,540,0.4391991601817755,1.0,INITIAL_CONTEXT -> RANGE_CHANGE -> BODY_CHANGE -> REJECTION -> EXPANSION_AFTER_TEST,INITIAL_BALANCED_BEHAVIOUR -> RANGE_COMPRESSION -> BODY_COMPRESSION -> REJECTION_CLUSTER -> EXPANSION_AFTER_TEST,EXACT
1787846400000,22,3m,20161,20180,0.42151779017197666,0.5,INITIAL_CONTEXT -> DIRECTION_CHANGE -> REJECTION -> EXPANSION_AFTER_TEST -> HOLD -> REJECTION,INITIAL_BULLISH_BIAS -> DIRECTIONAL_SHIFT -> REJECTION_CLUSTER -> EXPANSION_AFTER_TEST -> HOLD_CLUSTER -> REJECTION_CLUSTER,EXACT
1787846400000,22,5m,24088,24107,0.13742818126821635,0.5625,INITIAL_CONTEXT -> DIRECTION_CHANGE -> HOLD -> REJECTION -> HOLD -> EXPANSION_AFTER_TEST -> HOLD -> REJECTION,INITIAL_BULLISH_BIAS -> DIRECTIONAL_SHIFT -> HOLD_CLUSTER -> REJECTION_CLUSTER -> HOLD_CLUSTER -> EXPANSION_AFTER_TEST -> HOLD_CLUSTER -> REJECTION_CLUSTER,EXACT
1787846400000,22,15m,28016,28035,0.30114564731211846,0.4285714285714286,INITIAL_CONTEXT -> RANGE_CHANGE -> BODY_CHANGE -> HOLD -> LEVEL_INTERACTION -> PULLBACK,INITIAL_BALANCED_BEHAVIOUR -> RANGE_EXPANSION -> BODY_EXPANSION -> HOLD_CLUSTER -> LEVEL_INTERACTION_CLUSTER -> PULLBACK_CLUSTER,EXACT
1787846400000,22,30m,28998,29017,0.22256725850594325,0.5,INITIAL_CONTEXT -> RANGE_CHANGE -> DIRECTION_CHANGE -> BODY_CHANGE -> REJECTION -> EXPANSION_AFTER_TEST -> LEVEL_INTERACTION -> HOLD -> REJECTION,INITIAL_BALANCED_BEHAVIOUR -> RANGE_COMPRESSION -> DIRECTIONAL_SHIFT -> BODY_COMPRESSION -> REJECTION_CLUSTER -> EXPANSION_AFTER_TEST -> LEVEL_INTERACTION_CLUSTER -> HOLD_CLUSTER -> REJECTION_CLUSTER,EXACT
1787846400000,22,1h,29489,29508,0.36729820152334364,0.6666666666666667,INITIAL_CONTEXT -> RANGE_CHANGE -> BODY_CHANGE -> DIRECTION_CHANGE -> HOLD -> EXPANSION_AFTER_TEST -> REJECTION -> EXPANSION_AFTER_TEST -> HOLD,INITIAL_BALANCED_BEHAVIOUR -> RANGE_EXPANSION -> BODY_EXPANSION -> COUNTERMOVE_AND_RENEWAL -> HOLD_CLUSTER -> EXPANSION_AFTER_TEST -> REJECTION_CLUSTER -> EXPANSION_AFTER_TEST -> HOLD_CLUSTER,EXACT
1787846400000,22,4h,9858,9877,0.2483452352785511,0.4,INITIAL_CONTEXT -> DIRECTION_CHANGE -> REJECTION -> EXPANSION_AFTER_TEST -> HOLD,INITIAL_BALANCED_BEHAVIOUR -> DIRECTIONAL_SHIFT -> REJECTION_CLUSTER -> EXPANSION_AFTER_TEST -> HOLD_CLUSTER,EXACT
1787846400000,22,1d,2959,2978,0.0772994410991837,0.25,INITIAL_CONTEXT -> RANGE_CHANGE -> DIRECTION_CHANGE -> BODY_CHANGE -> REJECTION -> EXPANSION_AFTER_TEST,INITIAL_BALANCED_BEHAVIOUR -> RANGE_EXPANSION -> DIRECTION_CHANGE_IN_CHARACTER -> BODY_EXPANSION -> REJECTION_CLUSTER -> EXPANSION_AFTER_TEST,ASOF_CONTEXT
1788336000000,25,1m,8681,8700,0.3431714837687205,0.7,INITIAL_CONTEXT -> BODY_CHANGE -> LEVEL_INTERACTION -> EXPANSION_AFTER_TEST,INITIAL_BALANCED_BEHAVIOUR -> BODY_EXPANSION -> REPEATED_TEST_CLUSTER -> EXPANSION_AFTER_TEST,EXACT
1788336000000,25,3m,22881,22900,0.3757913387668832,0.75,INITIAL_CONTEXT -> LEVEL_INTERACTION -> EXPANSION_AFTER_TEST,INITIAL_BALANCED_BEHAVIOUR -> REPEATED_TEST_CLUSTER -> EXPANSION_AFTER_TEST,EXACT
1788336000000,25,5m,25720,25739,0.16173120633494792,0.75,INITIAL_CONTEXT -> DIRECTION_CHANGE -> LEVEL_INTERACTION -> EXPANSION_AFTER_TEST -> HOLD,INITIAL_BALANCED_BEHAVIOUR -> DIRECTIONAL_SHIFT -> REPEATED_TEST_CLUSTER -> EXPANSION_AFTER_TEST -> HOLD_CLUSTER,EXACT
1788336000000,25,15m,28560,28579,0.4390111729631946,0.5,INITIAL_CONTEXT -> DIRECTION_CHANGE -> BODY_CHANGE -> REJECTION -> EXPANSION_AFTER_TEST -> HOLD -> EXPANSION_AFTER_TEST -> HOLD -> REJECTION -> EXPANSION_AFTER_TEST -> REJECTION -> HOLD,INITIAL_BALANCED_BEHAVIOUR -> DIRECTIONAL_SHIFT -> BODY_COMPRESSION -> REJECTION_CLUSTER -> EXPANSION_AFTER_TEST -> HOLD_CLUSTER -> EXPANSION_AFTER_TEST -> HOLD_CLUSTER -> REJECTION_CLUSTER -> EXPANSION_AFTER_TEST -> REJECTION_CLUSTER -> HOLD_CLUSTER,EXACT
1788336000000,25,30m,29270,29289,0.24254403851198686,0.4285714285714286,INITIAL_CONTEXT -> BODY_CHANGE -> PULLBACK -> REJECTION -> PULLBACK -> EXPANSION_AFTER_TEST -> LEVEL_INTERACTION,INITIAL_BALANCED_BEHAVIOUR -> BODY_COMPRESSION -> PULLBACK_CLUSTER -> REJECTION_CLUSTER -> PULLBACK_CLUSTER -> EXPANSION_AFTER_TEST -> REPEATED_TEST_CLUSTER,EXACT
1788336000000,25,1h,29625,29644,0.31958519772459776,0.625,INITIAL_CONTEXT -> RANGE_CHANGE -> DIRECTION_CHANGE -> BODY_CHANGE -> REJECTION -> EXPANSION_AFTER_TEST -> REJECTION,INITIAL_BEARISH_BIAS -> RANGE_COMPRESSION -> DIRECTION_CHANGE_IN_CHARACTER -> BODY_COMPRESSION -> REJECTION_CLUSTER -> EXPANSION_AFTER_TEST -> REJECTION_CLUSTER,EXACT
1788336000000,25,4h,9892,9911,0.21849783093018127,0.4444444444444444,INITIAL_CONTEXT -> DIRECTION_CHANGE -> BODY_CHANGE -> LEVEL_INTERACTION -> REJECTION -> EXPANSION_AFTER_TEST -> REJECTION -> LEVEL_INTERACTION -> REJECTION,INITIAL_BULLISH_BIAS -> DIRECTIONAL_SHIFT -> BODY_COMPRESSION -> LEVEL_INTERACTION_CLUSTER -> REPEATED_TEST_CLUSTER -> REJECTION_CLUSTER -> EXPANSION_AFTER_TEST -> REJECTION_CLUSTER -> LEVEL_INTERACTION_CLUSTER -> REJECTION_CLUSTER,EXACT
1788336000000,25,1d,2965,2984,0.20328620878924697,0.5714285714285714,INITIAL_CONTEXT -> BODY_CHANGE -> LEVEL_INTERACTION -> HOLD -> REJECTION -> EXPANSION_AFTER_TEST -> PULLBACK,INITIAL_BULLISH_BIAS -> BODY_COMPRESSION -> LEVEL_INTERACTION_CLUSTER -> REPEATED_TEST_CLUSTER -> HOLD_CLUSTER -> REJECTION_CLUSTER -> EXPANSION_AFTER_TEST -> PULLBACK_CLUSTER,ASOF_CONTEXT
1787947200000,30,1m,2201,2220,0.4040853039450486,0.8,INITIAL_CONTEXT -> RANGE_CHANGE -> BODY_CHANGE -> REJECTION,INITIAL_BEARISH_BIAS -> RANGE_EXPANSION -> BODY_EXPANSION -> REJECTION_CLUSTER,EXACT
1787947200000,30,3m,20721,20740,0.3869824838664248,0.6,INITIAL_CONTEXT -> RANGE_CHANGE -> DIRECTION_CHANGE -> REJECTION -> EXPANSION_AFTER_TEST,INITIAL_BULLISH_BIAS -> RANGE_COMPRESSION -> DIRECTION_CHANGE_IN_CHARACTER -> REJECTION_CLUSTER -> EXPANSION_AFTER_TEST,EXACT
1787947200000,30,5m,24424,24443,0.19085673307038253,0.5,INITIAL_CONTEXT -> RANGE_CHANGE -> DIRECTION_CHANGE -> BODY_CHANGE -> LEVEL_INTERACTION,INITIAL_BALANCED_BEHAVIOUR -> RANGE_COMPRESSION -> DIRECTIONAL_SHIFT -> BODY_COMPRESSION -> LEVEL_INTERACTION_CLUSTER,EXACT
1787947200000,30,15m,28128,28147,0.18995264974290688,0.3571428571428571,INITIAL_CONTEXT -> RANGE_CHANGE -> BODY_CHANGE -> DIRECTION_CHANGE -> LEVEL_INTERACTION -> EXPANSION_AFTER_TEST,INITIAL_BALANCED_BEHAVIOUR -> RANGE_COMPRESSION -> BODY_COMPRESSION -> COUNTERMOVE_AND_RENEWAL -> REPEATED_TEST_CLUSTER -> EXPANSION_AFTER_TEST,EXACT
1787947200000,30,30m,29054,29073,0.40031261090286574,0.75,INITIAL_CONTEXT -> BODY_CHANGE -> HOLD -> EXPANSION_AFTER_TEST -> HOLD -> EXPANSION_AFTER_TEST,INITIAL_BEARISH_BIAS -> BODY_EXPANSION -> HOLD_CLUSTER -> EXPANSION_AFTER_TEST -> HOLD_CLUSTER -> EXPANSION_AFTER_TEST,EXACT
1787947200000,30,1h,29517,29536,0.2612708577970087,0.4375,INITIAL_CONTEXT -> RANGE_CHANGE -> BODY_CHANGE -> HOLD,INITIAL_BALANCED_BEHAVIOUR -> RANGE_EXPANSION -> BODY_EXPANSION -> HOLD_CLUSTER,EXACT
1787947200000,30,4h,9865,9884,0.24361450069533605,0.5714285714285714,INITIAL_CONTEXT -> LEVEL_INTERACTION -> EXPANSION_AFTER_TEST -> HOLD -> REJECTION -> EXPANSION_AFTER_TEST -> REJECTION,INITIAL_BALANCED_BEHAVIOUR -> REPEATED_TEST_CLUSTER -> EXPANSION_AFTER_TEST -> HOLD_CLUSTER -> REJECTION_CLUSTER -> EXPANSION_AFTER_TEST -> REJECTION_CLUSTER,EXACT
1787947200000,30,1d,2960,2979,0.08602476182589239,0.16666666666666663,INITIAL_CONTEXT -> RANGE_CHANGE -> DIRECTION_CHANGE -> BODY_CHANGE,INITIAL_BALANCED_BEHAVIOUR -> RANGE_EXPANSION -> DIRECTION_CHANGE_IN_CHARACTER -> BODY_EXPANSION,ASOF_CONTEXT
1789012800000,40,1m,19961,19980,0.2622781467610966,0.6428571428571428,INITIAL_CONTEXT -> RANGE_CHANGE -> DIRECTION_CHANGE -> BODY_CHANGE -> LEVEL_INTERACTION -> EXPANSION_AFTER_TEST -> PULLBACK,INITIAL_BULLISH_BIAS -> RANGE_EXPANSION -> DIRECTIONAL_SHIFT -> BODY_EXPANSION -> REPEATED_TEST_CLUSTER -> EXPANSION_AFTER_TEST -> PULLBACK_CLUSTER,EXACT
1789012800000,40,3m,26641,26660,0.5664083912039768,0.75,INITIAL_CONTEXT -> LEVEL_INTERACTION -> EXPANSION_AFTER_TEST,INITIAL_BALANCED_BEHAVIOUR -> REPEATED_TEST_CLUSTER -> EXPANSION_AFTER_TEST,EXACT
1789012800000,40,5m,27976,27995,0.16255007736346488,0.75,INITIAL_CONTEXT -> DIRECTION_CHANGE -> BODY_CHANGE -> LEVEL_INTERACTION -> EXPANSION_AFTER_TEST -> REJECTION -> EXPANSION_AFTER_TEST -> REJECTION,INITIAL_BULLISH_BIAS -> DIRECTION_CHANGE_IN_CHARACTER -> BODY_COMPRESSION -> REPEATED_TEST_CLUSTER -> EXPANSION_AFTER_TEST -> REJECTION_CLUSTER -> EXPANSION_AFTER_TEST -> REJECTION_CLUSTER,EXACT
1789012800000,40,15m,29312,29331,0.36981856437553473,0.5555555555555556,INITIAL_CONTEXT -> DIRECTION_CHANGE -> BODY_CHANGE -> REJECTION -> HOLD -> REJECTION -> LEVEL_INTERACTION -> EXPANSION_AFTER_TEST -> REJECTION,INITIAL_BULLISH_BIAS -> DIRECTION_CHANGE_IN_CHARACTER -> BODY_COMPRESSION -> REJECTION_CLUSTER -> HOLD_CLUSTER -> REJECTION_CLUSTER -> REPEATED_TEST_CLUSTER -> EXPANSION_AFTER_TEST -> REJECTION_CLUSTER,EXACT
1789012800000,40,30m,29646,29665,0.2403468503420683,0.5,INITIAL_CONTEXT -> RANGE_CHANGE -> DIRECTION_CHANGE -> BODY_CHANGE -> LEVEL_INTERACTION -> EXPANSION_AFTER_TEST -> REJECTION,INITIAL_BEARISH_BIAS -> RANGE_COMPRESSION -> DIRECTION_CHANGE_IN_CHARACTER -> BODY_COMPRESSION -> REPEATED_TEST_CLUSTER -> EXPANSION_AFTER_TEST -> REJECTION_CLUSTER,EXACT
1789012800000,40,1h,29813,29832,0.1860011749061032,0.375,INITIAL_CONTEXT -> HOLD -> EXPANSION_AFTER_TEST -> LEVEL_INTERACTION -> EXPANSION_AFTER_TEST -> LEVEL_INTERACTION -> REJECTION,INITIAL_BALANCED_BEHAVIOUR -> HOLD_CLUSTER -> EXPANSION_AFTER_TEST -> REPEATED_TEST_CLUSTER -> EXPANSION_AFTER_TEST -> REPEATED_TEST_CLUSTER -> REJECTION_CLUSTER,EXACT
1789012800000,40,4h,9939,9958,0.25186907956741295,0.5714285714285714,INITIAL_CONTEXT -> DIRECTION_CHANGE -> HOLD -> EXPANSION_AFTER_TEST -> REJECTION -> EXPANSION_AFTER_TEST -> HOLD,INITIAL_BEARISH_BIAS -> DIRECTIONAL_SHIFT -> HOLD_CLUSTER -> EXPANSION_AFTER_TEST -> REJECTION_CLUSTER -> EXPANSION_AFTER_TEST -> HOLD_CLUSTER,EXACT
1789012800000,40,1d,2973,2992,0.21728561952626577,0.25,INITIAL_CONTEXT -> RANGE_CHANGE -> DIRECTION_CHANGE -> BODY_CHANGE -> HOLD,INITIAL_BALANCED_BEHAVIOUR -> RANGE_COMPRESSION -> DIRECTIONAL_SHIFT -> BODY_COMPRESSION -> HOLD_CLUSTER,ASOF_CONTEXT
1788552000000,41,1m,12281,12300,0.4394854827798929,0.9,INITIAL_CONTEXT -> RANGE_CHANGE -> BODY_CHANGE -> LEVEL_INTERACTION -> EXPANSION_AFTER_TEST,INITIAL_BALANCED_BEHAVIOUR -> RANGE_EXPANSION -> BODY_EXPANSION -> REPEATED_TEST_CLUSTER -> EXPANSION_AFTER_TEST,EXACT
1788552000000,41,3m,24081,24100,0.30527620444823467,0.75,INITIAL_CONTEXT -> DIRECTION_CHANGE -> REJECTION -> EXPANSION_AFTER_TEST,INITIAL_BULLISH_BIAS -> DIRECTION_CHANGE_IN_CHARACTER -> REJECTION_CLUSTER -> EXPANSION_AFTER_TEST,EXACT
1788552000000,41,5m,26440,26459,0.26750511890458406,0.6666666666666667,INITIAL_CONTEXT -> RANGE_CHANGE -> LEVEL_INTERACTION -> EXPANSION_AFTER_TEST -> HOLD,INITIAL_BALANCED_BEHAVIOUR -> RANGE_EXPANSION -> REPEATED_TEST_CLUSTER -> EXPANSION_AFTER_TEST -> HOLD_CLUSTER,EXACT
1788552000000,41,15m,28800,28819,0.3140422237957329,0.2857142857142857,INITIAL_CONTEXT -> RANGE_CHANGE -> BODY_CHANGE -> DIRECTION_CHANGE -> LEVEL_INTERACTION -> HOLD -> REJECTION,INITIAL_BALANCED_BEHAVIOUR -> RANGE_COMPRESSION -> BODY_COMPRESSION -> COUNTERMOVE_AND_RENEWAL -> REPEATED_TEST_CLUSTER -> HOLD_CLUSTER -> REJECTION_CLUSTER,EXACT
1788552000000,41,30m,29390,29409,0.35014447996640474,0.5,INITIAL_CONTEXT -> RANGE_CHANGE -> DIRECTION_CHANGE -> BODY_CHANGE -> REJECTION -> EXPANSION_AFTER_TEST -> PULLBACK,INITIAL_BALANCED_BEHAVIOUR -> RANGE_COMPRESSION -> DIRECTIONAL_SHIFT -> BODY_COMPRESSION -> REJECTION_CLUSTER -> EXPANSION_AFTER_TEST -> PULLBACK_CLUSTER,EXACT
1788552000000,41,1h,29685,29704,0.15046110570947657,0.625,INITIAL_CONTEXT -> RANGE_CHANGE -> DIRECTION_CHANGE -> BODY_CHANGE -> HOLD -> EXPANSION_AFTER_TEST,INITIAL_BALANCED_BEHAVIOUR -> RANGE_EXPANSION -> DIRECTIONAL_SHIFT -> BODY_EXPANSION -> HOLD_CLUSTER -> EXPANSION_AFTER_TEST,EXACT
1788552000000,41,4h,9907,9926,0.20746973335931795,0.6666666666666667,INITIAL_CONTEXT -> BODY_CHANGE -> REJECTION -> EXPANSION_AFTER_TEST -> LEVEL_INTERACTION -> REJECTION,INITIAL_BALANCED_BEHAVIOUR -> BODY_EXPANSION -> REJECTION_CLUSTER -> EXPANSION_AFTER_TEST -> LEVEL_INTERACTION_CLUSTER -> REJECTION_CLUSTER,EXACT
1788552000000,41,1d,2967,2986,0.1438575261924795,0.41666666666666663,INITIAL_CONTEXT -> RANGE_CHANGE -> DIRECTION_CHANGE -> BODY_CHANGE -> LEVEL_INTERACTION -> EXPANSION_AFTER_TEST -> HOLD -> REJECTION -> EXPANSION_AFTER_TEST -> PULLBACK -> REJECTION -> EXPANSION_AFTER_TEST,INITIAL_BULLISH_BIAS -> RANGE_COMPRESSION -> DIRECTION_CHANGE_IN_CHARACTER -> BODY_COMPRESSION -> REPEATED_TEST_CLUSTER -> LEVEL_INTERACTION_CLUSTER -> EXPANSION_AFTER_TEST -> HOLD_CLUSTER -> REJECTION_CLUSTER -> EXPANSION_AFTER_TEST -> PULLBACK_CLUSTER -> REJECTION_CLUSTER -> EXPANSION_AFTER_TEST,ASOF_CONTEXT
1788408000000,42,1m,9881,9900,0.3741143199852334,0.6,INITIAL_CONTEXT -> RANGE_CHANGE -> BODY_CHANGE,INITIAL_BULLISH_BIAS -> RANGE_COMPRESSION -> BODY_COMPRESSION,EXACT
1788408000000,42,3m,23281,23300,0.4266863278568093,0.41666666666666663,INITIAL_CONTEXT -> RANGE_CHANGE -> DIRECTION_CHANGE -> BODY_CHANGE -> REJECTION -> HOLD,INITIAL_BALANCED_BEHAVIOUR -> RANGE_COMPRESSION -> DIRECTIONAL_SHIFT -> BODY_COMPRESSION -> REJECTION_CLUSTER -> HOLD_CLUSTER,EXACT
1788408000000,42,5m,25960,25979,0.21895641742358002,0.5,INITIAL_CONTEXT -> RANGE_CHANGE -> DIRECTION_CHANGE -> BODY_CHANGE -> LEVEL_INTERACTION,INITIAL_BULLISH_BIAS -> RANGE_COMPRESSION -> DIRECTION_CHANGE_IN_CHARACTER -> BODY_COMPRESSION -> REPEATED_TEST_CLUSTER,EXACT
1788408000000,42,15m,28640,28659,0.4094126939875931,0.6428571428571428,INITIAL_CONTEXT -> BODY_CHANGE -> HOLD -> PULLBACK -> EXPANSION_AFTER_TEST -> HOLD -> EXPANSION_AFTER_TEST,INITIAL_BALANCED_BEHAVIOUR -> BODY_COMPRESSION -> HOLD_CLUSTER -> PULLBACK_CLUSTER -> EXPANSION_AFTER_TEST -> HOLD_CLUSTER -> EXPANSION_AFTER_TEST,EXACT
1788408000000,42,30m,29310,29329,0.20788482315388174,0.6,INITIAL_CONTEXT -> RANGE_CHANGE -> BODY_CHANGE -> HOLD -> EXPANSION_AFTER_TEST,INITIAL_BALANCED_BEHAVIOUR -> RANGE_EXPANSION -> BODY_EXPANSION -> HOLD_CLUSTER -> EXPANSION_AFTER_TEST,EXACT
1788408000000,42,1h,29645,29664,0.18173574059723946,0.625,INITIAL_CONTEXT -> RANGE_CHANGE -> DIRECTION_CHANGE -> BODY_CHANGE -> REJECTION -> EXPANSION_AFTER_TEST -> REJECTION,INITIAL_BEARISH_BIAS -> RANGE_COMPRESSION -> DIRECTION_CHANGE_IN_CHARACTER -> BODY_COMPRESSION -> REJECTION_CLUSTER -> EXPANSION_AFTER_TEST -> REJECTION_CLUSTER,EXACT
1788408000000,42,4h,9897,9916,0.21554698464911562,0.5714285714285714,INITIAL_CONTEXT -> DIRECTION_CHANGE -> BODY_CHANGE -> LEVEL_INTERACTION -> EXPANSION_AFTER_TEST -> REJECTION -> EXPANSION_AFTER_TEST,INITIAL_BULLISH_BIAS -> DIRECTIONAL_SHIFT -> BODY_COMPRESSION -> LEVEL_INTERACTION_CLUSTER -> EXPANSION_AFTER_TEST -> REJECTION_CLUSTER -> EXPANSION_AFTER_TEST,EXACT
1788408000000,42,1d,2966,2985,0.19970107877196952,0.40909090909090906,INITIAL_CONTEXT -> RANGE_CHANGE -> DIRECTION_CHANGE -> BODY_CHANGE -> LEVEL_INTERACTION -> EXPANSION_AFTER_TEST -> HOLD -> REJECTION -> EXPANSION_AFTER_TEST -> PULLBACK -> LEVEL_INTERACTION,INITIAL_BULLISH_BIAS -> RANGE_COMPRESSION -> DIRECTION_CHANGE_IN_CHARACTER -> BODY_COMPRESSION -> REPEATED_TEST_CLUSTER -> LEVEL_INTERACTION_CLUSTER -> EXPANSION_AFTER_TEST -> HOLD_CLUSTER -> REJECTION_CLUSTER -> EXPANSION_AFTER_TEST -> PULLBACK_CLUSTER -> REPEATED_TEST_CLUSTER,ASOF_CONTEXT
1788393600000,50,1m,9641,9660,0.1416112251521256,0.6,INITIAL_CONTEXT -> RANGE_CHANGE -> BODY_CHANGE,INITIAL_BULLISH_BIAS -> RANGE_EXPANSION -> BODY_EXPANSION,EXACT
1788393600000,50,3m,23201,23220,0.36669856741272955,0.875,INITIAL_CONTEXT -> BODY_CHANGE -> REJECTION -> EXPANSION_AFTER_TEST,INITIAL_BULLISH_BIAS -> BODY_COMPRESSION -> REJECTION_CLUSTER -> EXPANSION_AFTER_TEST,EXACT
1788393600000,50,5m,25912,25931,0.3020724094713203,0.75,INITIAL_CONTEXT -> DIRECTION_CHANGE -> BODY_CHANGE -> REJECTION -> EXPANSION_AFTER_TEST,INITIAL_BALANCED_BEHAVIOUR -> DIRECTIONAL_SHIFT -> BODY_COMPRESSION -> REJECTION_CLUSTER -> EXPANSION_AFTER_TEST,EXACT
1788393600000,50,15m,28624,28643,0.3964548487211503,0.4285714285714286,INITIAL_CONTEXT -> BODY_CHANGE -> LEVEL_INTERACTION -> EXPANSION_AFTER_TEST,INITIAL_BALANCED_BEHAVIOUR -> BODY_EXPANSION -> REPEATED_TEST_CLUSTER -> EXPANSION_AFTER_TEST,EXACT
1788393600000,50,30m,29302,29321,0.3275688323007966,0.5,INITIAL_CONTEXT -> RANGE_CHANGE -> BODY_CHANGE -> LEVEL_INTERACTION -> EXPANSION_AFTER_TEST,INITIAL_BALANCED_BEHAVIOUR -> RANGE_COMPRESSION -> BODY_COMPRESSION -> REPEATED_TEST_CLUSTER -> EXPANSION_AFTER_TEST,EXACT
1788393600000,50,1h,29641,29660,0.25723224790723886,0.6875,INITIAL_CONTEXT -> RANGE_CHANGE -> BODY_CHANGE -> REJECTION -> LEVEL_INTERACTION -> EXPANSION_AFTER_TEST,INITIAL_BALANCED_BEHAVIOUR -> RANGE_COMPRESSION -> BODY_COMPRESSION -> REJECTION_CLUSTER -> REPEATED_TEST_CLUSTER -> EXPANSION_AFTER_TEST,EXACT
1788393600000,50,4h,9896,9915,0.1779014186492267,0.5,INITIAL_CONTEXT -> DIRECTION_CHANGE -> BODY_CHANGE -> REJECTION -> EXPANSION_AFTER_TEST -> REJECTION -> LEVEL_INTERACTION -> REJECTION -> EXPANSION_AFTER_TEST -> REJECTION,INITIAL_BULLISH_BIAS -> DIRECTIONAL_SHIFT -> BODY_COMPRESSION -> REJECTION_CLUSTER -> EXPANSION_AFTER_TEST -> REJECTION_CLUSTER -> LEVEL_INTERACTION_CLUSTER -> REJECTION_CLUSTER -> EXPANSION_AFTER_TEST -> REJECTION_CLUSTER,EXACT
1788393600000,50,1d,2966,2985,0.19970107877196952,0.40909090909090906,INITIAL_CONTEXT -> RANGE_CHANGE -> DIRECTION_CHANGE -> BODY_CHANGE -> LEVEL_INTERACTION -> EXPANSION_AFTER_TEST -> HOLD -> REJECTION -> EXPANSION_AFTER_TEST -> PULLBACK -> LEVEL_INTERACTION,INITIAL_BULLISH_BIAS -> RANGE_COMPRESSION -> DIRECTION_CHANGE_IN_CHARACTER -> BODY_COMPRESSION -> REPEATED_TEST_CLUSTER -> LEVEL_INTERACTION_CLUSTER -> EXPANSION_AFTER_TEST -> HOLD_CLUSTER -> REJECTION_CLUSTER -> EXPANSION_AFTER_TEST -> PULLBACK_CLUSTER -> REPEATED_TEST_CLUSTER,ASOF_CONTEXT
1789214400000,55,1m,23321,23340,0.2487059331900179,0.75,INITIAL_CONTEXT -> RANGE_CHANGE -> DIRECTION_CHANGE -> BODY_CHANGE -> LEVEL_INTERACTION -> EXPANSION_AFTER_TEST,INITIAL_BULLISH_BIAS -> RANGE_COMPRESSION -> DIRECTION_CHANGE_IN_CHARACTER -> BODY_COMPRESSION -> REPEATED_TEST_CLUSTER -> EXPANSION_AFTER_TEST,EXACT
1789214400000,55,3m,27761,27780,0.3722994568408138,0.5,INITIAL_CONTEXT -> RANGE_CHANGE -> BODY_CHANGE -> LEVEL_INTERACTION,INITIAL_BALANCED_BEHAVIOUR -> RANGE_EXPANSION -> BODY_EXPANSION -> LEVEL_INTERACTION_CLUSTER,EXACT
1789214400000,55,5m,28648,28667,0.3281671648779822,0.8333333333333334,INITIAL_CONTEXT -> DIRECTION_CHANGE -> BODY_CHANGE -> LEVEL_INTERACTION -> EXPANSION_AFTER_TEST,INITIAL_BALANCED_BEHAVIOUR -> DIRECTIONAL_SHIFT -> BODY_COMPRESSION -> REPEATED_TEST_CLUSTER -> EXPANSION_AFTER_TEST,EXACT
1789214400000,55,15m,29536,29555,0.28240702754989777,0.5,INITIAL_CONTEXT -> DIRECTION_CHANGE -> LEVEL_INTERACTION -> EXPANSION_AFTER_TEST,INITIAL_BULLISH_BIAS -> DIRECTION_CHANGE_IN_CHARACTER -> REPEATED_TEST_CLUSTER -> EXPANSION_AFTER_TEST,EXACT
1789214400000,55,30m,29758,29777,0.17591531693615117,0.4,INITIAL_CONTEXT -> RANGE_CHANGE -> DIRECTION_CHANGE -> BODY_CHANGE,INITIAL_BALANCED_BEHAVIOUR -> RANGE_EXPANSION -> DIRECTION_CHANGE_IN_CHARACTER -> BODY_EXPANSION,EXACT
1789214400000,55,1h,29869,29888,0.19014820647283592,0.625,INITIAL_CONTEXT -> RANGE_CHANGE -> DIRECTION_CHANGE -> BODY_CHANGE -> REJECTION -> HOLD -> EXPANSION_AFTER_TEST,INITIAL_BALANCED_BEHAVIOUR -> RANGE_COMPRESSION -> DIRECTIONAL_SHIFT -> BODY_COMPRESSION -> REJECTION_CLUSTER -> HOLD_CLUSTER -> EXPANSION_AFTER_TEST,EXACT
1789214400000,55,4h,9953,9972,0.34939006908722775,0.5714285714285714,INITIAL_CONTEXT -> RANGE_CHANGE -> BODY_CHANGE -> REJECTION -> EXPANSION_AFTER_TEST -> HOLD -> EXPANSION_AFTER_TEST,INITIAL_BALANCED_BEHAVIOUR -> RANGE_EXPANSION -> BODY_EXPANSION -> REJECTION_CLUSTER -> EXPANSION_AFTER_TEST -> HOLD_CLUSTER -> EXPANSION_AFTER_TEST,EXACT
1789214400000,55,1d,2975,2994,0.3920704278793682,0.4285714285714286,INITIAL_CONTEXT -> DIRECTION_CHANGE -> HOLD -> EXPANSION_AFTER_TEST -> HOLD -> REJECTION -> EXPANSION_AFTER_TEST,INITIAL_BALANCED_BEHAVIOUR -> DIRECTIONAL_SHIFT -> HOLD_CLUSTER -> EXPANSION_AFTER_TEST -> HOLD_CLUSTER -> REJECTION_CLUSTER -> EXPANSION_AFTER_TEST,ASOF_CONTEXT
1789315200000,59,1m,25001,25020,0.3274411244656797,0.5833333333333333,INITIAL_CONTEXT -> RANGE_CHANGE -> LEVEL_INTERACTION -> EXPANSION_AFTER_TEST -> LEVEL_INTERACTION -> EXPANSION_AFTER_TEST,INITIAL_BALANCED_BEHAVIOUR -> RANGE_EXPANSION -> REPEATED_TEST_CLUSTER -> EXPANSION_AFTER_TEST -> REPEATED_TEST_CLUSTER -> EXPANSION_AFTER_TEST,EXACT
1789315200000,59,3m,28321,28340,0.45931535465019374,0.8,INITIAL_CONTEXT -> RANGE_CHANGE -> BODY_CHANGE -> LEVEL_INTERACTION -> EXPANSION_AFTER_TEST,INITIAL_BALANCED_BEHAVIOUR -> RANGE_COMPRESSION -> BODY_COMPRESSION -> REPEATED_TEST_CLUSTER -> EXPANSION_AFTER_TEST,EXACT
1789315200000,59,5m,28984,29003,0.22929987080440278,0.5,INITIAL_CONTEXT -> BODY_CHANGE -> HOLD -> REJECTION,INITIAL_BALANCED_BEHAVIOUR -> BODY_EXPANSION -> HOLD_CLUSTER -> REJECTION_CLUSTER,EXACT
1789315200000,59,15m,29648,29667,0.2566065676075718,0.5,INITIAL_CONTEXT -> DIRECTION_CHANGE -> HOLD -> LEVEL_INTERACTION,INITIAL_BALANCED_BEHAVIOUR -> DIRECTION_CHANGE_IN_CHARACTER -> HOLD_CLUSTER -> LEVEL_INTERACTION_CLUSTER,EXACT
1789315200000,59,30m,29814,29833,0.20604185371041137,0.7,INITIAL_CONTEXT -> DIRECTION_CHANGE -> REJECTION -> EXPANSION_AFTER_TEST -> HOLD,INITIAL_BEARISH_BIAS -> DIRECTIONAL_SHIFT -> REJECTION_CLUSTER -> EXPANSION_AFTER_TEST -> HOLD_CLUSTER,EXACT
1789315200000,59,1h,29897,29916,0.13800827146493577,0.5,INITIAL_CONTEXT -> RANGE_CHANGE -> BODY_CHANGE -> PULLBACK -> EXPANSION_AFTER_TEST,INITIAL_BALANCED_BEHAVIOUR -> RANGE_EXPANSION -> BODY_EXPANSION -> PULLBACK_CLUSTER -> EXPANSION_AFTER_TEST,EXACT
1789315200000,59,4h,9960,9979,0.3241096264086847,0.6428571428571428,INITIAL_CONTEXT -> RANGE_CHANGE -> BODY_CHANGE -> REJECTION -> EXPANSION_AFTER_TEST -> REJECTION -> EXPANSION_AFTER_TEST,INITIAL_BALANCED_BEHAVIOUR -> RANGE_COMPRESSION -> BODY_COMPRESSION -> REJECTION_CLUSTER -> EXPANSION_AFTER_TEST -> REJECTION_CLUSTER -> EXPANSION_AFTER_TEST,EXACT
1789315200000,59,1d,2976,2995,0.42550552494268085,0.41666666666666663,INITIAL_CONTEXT -> HOLD -> REJECTION,INITIAL_BALANCED_BEHAVIOUR -> HOLD_CLUSTER -> REJECTION_CLUSTER,ASOF_CONTEXT
1787990400000,82,1m,2921,2940,0.1710403690578995,0.75,INITIAL_CONTEXT -> RANGE_CHANGE -> DIRECTION_CHANGE -> BODY_CHANGE -> LEVEL_INTERACTION -> EXPANSION_AFTER_TEST,INITIAL_BALANCED_BEHAVIOUR -> RANGE_COMPRESSION -> DIRECTIONAL_SHIFT -> BODY_COMPRESSION -> REPEATED_TEST_CLUSTER -> EXPANSION_AFTER_TEST,EXACT
1787990400000,82,3m,20961,20980,0.5080806013537161,0.7,INITIAL_CONTEXT -> BODY_CHANGE -> REJECTION -> EXPANSION_AFTER_TEST -> PULLBACK,INITIAL_BALANCED_BEHAVIOUR -> BODY_COMPRESSION -> REJECTION_CLUSTER -> EXPANSION_AFTER_TEST -> PULLBACK_CLUSTER,EXACT
1787990400000,82,5m,24568,24587,0.2525065454131708,0.6666666666666667,INITIAL_CONTEXT -> BODY_CHANGE -> LEVEL_INTERACTION -> EXPANSION_AFTER_TEST,INITIAL_BALANCED_BEHAVIOUR -> BODY_COMPRESSION -> REPEATED_TEST_CLUSTER -> EXPANSION_AFTER_TEST,EXACT
1787990400000,82,15m,28176,28195,0.4010186925087541,0.5714285714285714,INITIAL_CONTEXT -> RANGE_CHANGE -> DIRECTION_CHANGE -> HOLD -> EXPANSION_AFTER_TEST -> HOLD,INITIAL_BULLISH_BIAS -> RANGE_EXPANSION -> DIRECTION_CHANGE_IN_CHARACTER -> HOLD_CLUSTER -> EXPANSION_AFTER_TEST -> HOLD_CLUSTER,EXACT
1787990400000,82,30m,29078,29097,0.15406685917961324,0.6428571428571428,INITIAL_CONTEXT -> RANGE_CHANGE -> BODY_CHANGE -> HOLD -> EXPANSION_AFTER_TEST -> REJECTION -> LEVEL_INTERACTION,INITIAL_BALANCED_BEHAVIOUR -> RANGE_COMPRESSION -> BODY_COMPRESSION -> HOLD_CLUSTER -> EXPANSION_AFTER_TEST -> REJECTION_CLUSTER -> LEVEL_INTERACTION_CLUSTER,EXACT
1787990400000,82,1h,29529,29548,0.13888881620282992,0.5625,INITIAL_CONTEXT -> RANGE_CHANGE -> BODY_CHANGE -> LEVEL_INTERACTION -> EXPANSION_AFTER_TEST,INITIAL_BALANCED_BEHAVIOUR -> RANGE_COMPRESSION -> BODY_COMPRESSION -> REPEATED_TEST_CLUSTER -> EXPANSION_AFTER_TEST,EXACT
1787990400000,82,4h,9868,9887,0.18932641963130067,0.5714285714285714,INITIAL_CONTEXT -> DIRECTION_CHANGE -> HOLD -> EXPANSION_AFTER_TEST -> REJECTION -> EXPANSION_AFTER_TEST -> REJECTION,INITIAL_BULLISH_BIAS -> DIRECTION_CHANGE_IN_CHARACTER -> HOLD_CLUSTER -> EXPANSION_AFTER_TEST -> REJECTION_CLUSTER -> EXPANSION_AFTER_TEST -> REJECTION_CLUSTER,EXACT
1787990400000,82,1d,2961,2980,0.09702037939686864,0.16666666666666663,INITIAL_CONTEXT -> RANGE_CHANGE -> DIRECTION_CHANGE -> BODY_CHANGE,INITIAL_BALANCED_BEHAVIOUR -> RANGE_EXPANSION -> DIRECTION_CHANGE_IN_CHARACTER -> BODY_EXPANSION,ASOF_CONTEXT
1787817600000,85,1m,41,60,0.3143995834517098,0.8,INITIAL_CONTEXT -> RANGE_CHANGE -> BODY_CHANGE -> REJECTION,INITIAL_BALANCED_BEHAVIOUR -> RANGE_EXPANSION -> BODY_EXPANSION -> REJECTION_CLUSTER,EXACT
1787817600000,85,3m,20001,20020,0.393615283742776,0.8,INITIAL_CONTEXT -> RANGE_CHANGE -> BODY_CHANGE -> LEVEL_INTERACTION -> EXPANSION_AFTER_TEST,INITIAL_BALANCED_BEHAVIOUR -> RANGE_EXPANSION -> BODY_EXPANSION -> REPEATED_TEST_CLUSTER -> EXPANSION_AFTER_TEST,EXACT
1787817600000,85,5m,23992,24011,0.25888248608079806,0.6666666666666667,INITIAL_CONTEXT -> RANGE_CHANGE -> BODY_CHANGE -> LEVEL_INTERACTION -> EXPANSION_AFTER_TEST,INITIAL_BALANCED_BEHAVIOUR -> RANGE_EXPANSION -> BODY_EXPANSION -> REPEATED_TEST_CLUSTER -> EXPANSION_AFTER_TEST,EXACT
1787817600000,85,15m,27984,28003,0.2292076345263307,0.5714285714285714,INITIAL_CONTEXT -> DIRECTION_CHANGE -> BODY_CHANGE -> HOLD -> REJECTION -> EXPANSION_AFTER_TEST -> HOLD,INITIAL_BEARISH_BIAS -> DIRECTIONAL_SHIFT -> BODY_EXPANSION -> HOLD_CLUSTER -> REJECTION_CLUSTER -> EXPANSION_AFTER_TEST -> HOLD_CLUSTER,EXACT
1787817600000,85,30m,28982,29001,0.20315727249568558,0.6,INITIAL_CONTEXT -> RANGE_CHANGE -> BODY_CHANGE -> REJECTION -> HOLD,INITIAL_BALANCED_BEHAVIOUR -> RANGE_COMPRESSION -> BODY_COMPRESSION -> REJECTION_CLUSTER -> HOLD_CLUSTER,EXACT
1787817600000,85,1h,29481,29500,0.13638886754393978,0.625,INITIAL_CONTEXT -> RANGE_CHANGE -> DIRECTION_CHANGE -> BODY_CHANGE -> LEVEL_INTERACTION -> EXPANSION_AFTER_TEST,INITIAL_BALANCED_BEHAVIOUR -> RANGE_COMPRESSION -> DIRECTIONAL_SHIFT -> BODY_COMPRESSION -> REPEATED_TEST_CLUSTER -> EXPANSION_AFTER_TEST,EXACT
1787817600000,85,4h,9856,9875,0.26691957985956755,0.5,INITIAL_CONTEXT -> RANGE_CHANGE -> HOLD -> EXPANSION_AFTER_TEST -> LEVEL_INTERACTION -> HOLD -> EXPANSION_AFTER_TEST -> REJECTION -> EXPANSION_AFTER_TEST,INITIAL_BALANCED_BEHAVIOUR -> RANGE_COMPRESSION -> HOLD_CLUSTER -> EXPANSION_AFTER_TEST -> REPEATED_TEST_CLUSTER -> HOLD_CLUSTER -> EXPANSION_AFTER_TEST -> REJECTION_CLUSTER -> EXPANSION_AFTER_TEST,EXACT
1787817600000,85,1d,2959,2978,0.0772994410991837,0.25,INITIAL_CONTEXT -> RANGE_CHANGE -> DIRECTION_CHANGE -> BODY_CHANGE -> REJECTION -> EXPANSION_AFTER_TEST,INITIAL_BALANCED_BEHAVIOUR -> RANGE_EXPANSION -> DIRECTION_CHANGE_IN_CHARACTER -> BODY_EXPANSION -> REJECTION_CLUSTER -> EXPANSION_AFTER_TEST,ASOF_CONTEXT
