timeframe,rank,story_similarity,sequence_similarity,feature_similarity,screen_similarity,candidate_start,candidate_end,open_time,close_time,interaction_count,break_count,hold_count,rejection_count,pullback_count,repeated_level_tests,reaction_expansion_count,swing_high_tests,swing_low_tests,body_zone_tests,first_direction,second_direction,direction_shift,first_range,second_range,range_shift,first_body,second_body,body_shift,first_close_location,second_close_location,close_location_shift,first_interaction_position,last_interaction_position,level_count,story,story_event_count,story_phase_count
1m,1,0.8804608467129822,1.0,0.5218433868519289,0.6808791056841411,28237,28256,1789508160000,1789509359999,2,0,0,1,2,1,1,0,0,2,-0.2,0.0,0.2,1.2649999999999182,1.7429999999998926,0.47799999999997445,0.6269999999999982,1.0699999999999363,0.4429999999999381,0.5172062286421211,0.45980413791511776,-0.05740209072700331,1.2,1.3,2,INITIAL_BALANCED_BEHAVIOUR -> RANGE_EXPANSION -> BODY_EXPANSION -> REJECTION_CLUSTER -> EXPANSION_AFTER_TEST,2,5
1m,2,0.8684903936331744,1.0,0.47396157453269755,0.7063625974351586,11059,11078,1788477480000,1788478679999,3,0,3,1,1,2,1,3,3,3,0.2,0.2,0.0,1.0880000000001018,1.5609999999999673,0.47299999999986553,0.6620000000000346,1.2190000000000054,0.5569999999999709,0.5185355542433001,0.6162780908435972,0.09774253660029708,1.0,1.5,3,INITIAL_BALANCED_BEHAVIOUR -> RANGE_EXPANSION -> BODY_EXPANSION -> REJECTION_CLUSTER -> EXPANSION_AFTER_TEST,3,5
1m,3,0.8670517734038727,1.0,0.468207093615491,0.6790412713312277,4665,4684,1788093840000,1788095039999,2,0,1,1,0,0,1,1,0,1,0.1,0.2,0.1,0.93400000000006,1.4289999999999963,0.49499999999993627,0.5720000000000255,0.9289999999999509,0.3569999999999254,0.6178582056051823,0.6199847194416839,0.0021265138365015313,1.0,1.1,5,INITIAL_BALANCED_BEHAVIOUR -> RANGE_EXPANSION -> BODY_EXPANSION -> REJECTION_CLUSTER -> EXPANSION_AFTER_TEST,2,5
1m,4,0.830454509777037,1.0,0.32181803910814805,0.6762220255978119,11056,11075,1788477300000,1788478499999,6,0,6,2,2,5,3,6,6,6,0.2,0.4,0.2,1.1130000000000564,1.6090000000000146,0.49599999999995825,0.6279999999999746,1.0829999999999926,0.45500000000001806,0.4631051744964929,0.7152780908435754,0.2521729163470825,1.1,1.8,2,INITIAL_BALANCED_BEHAVIOUR -> RANGE_EXPANSION -> BODY_EXPANSION -> REJECTION_CLUSTER -> EXPANSION_AFTER_TEST,6,5
1m,5,0.7988461915806371,0.83,0.7053847663225488,0.6891119835131602,17180,17199,1788844740000,1788845939999,5,0,0,1,2,3,3,0,1,4,0.0,0.0,0.0,1.4709999999999581,1.9390000000000327,0.4680000000000746,0.6229999999999564,1.1130000000000564,0.4900000000001,0.5234806293151942,0.4710988171951705,-0.05238181212002374,1.0,1.4,4,INITIAL_BALANCED_BEHAVIOUR -> RANGE_EXPANSION -> BODY_EXPANSION -> REPEATED_TEST_CLUSTER -> EXPANSION_AFTER_TEST,5,5
1m,6,0.7744596279465562,0.908,0.37383851178622446,0.6912034263938273,5752,5771,1788159060000,1788160259999,6,0,5,0,0,4,1,1,5,1,-0.1,0.2,0.30000000000000004,0.9230000000000018,1.536999999999989,0.6139999999999872,0.39700000000002544,0.922000000000071,0.5250000000000455,0.5155166022390046,0.7064730873660556,0.190956485127051,1.0,1.9,4,INITIAL_BALANCED_BEHAVIOUR -> RANGE_EXPANSION -> BODY_EXPANSION -> HOLD_CLUSTER -> EXPANSION_AFTER_TEST,6,5
1m,7,0.7508530251758336,0.83,0.513412100703335,0.6795831175299304,9566,9585,1788387900000,1788389099999,2,0,1,1,0,1,1,2,0,2,-0.2,0.2,0.4,1.2300000000000182,1.202999999999929,-0.027000000000089175,0.5650000000000546,1.0049999999999728,0.43999999999991823,0.4633627271494466,0.6014469660228564,0.13808423887340981,1.0,1.1,4,INITIAL_BALANCED_BEHAVIOUR -> DIRECTIONAL_SHIFT -> BODY_EXPANSION -> REJECTION_CLUSTER -> EXPANSION_AFTER_TEST,2,5
1m,8,0.7397235856910664,0.83,0.46889434276426595,0.6901990007472111,4793,4812,1788101520000,1788102719999,6,0,4,1,2,3,2,3,3,5,0.2,0.4,0.2,1.1499999999999546,1.6919999999999618,0.5420000000000071,0.5000000000000455,1.0569999999999709,0.5569999999999253,0.4385777596002267,0.605583530842898,0.16700577124267124,1.1,1.9,4,INITIAL_BALANCED_BEHAVIOUR -> RANGE_EXPANSION -> BODY_EXPANSION -> REPEATED_TEST_CLUSTER -> EXPANSION_AFTER_TEST,6,5
1m,9,0.7389322546800324,0.83,0.46572901872013,0.675612705964125,19996,20015,1789013700000,1789014899999,4,0,3,1,2,2,2,4,3,3,-0.1,0.2,0.30000000000000004,0.6420000000000528,0.9670000000000527,0.32499999999999996,0.3720000000000255,0.7169999999999618,0.3449999999999363,0.6122124668608013,0.6773249183705025,0.06511245150970113,1.0,1.5,5,INITIAL_BALANCED_BEHAVIOUR -> RANGE_EXPANSION -> BODY_EXPANSION -> REPEATED_TEST_CLUSTER -> EXPANSION_AFTER_TEST,4,5
1m,10,0.7346613089309277,0.8,0.5386452357237107,0.6804632284749996,8090,8109,1788299340000,1788300539999,4,0,1,0,4,2,1,0,2,4,0.0,0.0,0.0,1.0059999999999945,1.8529999999999744,0.84699999999998,0.6489999999999327,1.1309999999999945,0.4820000000000617,0.5221438936610923,0.5699840080800952,0.04784011441900293,1.3,1.9,3,INITIAL_BALANCED_BEHAVIOUR -> RANGE_EXPANSION -> BODY_EXPANSION -> HOLD_CLUSTER -> EXPANSION_AFTER_TEST -> PULLBACK_CLUSTER,4,6
1m,11,0.7251913077226138,0.83,0.41076523089045525,0.668250362326149,8922,8941,1788349260000,1788350459999,8,0,3,1,6,6,3,4,0,4,0.0,0.0,0.0,1.2790000000000419,1.5690000000000055,0.2899999999999636,0.6809999999999491,0.9219999999999345,0.24099999999998545,0.47769807469829767,0.5435012012608251,0.06580312656252746,1.0,1.9,4,INITIAL_BALANCED_BEHAVIOUR -> RANGE_EXPANSION -> BODY_EXPANSION -> REPEATED_TEST_CLUSTER -> EXPANSION_AFTER_TEST,8,5
1m,12,0.7036812460959216,0.83,0.3247249843836867,0.6694205349878022,9291,9310,1788371400000,1788372599999,7,0,6,2,3,5,3,7,5,5,-0.2,-0.2,0.0,1.2429999999999382,1.7290000000000418,0.4860000000001037,0.5989999999999327,1.1650000000000547,0.566000000000122,0.5308199668148779,0.5295885879191453,-0.0012313788957325489,1.0,1.9,3,INITIAL_BALANCED_BEHAVIOUR -> RANGE_EXPANSION -> BODY_EXPANSION -> REPEATED_TEST_CLUSTER -> EXPANSION_AFTER_TEST,7,5
1m,13,0.7003396928068086,0.7535714285714286,0.5406444855129489,0.6851599193334691,26225,26244,1789387440000,1789388639999,2,0,0,1,1,1,2,2,0,2,0.2,0.4,0.2,1.2360000000000126,1.802000000000089,0.5660000000000764,0.6980000000000018,1.2050000000000183,0.5070000000000164,0.44093211705802904,0.6663424349408227,0.22541031788279364,1.1,1.7,3,INITIAL_BALANCED_BEHAVIOUR -> RANGE_EXPANSION -> BODY_EXPANSION -> LEVEL_INTERACTION_CLUSTER -> EXPANSION_AFTER_TEST -> REJECTION_CLUSTER -> EXPANSION_AFTER_TEST,2,7
1m,14,0.6872065884497921,0.75,0.4988263537991685,0.7165624842218826,11568,11587,1788508020000,1788509219999,4,0,3,0,3,1,1,1,2,3,-0.1,0.2,0.30000000000000004,1.3289999999999054,1.6949999999999819,0.3660000000000765,0.6299999999998818,1.0790000000000872,0.44900000000020546,0.5465309195652498,0.5873056213725166,0.04077470180726683,1.5,1.9,4,INITIAL_BALANCED_BEHAVIOUR -> RANGE_EXPANSION -> BODY_EXPANSION -> COUNTERMOVE_AND_RENEWAL -> HOLD_CLUSTER -> EXPANSION_AFTER_TEST,4,6
1m,15,0.6803727773615447,0.67375,0.700241109446179,0.7751522959894426,29990,30009,1789613340000,1789614539999,5,0,0,2,2,3,4,1,0,4,0.1,0.2,0.1,1.524999999999909,1.6210000000000035,0.09600000000009445,0.8820000000000163,1.149999999999909,0.26799999999989277,0.5023979411929357,0.6062116299028739,0.10381368870993823,1.1,1.5,4,INITIAL_BALANCED_BEHAVIOUR -> BODY_EXPANSION -> REJECTION_CLUSTER -> EXPANSION_AFTER_TEST,5,4
1m,16,0.6799912134204817,0.7350000000000001,0.514964853681927,0.6792946504414042,18822,18841,1788943260000,1788944459999,4,0,2,1,3,1,1,3,1,2,-0.1,0.0,0.1,1.1039999999999963,1.4890000000000327,0.3850000000000364,0.53400000000006,0.9159999999999855,0.3819999999999255,0.4878358037557664,0.5924135968943458,0.1045777931385794,1.1,1.9,3,INITIAL_BALANCED_BEHAVIOUR -> RANGE_EXPANSION -> BODY_EXPANSION -> REPEATED_TEST_CLUSTER -> EXPANSION_AFTER_TEST -> HOLD_CLUSTER,4,6
1m,17,0.6748031978481461,0.67375,0.677962791392585,0.7297382600965084,29989,30008,1789613280000,1789614479999,5,0,0,2,2,3,4,1,0,4,-0.1,0.2,0.30000000000000004,1.5239999999998872,1.5860000000000127,0.06200000000012551,0.90300000000002,1.1319999999999255,0.2289999999999055,0.4600250598370139,0.5485845112587956,0.08855945142178168,1.2,1.6,5,INITIAL_BALANCED_BEHAVIOUR -> BODY_EXPANSION -> REJECTION_CLUSTER -> EXPANSION_AFTER_TEST,5,4
1m,18,0.6733843197362259,0.735,0.48853727894490373,0.6707946995319132,9620,9639,1788391140000,1788392339999,4,0,4,1,2,2,1,3,1,3,0.0,0.4,0.4,0.6670000000000982,1.010000000000082,0.34299999999998376,0.3760000000000218,0.7730000000000473,0.3970000000000255,0.6237752376382928,0.6358458821341956,0.012070644495902783,1.6,1.9,4,INITIAL_BALANCED_BEHAVIOUR -> RANGE_EXPANSION -> DIRECTION_CHANGE_IN_CHARACTER -> BODY_EXPANSION -> REJECTION_CLUSTER -> EXPANSION_AFTER_TEST,4,6
1m,19,0.6732543821914837,0.738,0.479017528765935,0.7364419446992267,20748,20767,1789058820000,1789060019999,2,0,1,0,0,1,1,2,0,2,-0.2,0.2,0.4,1.5419999999998708,1.4820000000000164,-0.05999999999985439,0.7260000000000219,0.9540000000000418,0.22800000000001996,0.41288944408315187,0.6229307007168446,0.21004125663369277,1.0,1.1,2,INITIAL_BALANCED_BEHAVIOUR -> DIRECTIONAL_SHIFT -> BODY_EXPANSION -> HOLD_CLUSTER -> EXPANSION_AFTER_TEST,2,5
1m,20,0.6732492093315274,0.75,0.4429968373261099,0.6884473101066142,15754,15773,1788759180000,1788760379999,2,0,1,0,1,1,1,0,2,0,-0.2,0.0,0.2,0.9529999999998836,1.3360000000000127,0.3830000000001291,0.4289999999999964,1.052999999999929,0.6239999999999327,0.4469826709128717,0.5568176233444521,0.10983495243158037,1.6,1.7,3,INITIAL_BALANCED_BEHAVIOUR -> RANGE_EXPANSION -> BODY_EXPANSION -> COUNTERMOVE_AND_RENEWAL -> HOLD_CLUSTER -> EXPANSION_AFTER_TEST,2,6
1m,21,0.6726360781534958,0.7567499999999999,0.4202943126139835,0.6736776422878527,7332,7351,1788253860000,1788255059999,1,0,1,0,0,0,0,0,1,1,0.2,0.4,0.2,1.2170000000000072,1.744999999999982,0.5279999999999747,0.5079999999999927,1.2090000000000145,0.7010000000000218,0.4521917175838568,0.6217191108902493,0.16952739330639255,1.0,1.0,2,INITIAL_BALANCED_BEHAVIOUR -> RANGE_EXPANSION -> BODY_EXPANSION -> HOLD_CLUSTER,1,4
1m,22,0.6719702340212943,0.75,0.4378809360851773,0.6696244388817824,27651,27670,1789473000000,1789474199999,2,0,2,0,1,1,1,0,2,0,0.0,0.1,0.1,0.9029999999998836,1.331999999999971,0.4290000000000874,0.6119999999999891,1.0300000000000182,0.4180000000000291,0.5373842229198955,0.5195620477774091,-0.017822175142486407,1.2,1.3,4,INITIAL_BALANCED_BEHAVIOUR -> RANGE_EXPANSION -> BODY_EXPANSION -> COUNTERMOVE_AND_RENEWAL -> HOLD_CLUSTER -> EXPANSION_AFTER_TEST,2,6
1m,23,0.6695672974934574,0.738,0.46426918997382977,0.6738536115487884,10697,10716,1788455760000,1788456959999,3,0,2,0,1,1,0,3,2,2,-0.2,0.0,0.2,1.6809999999999945,2.048000000000138,0.36700000000014366,0.6260000000001128,1.3470000000001163,0.7210000000000035,0.5032955947312253,0.6293175826931874,0.12602198796196207,1.0,1.9,3,INITIAL_BALANCED_BEHAVIOUR -> RANGE_EXPANSION -> BODY_EXPANSION -> HOLD_CLUSTER -> PULLBACK_CLUSTER,3,5
1m,24,0.6659830377632087,0.7235714285714285,0.49321786533854944,0.6725830509987645,16913,16932,1788828720000,1788829919999,5,0,2,1,3,2,3,5,0,3,-0.1,0.0,0.1,1.0129999999999655,1.5910000000000308,0.5780000000000654,0.5720000000000255,1.177000000000089,0.6050000000000636,0.5228418105874809,0.5871887080195651,0.06434689743208422,1.0,1.9,5,INITIAL_BALANCED_BEHAVIOUR -> RANGE_EXPANSION -> BODY_EXPANSION -> LEVEL_INTERACTION_CLUSTER -> EXPANSION_AFTER_TEST -> HOLD_CLUSTER -> EXPANSION_AFTER_TEST,5,7
1m,25,0.6654713197965662,0.75,0.4118852791862646,0.711469683669159,23871,23890,1789246200000,1789247399999,1,0,1,0,0,0,1,1,0,0,0.1,0.3,0.19999999999999998,0.46700000000005276,0.8860000000001037,0.41900000000005094,0.3170000000000073,0.7530000000000655,0.43600000000005823,0.5602315283400692,0.6552981288011841,0.09506660046111493,1.0,1.0,6,INITIAL_BALANCED_BEHAVIOUR -> RANGE_EXPANSION -> BODY_EXPANSION -> COUNTERMOVE_AND_RENEWAL -> HOLD_CLUSTER -> EXPANSION_AFTER_TEST,1,6
3m,1,0.8582658665130872,1.0,0.43306346605234886,0.7046108272160061,26315,26334,1788950520000,1788954119999,2,0,0,0,1,1,2,0,0,2,0.0,0.2,0.2,2.9170000000000527,2.511999999999989,-0.40500000000006375,1.7980000000000929,1.3140000000001237,-0.4839999999999691,0.49903398092217255,0.5794820704743757,0.08044808955220317,1.0,1.2,3,INITIAL_BALANCED_BEHAVIOUR -> BODY_COMPRESSION -> REPEATED_TEST_CLUSTER -> EXPANSION_AFTER_TEST,2,4
3m,2,0.8392835022155172,1.0,0.3571340088620689,0.7036368701601606,23714,23733,1788482340000,1788485939999,8,0,6,4,3,5,1,6,2,6,-0.2,-0.2,0.0,4.5759999999999765,3.760000000000036,-0.8159999999999403,2.6290000000000417,1.7349999999998544,-0.8940000000001873,0.38403953689103526,0.4307944699866562,0.046754933095620954,1.0,1.9,5,INITIAL_BALANCED_BEHAVIOUR -> BODY_COMPRESSION -> REPEATED_TEST_CLUSTER -> EXPANSION_AFTER_TEST,8,4
3m,3,0.8351186753362245,1.0,0.34047470134489816,0.679262126252011,25909,25928,1788877440000,1788881039999,6,0,5,1,3,5,4,6,0,0,0.2,0.2,0.0,4.325,4.050999999999886,-0.2740000000001146,2.4440000000000053,1.7360000000000126,-0.7079999999999926,0.5296217035977391,0.5529998166167005,0.02337811301896142,1.0,1.8,3,INITIAL_BALANCED_BEHAVIOUR -> BODY_COMPRESSION -> REPEATED_TEST_CLUSTER -> EXPANSION_AFTER_TEST,6,4
3m,4,0.8288843760398521,1.0,0.31553750415940857,0.7103880903444294,5356,5375,1785177900000,1785181499999,7,0,6,1,4,6,3,7,0,0,0.2,0.0,-0.2,3.58900000000001,3.0390000000000326,-0.5499999999999776,2.283999999999969,1.71899999999996,-0.5650000000000093,0.5110513762518728,0.5317505543469719,0.020699178095099136,1.1,1.9,6,INITIAL_BALANCED_BEHAVIOUR -> BODY_COMPRESSION -> REPEATED_TEST_CLUSTER -> EXPANSION_AFTER_TEST,7,4
3m,5,0.7865638496983498,0.885,0.4912553987933989,0.6684439145511627,18494,18513,1787542740000,1787546339999,6,0,1,1,4,4,1,3,0,3,-0.2,0.0,0.2,3.9119999999999893,3.09699999999998,-0.8150000000000093,2.413000000000011,1.956999999999971,-0.45600000000003993,0.43924305711023504,0.5222756708851101,0.08303261377487503,1.0,1.9,5,INITIAL_BALANCED_BEHAVIOUR -> RANGE_COMPRESSION -> REPEATED_TEST_CLUSTER -> EXPANSION_AFTER_TEST,6,4
3m,6,0.7776391047688798,0.86125,0.5268064190755195,0.6601257799424827,22424,22443,1788250140000,1788253739999,6,0,1,0,2,4,1,0,1,5,-0.2,0.0,0.2,5.5070000000000165,4.505999999999995,-1.0010000000000217,3.17800000000002,2.4340000000000144,-0.7440000000000055,0.36460568666782905,0.4907804028968538,0.12617471622902476,1.2,1.8,5,INITIAL_BALANCED_BEHAVIOUR -> BODY_COMPRESSION -> REPEATED_TEST_CLUSTER -> EXPANSION_AFTER_TEST -> HOLD_CLUSTER,6,5
3m,7,0.7321460043664021,0.79875,0.5323340174656086,0.6939874433917806,26188,26207,1788927660000,1788931259999,4,0,0,1,3,2,1,0,0,4,0.0,0.2,0.2,4.044000000000006,3.2869999999999893,-0.7570000000000165,2.455999999999949,1.650999999999931,-0.8050000000000179,0.6285305606656479,0.537326029804708,-0.09120453086093994,1.0,1.6,5,INITIAL_BALANCED_BEHAVIOUR -> BODY_COMPRESSION -> REPEATED_TEST_CLUSTER -> REJECTION_CLUSTER -> EXPANSION_AFTER_TEST,4,5
3m,8,0.7219552254384918,0.7875,0.5253209017539672,0.6829129225183524,26186,26205,1788927300000,1788930899999,3,0,0,2,2,2,1,0,0,3,0.2,0.0,-0.2,3.4010000000000673,3.836999999999944,0.4359999999998765,2.423999999999978,1.8999999999999546,-0.5240000000000236,0.6012338227992043,0.5161959835245794,-0.08503783927462494,1.0,1.8,4,INITIAL_BALANCED_BEHAVIOUR -> BODY_COMPRESSION -> REJECTION_CLUSTER -> EXPANSION_AFTER_TEST,3,4
3m,9,0.6984714522719064,0.7875,0.4313858090876258,0.6811471187001994,20181,20200,1787846400000,1787849999999,6,0,3,1,3,4,1,4,0,2,0.2,0.0,-0.2,4.348999999999978,4.267999999999984,-0.08099999999999419,2.5870000000000344,2.416000000000031,-0.17100000000000337,0.5573569318966572,0.5041169321962611,-0.05323999970039617,1.2,1.9,3,INITIAL_BALANCED_BEHAVIOUR -> COUNTERMOVE_AND_RENEWAL -> REPEATED_TEST_CLUSTER -> EXPANSION_AFTER_TEST,6,4
3m,10,0.6802599929993438,0.7875,0.35853997199737536,0.6640441228712609,19213,19232,1787672160000,1787675759999,8,0,5,3,5,5,2,2,6,4,0.0,-0.2,-0.2,4.1760000000000215,3.6260000000000674,-0.5499999999999541,2.1769999999999983,2.15600000000004,-0.020999999999958163,0.5459299097336041,0.36757709275189127,-0.17835281698171285,1.0,1.9,4,INITIAL_BALANCED_BEHAVIOUR -> HOLD_CLUSTER -> REPEATED_TEST_CLUSTER -> EXPANSION_AFTER_TEST,8,4
3m,11,0.637232752516522,0.7075,0.4264310100660882,0.6723490139087871,26520,26539,1788987420000,1788991019999,5,0,2,2,3,2,2,1,4,1,0.0,0.0,0.0,3.138000000000011,2.703999999999951,-0.4340000000000601,2.5700000000000727,1.8579999999999928,-0.7120000000000799,0.5597295800720901,0.449394651073892,-0.11033492899819808,1.0,1.7,4,INITIAL_BALANCED_BEHAVIOUR -> BODY_COMPRESSION -> LEVEL_INTERACTION_CLUSTER -> EXPANSION_AFTER_TEST -> REPEATED_TEST_CLUSTER -> EXPANSION_AFTER_TEST,5,6
3m,12,0.635111465928767,0.67375,0.5191958637150681,0.665961030414775,12853,12872,1786527360000,1786530959999,5,0,0,0,2,3,1,0,0,5,0.0,0.0,0.0,2.7149999999999865,2.0840000000000147,-0.6309999999999718,1.911999999999989,0.8770000000000209,-1.0349999999999682,0.48017002031459854,0.4717210497979865,-0.008448970516612031,1.0,1.7,5,INITIAL_BALANCED_BEHAVIOUR -> RANGE_COMPRESSION -> BODY_COMPRESSION -> REPEATED_TEST_CLUSTER -> EXPANSION_AFTER_TEST,5,5
3m,13,0.6099177977021636,0.67375,0.4184211908086545,0.6610911325859496,21145,21164,1788019920000,1788023519999,5,0,3,3,2,4,3,5,0,5,0.0,0.0,0.0,3.27199999999998,1.988000000000102,-1.283999999999878,1.5749999999999091,1.071000000000049,-0.5039999999998601,0.5396869883612888,0.5352258404574142,-0.0044611479038746404,1.0,1.5,3,INITIAL_BALANCED_BEHAVIOUR -> RANGE_COMPRESSION -> BODY_COMPRESSION -> REPEATED_TEST_CLUSTER -> EXPANSION_AFTER_TEST,5,5
3m,14,0.602925904651267,0.67875,0.37545361860506826,0.6625399811109688,3694,3713,1784878740000,1784882339999,5,0,5,3,2,3,1,0,5,2,0.0,-0.2,-0.2,2.4620000000000117,2.0490000000000235,-0.41299999999998827,1.6410000000000082,1.2480000000000246,-0.3929999999999836,0.5857651222169507,0.4905827926160791,-0.09518232960087153,1.1,1.6,4,INITIAL_BALANCED_BEHAVIOUR -> BODY_COMPRESSION -> REJECTION_CLUSTER -> EXPANSION_AFTER_TEST -> REJECTION_CLUSTER,5,5
3m,15,0.5984657425355311,0.6725,0.3763629701421242,0.6670011685463061,15830,15849,1787063220000,1787066819999,6,0,6,1,3,4,2,3,3,3,0.0,0.2,0.2,4.211000000000013,3.0720000000000027,-1.13900000000001,2.0390000000000326,1.6599999999999682,-0.3790000000000644,0.5489469478130411,0.5683464883604634,0.019399540547422323,1.1,1.8,4,INITIAL_BALANCED_BEHAVIOUR -> RANGE_COMPRESSION -> REJECTION_CLUSTER -> EXPANSION_AFTER_TEST,6,4
3m,16,0.5922558470514983,0.61625,0.5202733882059929,0.6758907335686994,26187,26206,1788927480000,1788931079999,4,0,0,1,4,2,1,0,0,4,0.2,0.2,0.0,3.93100000000004,3.4579999999999473,-0.4730000000000927,2.4869999999999437,1.6769999999999528,-0.809999999999991,0.6428814924321046,0.5211910604795411,-0.12169043195256346,1.1,1.7,4,INITIAL_BALANCED_BEHAVIOUR -> BODY_COMPRESSION -> PULLBACK_CLUSTER -> REJECTION_CLUSTER -> EXPANSION_AFTER_TEST,4,5
3m,17,0.589359615300117,0.5916666666666667,0.5824384612004684,0.6671874693103799,3677,3696,1784875680000,1784879279999,5,0,0,1,2,3,0,0,0,5,0.2,-0.2,-0.4,3.975,3.738000000000011,-0.236999999999989,3.0339999999999465,2.5860000000000127,-0.4479999999999338,0.6080349194345305,0.5413894437023969,-0.06664547573213353,1.1,1.9,4,INITIAL_BALANCED_BEHAVIOUR -> DIRECTIONAL_SHIFT -> REPEATED_TEST_CLUSTER,5,3
3m,18,0.5879754086014354,0.67375,0.33065163440574175,0.6553575686858283,23619,23638,1788465240000,1788468839999,7,0,5,0,2,6,2,0,7,0,0.0,-0.2,-0.2,4.785999999999968,3.1289999999999965,-1.6569999999999712,3.2159999999998945,2.0279999999999747,-1.1879999999999198,0.5424202847665222,0.456309126359594,-0.08611115840692818,1.0,1.9,4,INITIAL_BALANCED_BEHAVIOUR -> RANGE_COMPRESSION -> BODY_COMPRESSION -> REPEATED_TEST_CLUSTER -> EXPANSION_AFTER_TEST,7,5
3m,19,0.5840067413707724,0.6583333333333333,0.3610269654830893,0.6617988333402341,20092,20111,1787830380000,1787833979999,8,0,4,3,3,6,4,7,1,8,0.0,0.0,0.0,3.594999999999982,3.3350000000000817,-0.2599999999999003,2.216000000000031,1.8049999999999726,-0.4110000000000582,0.5567957712009691,0.4967790909522381,-0.060016680248731025,1.0,1.7,3,INITIAL_BALANCED_BEHAVIOUR -> REPEATED_TEST_CLUSTER -> EXPANSION_AFTER_TEST,8,3
3m,20,0.5795574008784503,0.65,0.3682296035138012,0.6558388924517468,23084,23103,1788368940000,1788372539999,0,0,0,0,0,0,0,0,0,0,0.2,0.2,0.0,3.7289999999999965,3.0239999999999783,-0.7050000000000183,2.51299999999992,1.7789999999999053,-0.7340000000000146,0.5513309477644773,0.5549762517612075,0.0036453039967301315,-1.0,-1.0,4,INITIAL_BALANCED_BEHAVIOUR -> BODY_COMPRESSION,0,2
3m,21,0.5792416687825895,0.6583333333333333,0.3419666751303579,0.6829011638310646,3819,3838,1784901240000,1784904839999,7,0,6,2,3,6,3,0,7,7,0.0,0.2,0.2,4.5939999999999825,3.911000000000013,-0.6829999999999696,2.5,2.343000000000006,-0.1569999999999938,0.5211134238396176,0.5490409071535601,0.02792748331394257,1.0,1.6,4,INITIAL_BALANCED_BEHAVIOUR -> REPEATED_TEST_CLUSTER -> EXPANSION_AFTER_TEST,7,3
3m,22,0.5790199392036888,0.65,0.3660797568147547,0.7230795988913009,5355,5374,1785177720000,1785181319999,0,0,0,0,0,0,0,0,0,0,0.2,0.0,-0.2,3.532999999999993,3.2090000000000374,-0.32399999999995543,2.2569999999999935,1.7739999999999554,-0.48300000000003807,0.5302292338900938,0.5387971439344379,0.008567910044344096,-1.0,-1.0,5,INITIAL_BALANCED_BEHAVIOUR -> BODY_COMPRESSION,0,2
3m,23,0.566751212794263,0.5825,0.5195048511770519,0.662415316459318,12854,12873,1786527540000,1786531139999,5,0,0,0,1,4,2,0,0,5,0.2,-0.2,-0.4,2.858999999999969,2.0050000000000407,-0.8539999999999281,1.980999999999972,0.8730000000000245,-1.1079999999999472,0.550488041516014,0.42787361683187203,-0.12261442468414202,1.0,1.9,5,INITIAL_BALANCED_BEHAVIOUR -> RANGE_COMPRESSION -> DIRECTIONAL_SHIFT -> BODY_COMPRESSION -> REPEATED_TEST_CLUSTER -> EXPANSION_AFTER_TEST,5,6
3m,24,0.5649767491188813,0.6100000000000001,0.42990699647552477,0.6725426016609363,26519,26538,1788987240000,1788990839999,5,0,2,2,3,2,1,1,4,1,0.0,0.0,0.0,3.2740000000000236,2.7929999999999837,-0.48100000000003984,2.689000000000078,2.074000000000024,-0.6150000000000544,0.5686837092207733,0.44001436059897026,-0.12866934862180301,1.1,1.8,4,INITIAL_BALANCED_BEHAVIOUR -> BODY_COMPRESSION -> LEVEL_INTERACTION_CLUSTER -> REJECTION_CLUSTER -> HOLD_CLUSTER -> EXPANSION_AFTER_TEST,5,6
3m,25,0.5554152376177156,0.5916666666666667,0.4466609504708627,0.6598093582291574,22664,22683,1788293340000,1788296939999,3,0,2,2,2,2,0,0,3,3,0.2,0.2,0.0,3.1979999999999564,2.75,-0.44799999999995643,2.068000000000029,1.4700000000000728,-0.5979999999999561,0.5597728464549933,0.4951852211371115,-0.06458762531788176,1.0,1.3,2,INITIAL_BALANCED_BEHAVIOUR -> BODY_COMPRESSION -> REJECTION_CLUSTER,3,3
5m,1,0.8178549512609534,0.9017857142857143,0.5660626621866711,0.6797732251199987,6827,6846,1782662100000,1782668099999,6,0,3,2,2,4,3,0,3,6,-0.2,0.4,0.6000000000000001,3.6800000000000184,3.383999999999992,-0.29600000000002646,1.7770000000000437,1.36400000000001,-0.41300000000003356,0.43182724054334737,0.5475494452666699,0.11572220472332256,1.2,1.9,5,INITIAL_BALANCED_BEHAVIOUR -> DIRECTIONAL_SHIFT -> BODY_COMPRESSION -> REPEATED_TEST_CLUSTER -> EXPANSION_AFTER_TEST -> REJECTION_CLUSTER -> EXPANSION_AFTER_TEST,6,7
5m,2,0.7706418330365287,0.885,0.4275673321461143,0.6613741578635541,29475,29494,1789456500000,1789462499999,9,0,1,2,4,7,2,0,2,9,-0.2,0.4,0.6000000000000001,4.411999999999944,3.885000000000036,-0.5269999999999078,2.4409999999999856,1.3460000000000492,-1.0949999999999365,0.34901104606427447,0.5312237351238382,0.18221268905956378,1.1,1.9,4,INITIAL_BALANCED_BEHAVIOUR -> DIRECTIONAL_SHIFT -> BODY_COMPRESSION -> REPEATED_TEST_CLUSTER -> EXPANSION_AFTER_TEST,9,5
5m,3,0.7706375044222614,0.8466666666666666,0.5425500176890461,0.6697977215959722,27054,27073,1788730200000,1788736199999,6,0,5,3,1,3,1,2,3,4,0.0,0.6,0.6,5.1720000000000255,4.441000000000031,-0.7309999999999945,2.594000000000051,2.054000000000042,-0.5400000000000089,0.39759357093635134,0.6718855743643621,0.2742920034280108,1.1,1.9,4,INITIAL_BALANCED_BEHAVIOUR -> DIRECTION_CHANGE_IN_CHARACTER -> BODY_COMPRESSION -> LEVEL_INTERACTION_CLUSTER -> EXPANSION_AFTER_TEST -> REJECTION_CLUSTER,6,6
5m,4,0.7514601072112057,0.8,0.6058404288448227,0.6628430896987094,10661,10680,1783812300000,1783818299999,7,0,3,1,3,4,0,1,2,5,-0.2,0.2,0.4,4.9540000000000415,4.120000000000028,-0.8340000000000138,2.6610000000000356,1.7680000000000518,-0.8929999999999838,0.39704404718328756,0.5429777828215672,0.1459337356382796,1.1,1.9,3,INITIAL_BALANCED_BEHAVIOUR -> DIRECTIONAL_SHIFT -> BODY_COMPRESSION -> REPEATED_TEST_CLUSTER -> HOLD_CLUSTER,7,5
5m,5,0.696498860398502,0.7166666666666667,0.6359954415940079,0.6513331108739225,934,953,1780894200000,1780900199999,6,0,3,2,2,3,1,1,3,3,-0.4,0.4,0.8,5.697000000000026,5.184000000000014,-0.5130000000000114,3.2529999999999974,2.604000000000019,-0.6489999999999783,0.39913179051066405,0.6334968569648245,0.23436506645416044,1.0,1.5,3,INITIAL_BEARISH_BIAS -> DIRECTIONAL_SHIFT -> REJECTION_CLUSTER -> REPEATED_TEST_CLUSTER -> EXPANSION_AFTER_TEST -> REJECTION_CLUSTER,6,6
5m,6,0.6889698861521675,0.7744047619047618,0.43266525889438484,0.6420025314293595,6828,6847,1782662400000,1782668399999,8,0,3,2,5,6,3,0,4,8,-0.2,0.2,0.4,3.990000000000009,3.3919999999999844,-0.5980000000000247,1.904000000000019,1.3590000000000146,-0.5450000000000044,0.41863322479771164,0.505979821370767,0.08734659657305538,1.1,1.9,4,INITIAL_BALANCED_BEHAVIOUR -> DIRECTIONAL_SHIFT -> BODY_COMPRESSION -> REPEATED_TEST_CLUSTER -> EXPANSION_AFTER_TEST -> REPEATED_TEST_CLUSTER -> EXPANSION_AFTER_TEST,8,7
5m,7,0.682587364579667,0.7350000000000001,0.5253494583186676,0.6440617021887982,6825,6844,1782661500000,1782667499999,4,0,0,0,1,3,2,0,0,4,-0.4,0.4,0.8,3.7540000000000417,3.3659999999999854,-0.3880000000000563,1.8520000000000665,1.2320000000000164,-0.6200000000000501,0.421261092131404,0.5078431906572412,0.08658209852583715,1.4,1.7,4,INITIAL_BEARISH_BIAS -> DIRECTIONAL_SHIFT -> BODY_COMPRESSION -> REPEATED_TEST_CLUSTER -> EXPANSION_AFTER_TEST,4,5
5m,8,0.671151749843057,0.7584523809523809,0.4092498565150857,0.6378603459749175,4193,4212,1781871900000,1781877899999,6,0,2,0,2,4,3,6,0,4,0.0,0.4,0.4,5.469000000000006,4.934999999999991,-0.5340000000000149,3.2710000000000266,2.2919999999999847,-0.9790000000000418,0.4880482415878794,0.6325851257136786,0.14453688412579924,1.0,1.5,5,INITIAL_BALANCED_BEHAVIOUR -> DIRECTION_CHANGE_IN_CHARACTER -> BODY_COMPRESSION -> REPEATED_TEST_CLUSTER -> EXPANSION_AFTER_TEST -> HOLD_CLUSTER -> EXPANSION_AFTER_TEST,6,7
5m,9,0.6708470947205732,0.7606547619047619,0.40142409316800765,0.6455264301459944,4194,4213,1781872200000,1781878199999,6,0,3,1,1,3,3,6,0,3,-0.2,0.4,0.6000000000000001,5.9950000000000045,4.860000000000014,-1.134999999999991,3.590000000000009,2.2440000000000055,-1.3460000000000036,0.42867671149683073,0.6406440661682615,0.2119673546714308,1.0,1.9,6,INITIAL_BALANCED_BEHAVIOUR -> DIRECTIONAL_SHIFT -> BODY_COMPRESSION -> REPEATED_TEST_CLUSTER -> EXPANSION_AFTER_TEST -> HOLD_CLUSTER -> EXPANSION_AFTER_TEST -> LEVEL_INTERACTION_CLUSTER,6,8
5m,10,0.6656025139859953,0.7350000000000001,0.4574100559439815,0.6499097901918575,19760,19779,1786542000000,1786547999999,5,0,4,3,4,4,1,0,5,0,-0.4,0.4,0.8,5.400000000000023,4.608999999999992,-0.7910000000000306,2.8159999999999856,2.1509999999999763,-0.6650000000000094,0.3577397076465812,0.6302578619753898,0.2725181543288086,1.0,1.7,4,INITIAL_BEARISH_BIAS -> DIRECTIONAL_SHIFT -> BODY_COMPRESSION -> REPEATED_TEST_CLUSTER -> EXPANSION_AFTER_TEST,5,5
5m,11,0.6569762894721765,0.685,0.5729051578887056,0.6428266962541561,16021,16040,1785420300000,1785426299999,5,0,4,2,1,3,0,1,4,5,-0.2,0.4,0.6000000000000001,4.628999999999974,4.00300000000002,-0.6259999999999541,2.0980000000000016,1.6589999999999918,-0.4390000000000098,0.38798874667226685,0.6002007517714096,0.2122120050991428,1.1,1.9,3,INITIAL_BALANCED_BEHAVIOUR -> DIRECTIONAL_SHIFT -> BODY_COMPRESSION -> HOLD_CLUSTER -> REJECTION_CLUSTER,5,5
5m,12,0.6519183619840083,0.7051190476190475,0.4923163050788906,0.6406562987960338,29297,29316,1789403100000,1789409099999,8,0,2,3,4,6,1,0,2,8,0.0,0.4,0.4,5.80300000000002,4.897000000000025,-0.9059999999999953,3.4450000000001184,2.5249999999999546,-0.9200000000001638,0.4827345558515206,0.5377928737204147,0.05505831786889415,1.0,1.8,4,INITIAL_BALANCED_BEHAVIOUR -> DIRECTION_CHANGE_IN_CHARACTER -> BODY_COMPRESSION -> COUNTERMOVE_AND_RENEWAL -> REPEATED_TEST_CLUSTER -> EXPANSION_AFTER_TEST -> REJECTION_CLUSTER,8,7
5m,13,0.6474798589502544,0.7350000000000001,0.3849194358010175,0.6521141609090486,29476,29495,1789456800000,1789462799999,10,0,2,2,3,8,2,0,3,10,-0.4,0.6,1.0,4.250999999999976,3.6600000000000366,-0.5909999999999398,2.4460000000000037,1.319000000000051,-1.1269999999999527,0.28772610229757045,0.5855758267964071,0.2978497244988366,1.0,1.9,5,INITIAL_BEARISH_BIAS -> DIRECTIONAL_SHIFT -> BODY_COMPRESSION -> REPEATED_TEST_CLUSTER -> EXPANSION_AFTER_TEST,10,5
5m,14,0.647165844696013,0.7166666666666667,0.4386633787840521,0.6455134808432463,22869,22888,1787474700000,1787480699999,5,0,5,1,3,3,1,5,3,5,-0.4,0.4,0.8,4.067999999999984,3.58799999999992,-0.4800000000000635,2.3370000000000344,1.5460000000000491,-0.7909999999999853,0.3695564587517552,0.5295531412417129,0.15999668248995774,1.1,1.9,3,INITIAL_BEARISH_BIAS -> DIRECTIONAL_SHIFT -> BODY_COMPRESSION -> HOLD_CLUSTER -> EXPANSION_AFTER_TEST -> REJECTION_CLUSTER,5,6
5m,15,0.6401813780685371,0.7027380952380952,0.4525112265598631,0.6764593785131394,29298,29317,1789403400000,1789409399999,9,0,4,4,3,6,1,1,3,8,0.0,0.6,0.6,5.455999999999994,4.820000000000027,-0.6359999999999673,3.0410000000000763,2.4409999999999856,-0.6000000000000907,0.4790651986196436,0.5829783776408495,0.10391317902120589,1.0,1.9,4,INITIAL_BALANCED_BEHAVIOUR -> DIRECTION_CHANGE_IN_CHARACTER -> COUNTERMOVE_AND_RENEWAL -> REPEATED_TEST_CLUSTER -> EXPANSION_AFTER_TEST -> REJECTION_CLUSTER -> HOLD_CLUSTER,9,7
5m,16,0.6395236124130323,0.7350000000000001,0.3530944496521294,0.6460551131499105,11280,11299,1783998000000,1784003999999,6,0,5,0,3,5,2,6,0,0,-0.2,0.6,0.8,2.9989999999999553,2.6140000000000327,-0.3849999999999225,1.9160000000000081,1.254000000000019,-0.661999999999989,0.4165004296638636,0.6637002777237939,0.24719984805993034,1.0,1.6,4,INITIAL_BALANCED_BEHAVIOUR -> DIRECTIONAL_SHIFT -> BODY_COMPRESSION -> HOLD_CLUSTER -> EXPANSION_AFTER_TEST,6,5
5m,17,0.6292428277214878,0.7119047619047619,0.3812570251716653,0.6607135860463883,23319,23338,1787609700000,1787615699999,7,0,7,1,4,4,3,5,2,4,-0.2,0.4,0.6000000000000001,4.5210000000000035,3.6949999999999363,-0.8260000000000671,2.479999999999973,1.9660000000000764,-0.5139999999998965,0.4313737816842716,0.5164653564654376,0.08509157478116597,1.1,1.9,3,INITIAL_BALANCED_BEHAVIOUR -> DIRECTIONAL_SHIFT -> BODY_COMPRESSION -> HOLD_CLUSTER -> EXPANSION_AFTER_TEST -> REJECTION_CLUSTER -> EXPANSION_AFTER_TEST -> HOLD_CLUSTER,7,8
5m,18,0.628956686819342,0.6334523809523809,0.6154696044202254,0.6877646998914436,29981,30000,1789608300000,1789614299999,4,0,1,1,2,2,1,1,1,4,0.0,0.4,0.4,6.460000000000082,4.6300000000000185,-1.8300000000000631,3.591999999999962,2.533000000000084,-1.058999999999878,0.44969479896159203,0.5893479022832906,0.13965310332169856,1.2,1.9,3,INITIAL_BALANCED_BEHAVIOUR -> RANGE_COMPRESSION -> DIRECTION_CHANGE_IN_CHARACTER -> BODY_COMPRESSION -> REPEATED_TEST_CLUSTER -> EXPANSION_AFTER_TEST -> HOLD_CLUSTER,4,7
5m,19,0.6239762554118442,0.6725,0.47840502164737697,0.6415356818890207,26127,26146,1788452100000,1788458099999,3,0,2,0,1,2,0,3,0,3,-0.2,0.4,0.6000000000000001,5.025,4.401000000000067,-0.623999999999933,3.155000000000018,2.3970000000001166,-0.7579999999999014,0.4879518018101455,0.555611126406361,0.06765932459621549,1.0,1.4,2,INITIAL_BALANCED_BEHAVIOUR -> DIRECTIONAL_SHIFT -> BODY_COMPRESSION -> HOLD_CLUSTER,3,4
5m,20,0.6209888045248795,0.675,0.4589552180995178,0.6536827207109462,19759,19778,1786541700000,1786547699999,6,0,4,4,4,4,1,0,5,1,-0.2,0.2,0.4,5.272000000000048,4.852999999999975,-0.4190000000000733,2.699999999999977,2.142999999999984,-0.5569999999999933,0.4159169184327731,0.5657870317885293,0.14987011335575617,1.0,1.8,5,INITIAL_BALANCED_BEHAVIOUR -> DIRECTIONAL_SHIFT -> BODY_COMPRESSION -> REJECTION_CLUSTER -> REPEATED_TEST_CLUSTER -> EXPANSION_AFTER_TEST,6,6
5m,21,0.6165118511504943,0.6470238095238094,0.5249759760305491,0.6449564289053547,11163,11182,1783962900000,1783968899999,4,0,3,2,2,2,2,0,4,3,-0.4,0.2,0.6000000000000001,4.687999999999965,4.251999999999976,-0.4359999999999893,2.5809999999999946,2.0430000000000064,-0.5379999999999883,0.44365563529315893,0.6093310393997229,0.16567540410656395,1.2,1.9,7,INITIAL_BEARISH_BIAS -> DIRECTIONAL_SHIFT -> BODY_COMPRESSION -> REJECTION_CLUSTER -> EXPANSION_AFTER_TEST -> REJECTION_CLUSTER -> EXPANSION_AFTER_TEST,4,7
5m,22,0.6096288849782117,0.6635416666666666,0.4478905399128468,0.6385991016597027,29302,29321,1789404600000,1789410599999,8,0,4,3,1,5,2,4,1,3,-0.2,0.8,1.0,5.498000000000002,4.949000000000024,-0.5489999999999782,3.215000000000009,2.353999999999951,-0.8610000000000584,0.3839042437927759,0.6964658341936785,0.3125615904009026,1.0,1.8,3,INITIAL_BALANCED_BEHAVIOUR -> DIRECTIONAL_SHIFT -> BODY_COMPRESSION -> REJECTION_CLUSTER -> EXPANSION_AFTER_TEST -> REJECTION_CLUSTER -> PULLBACK_CLUSTER -> EXPANSION_AFTER_TEST -> HOLD_CLUSTER,8,9
5m,23,0.6047205050146628,0.6418749999999999,0.4932570200586515,0.6495084749975724,19024,19043,1786321200000,1786327199999,5,0,3,3,1,3,4,3,0,5,0.0,0.6,0.6,4.602999999999975,3.91099999999999,-0.6919999999999851,2.4160000000000084,1.6359999999999446,-0.7800000000000638,0.39814080719329853,0.5774854904211838,0.17934468322788527,1.0,1.6,4,INITIAL_BALANCED_BEHAVIOUR -> DIRECTION_CHANGE_IN_CHARACTER -> BODY_COMPRESSION -> LEVEL_INTERACTION_CLUSTER -> EXPANSION_AFTER_TEST -> REJECTION_CLUSTER -> EXPANSION_AFTER_TEST -> REJECTION_CLUSTER -> EXPANSION_AFTER_TEST,5,9
5m,24,0.5988949171696175,0.6635416666666666,0.40495466867847035,0.649314053663512,9481,9500,1783458300000,1783464299999,9,0,6,4,3,6,2,3,3,6,-0.4,0.4,0.8,4.469000000000028,3.8440000000000283,-0.6249999999999996,2.634999999999991,1.4299999999999955,-1.2049999999999954,0.4486590988896948,0.6303237773196393,0.1816646784299445,1.0,1.9,4,INITIAL_BEARISH_BIAS -> DIRECTIONAL_SHIFT -> BODY_COMPRESSION -> REPEATED_TEST_CLUSTER -> EXPANSION_AFTER_TEST -> REJECTION_CLUSTER -> REPEATED_TEST_CLUSTER -> EXPANSION_AFTER_TEST -> REJECTION_CLUSTER,9,9
5m,25,0.588570406274888,0.6100000000000001,0.5242816250995516,0.6382798831809527,13718,13737,1784729400000,1784735399999,3,0,0,2,0,2,0,0,0,3,0.0,0.8,0.8,6.078000000000043,5.392999999999961,-0.6850000000000822,3.459999999999991,2.4349999999999907,-1.0250000000000004,0.39239645741328766,0.5580921782691464,0.1656957208558587,1.0,1.2,4,INITIAL_BALANCED_BEHAVIOUR -> DIRECTION_CHANGE_IN_CHARACTER -> BODY_COMPRESSION -> REJECTION_CLUSTER,3,4
15m,1,0.6705138358568555,0.6634523809523809,0.6916982005702793,0.7059239701933431,29979,29998,1789595100000,1789613099999,6,0,5,1,3,4,2,5,0,1,0.2,0.0,-0.2,9.633000000000038,10.399000000000068,0.7660000000000302,5.346999999999935,5.285999999999921,-0.061000000000013266,0.639132704114438,0.4736351715569708,-0.1654975325574672,1.0,1.8,4,INITIAL_BALANCED_BEHAVIOUR -> REJECTION_CLUSTER -> EXPANSION_AFTER_TEST -> PULLBACK_CLUSTER -> EXPANSION_AFTER_TEST -> HOLD_CLUSTER,6,6
15m,2,0.6559287532151943,0.7235714285714285,0.45300072714649176,0.7015382246223983,3706,3725,1765949400000,1765967399999,4,0,2,1,0,2,1,2,2,4,0.2,-0.4,-0.6000000000000001,9.011000000000058,10.177999999999974,1.1669999999999163,4.03400000000006,4.620000000000073,0.5860000000000127,0.590807725797979,0.4601082795418461,-0.13069944625613295,1.0,1.5,3,INITIAL_BALANCED_BEHAVIOUR -> DIRECTIONAL_SHIFT -> HOLD_CLUSTER -> EXPANSION_AFTER_TEST -> REJECTION_CLUSTER,4,5
15m,3,0.6480644835140014,0.6928571428571428,0.5136865054845772,0.696472868061927,11061,11080,1772568900000,1772586899999,6,0,5,2,2,4,1,6,0,4,0.2,-0.4,-0.6000000000000001,10.854999999999972,10.92899999999995,0.07399999999997853,5.129000000000019,5.7730000000000015,0.6439999999999824,0.550907794971945,0.4048811606028789,-0.1460266343690661,1.0,1.9,4,INITIAL_BALANCED_BEHAVIOUR -> DIRECTIONAL_SHIFT -> HOLD_CLUSTER -> EXPANSION_AFTER_TEST -> HOLD_CLUSTER -> REJECTION_CLUSTER -> HOLD_CLUSTER -> REJECTION_CLUSTER,6,8
15m,4,0.6393390097425791,0.7027380952380952,0.4491417532560307,0.7103435392039181,27944,27963,1787763600000,1787781599999,6,0,4,2,2,4,3,6,0,6,0.2,-0.2,-0.4,8.586999999999989,9.84699999999998,1.259999999999991,5.3129999999998745,5.294999999999936,-0.01799999999993851,0.5748802613435066,0.5674456008616754,-0.007434660481831168,1.1,1.6,4,INITIAL_BALANCED_BEHAVIOUR -> DIRECTIONAL_SHIFT -> REJECTION_CLUSTER -> EXPANSION_AFTER_TEST -> HOLD_CLUSTER -> EXPANSION_AFTER_TEST,6,6
15m,5,0.6346089796849317,0.7416071428571429,0.31361449016829845,0.6852680991558365,23988,24007,1784203200000,1784221199999,9,0,9,5,4,6,2,7,2,7,0.2,-0.2,-0.4,8.910000000000014,9.86199999999999,0.9519999999999751,5.1149999999999185,5.7410000000000085,0.62600000000009,0.5809073576048419,0.44657160748226615,-0.13433575012257576,1.0,1.9,4,INITIAL_BALANCED_BEHAVIOUR -> DIRECTIONAL_SHIFT -> REJECTION_CLUSTER -> EXPANSION_AFTER_TEST -> REJECTION_CLUSTER -> EXPANSION_AFTER_TEST -> HOLD_CLUSTER -> REJECTION_CLUSTER,9,8
15m,6,0.6330422406934483,0.7518181818181818,0.27671441731924784,0.6831167344045618,2537,2556,1764897300000,1764915299999,10,0,8,1,5,7,5,3,5,10,0.2,-0.2,-0.4,11.197999999999912,11.80699999999988,0.608999999999968,6.121000000000004,6.415000000000054,0.2940000000000502,0.5475740765354563,0.4551231546358926,-0.09245092189956372,1.0,1.9,4,INITIAL_BALANCED_BEHAVIOUR -> DIRECTIONAL_SHIFT -> HOLD_CLUSTER -> EXPANSION_AFTER_TEST -> PULLBACK_CLUSTER -> EXPANSION_AFTER_TEST -> HOLD_CLUSTER -> EXPANSION_AFTER_TEST -> REJECTION_CLUSTER -> HOLD_CLUSTER -> EXPANSION_AFTER_TEST,10,11
15m,7,0.6319693362595108,0.7053571428571428,0.41180591646661463,0.6969521073219357,24333,24352,1784513700000,1784531699999,2,0,1,0,1,1,1,0,2,0,0.2,-0.4,-0.6000000000000001,7.535999999999968,8.067000000000007,0.5310000000000397,3.9430000000000063,3.5809999999999946,-0.36200000000001165,0.5543353434510095,0.4804444621818534,-0.07389088126915616,1.0,1.1,3,INITIAL_BALANCED_BEHAVIOUR -> DIRECTIONAL_SHIFT -> HOLD_CLUSTER -> EXPANSION_AFTER_TEST,2,4
15m,8,0.6273112936313924,0.7053571428571428,0.3931737459541413,0.7279022424112589,16712,16731,1777654800000,1777672799999,4,0,3,0,1,3,3,0,4,4,0.2,-0.2,-0.4,5.929000000000178,6.324000000000024,0.3949999999998459,2.9250000000000456,3.1409999999999854,0.2159999999999398,0.5243691135488568,0.43913712969319796,-0.08523198385565889,1.0,1.3,3,INITIAL_BALANCED_BEHAVIOUR -> DIRECTIONAL_SHIFT -> HOLD_CLUSTER -> EXPANSION_AFTER_TEST,4,4
15m,9,0.6232417470855439,0.7053571428571428,0.3768955597707473,0.6967184497124342,6252,6271,1768240800000,1768258799999,6,0,5,0,2,5,2,0,6,0,0.2,-0.4,-0.6000000000000001,11.626999999999999,9.659000000000015,-1.967999999999984,5.805000000000064,5.586999999999944,-0.21800000000011988,0.6004218730699888,0.40873576096162945,-0.1916861121083594,1.3,1.9,3,INITIAL_BALANCED_BEHAVIOUR -> DIRECTIONAL_SHIFT -> HOLD_CLUSTER -> EXPANSION_AFTER_TEST,6,4
15m,10,0.6096817833304592,0.6864880952380952,0.3792628476075513,0.6910756221886576,15182,15201,1776277800000,1776295799999,9,0,4,1,4,6,3,2,2,7,0.2,-0.2,-0.4,10.390999999999986,10.29000000000001,-0.100999999999976,4.859999999999945,4.938000000000011,0.07800000000006602,0.6140116816790084,0.46847183921699137,-0.14553984246201707,1.0,1.8,4,INITIAL_BALANCED_BEHAVIOUR -> DIRECTIONAL_SHIFT -> HOLD_CLUSTER -> EXPANSION_AFTER_TEST -> REPEATED_TEST_CLUSTER -> EXPANSION_AFTER_TEST -> REJECTION_CLUSTER -> EXPANSION_AFTER_TEST -> REPEATED_TEST_CLUSTER,9,9
15m,11,0.6070961257120246,0.6257142857142858,0.5512416457052415,0.6982513550027969,4376,4395,1766552400000,1766570399999,4,0,2,2,3,2,2,2,0,2,0.0,-0.4,-0.4,9.269000000000005,10.023000000000048,0.7540000000000422,4.29399999999996,4.894000000000051,0.6000000000000911,0.5269775829237087,0.4507310244991524,-0.07624655842455624,1.2,1.6,3,INITIAL_BALANCED_BEHAVIOUR -> DIRECTION_CHANGE_IN_CHARACTER -> REJECTION_CLUSTER -> EXPANSION_AFTER_TEST -> REJECTION_CLUSTER -> EXPANSION_AFTER_TEST -> PULLBACK_CLUSTER,4,7
15m,12,0.5971927766737122,0.6557142857142857,0.42162824955199163,0.7213384594772108,5828,5847,1767859200000,1767877199999,7,0,5,1,2,3,2,2,4,5,0.0,-0.2,-0.2,11.230000000000018,13.074999999999909,1.8449999999998905,6.215000000000055,6.312999999999965,0.09799999999991016,0.5303072567079454,0.48189761087617866,-0.04840964583176677,1.0,1.9,5,INITIAL_BALANCED_BEHAVIOUR -> REJECTION_CLUSTER -> EXPANSION_AFTER_TEST -> PULLBACK_CLUSTER -> HOLD_CLUSTER -> EXPANSION_AFTER_TEST -> HOLD_CLUSTER,7,7
15m,13,0.5970705548686949,0.59875,0.5920322194747792,0.6890833393842405,29978,29997,1789594200000,1789612199999,7,0,5,1,3,5,2,5,0,2,0.0,0.0,0.0,9.548999999999978,10.047000000000072,0.4980000000000935,5.334999999999991,4.779999999999882,-0.555000000000109,0.6022730431448482,0.45598436505699863,-0.14628867808784957,1.0,1.9,4,INITIAL_BALANCED_BEHAVIOUR -> COUNTERMOVE_AND_RENEWAL -> LEVEL_INTERACTION_CLUSTER -> REJECTION_CLUSTER -> EXPANSION_AFTER_TEST -> PULLBACK_CLUSTER -> EXPANSION_AFTER_TEST -> HOLD_CLUSTER,7,8
15m,14,0.5960838769528732,0.6435714285714286,0.45362122209720723,0.6886377477280041,5832,5851,1767862800000,1767880799999,6,0,6,1,1,3,1,2,4,3,0.0,-0.4,-0.4,11.502999999999975,12.146999999999935,0.6439999999999593,5.6059999999999945,5.346000000000049,-0.2599999999999456,0.5183510318156842,0.5335823844508847,0.015231352635200479,1.0,1.9,4,INITIAL_BALANCED_BEHAVIOUR -> DIRECTION_CHANGE_IN_CHARACTER -> HOLD_CLUSTER -> EXPANSION_AFTER_TEST -> REJECTION_CLUSTER,6,5
15m,15,0.5774033062976862,0.57,0.599613225190745,0.6924792166117063,63,82,1762670700000,1762688699999,5,0,4,1,2,3,1,4,0,1,0.2,-0.2,-0.4,10.422999999999956,12.027000000000044,1.604000000000088,5.691999999999962,7.646000000000049,1.9540000000000868,0.5880305392938849,0.5233442881850549,-0.06468625110883008,1.0,1.8,3,INITIAL_BALANCED_BEHAVIOUR -> DIRECTIONAL_SHIFT -> BODY_EXPANSION -> REJECTION_CLUSTER -> EXPANSION_AFTER_TEST -> LEVEL_INTERACTION_CLUSTER -> HOLD_CLUSTER,5,7
15m,16,0.5679955941519588,0.6257142857142858,0.3948395194649779,0.6855049449079286,10290,10309,1771875000000,1771892999999,8,0,6,2,5,5,2,6,3,5,0.4,-0.2,-0.6000000000000001,8.130999999999995,6.9990000000000006,-1.1319999999999943,3.742000000000007,4.313000000000011,0.5710000000000042,0.5733963170351741,0.49314057137754397,-0.08025574565763016,1.0,1.9,5,INITIAL_BULLISH_BIAS -> DIRECTIONAL_SHIFT -> REJECTION_CLUSTER -> EXPANSION_AFTER_TEST -> HOLD_CLUSTER -> EXPANSION_AFTER_TEST -> REJECTION_CLUSTER,8,7
15m,17,0.5591554287311706,0.6226785714285714,0.36858600063896807,0.7192310509742312,14564,14583,1775721600000,1775739599999,8,0,4,4,5,5,3,2,3,5,0.2,-0.2,-0.4,6.91599999999994,6.472999999999911,-0.4430000000000289,3.8030000000000657,2.4020000000000437,-1.401000000000022,0.5350041161574816,0.471813241216012,-0.06319087494146958,1.0,1.9,4,INITIAL_BALANCED_BEHAVIOUR -> DIRECTIONAL_SHIFT -> BODY_COMPRESSION -> REJECTION_CLUSTER -> EXPANSION_AFTER_TEST -> PULLBACK_CLUSTER -> REJECTION_CLUSTER -> EXPANSION_AFTER_TEST -> REJECTION_CLUSTER,8,9
15m,18,0.5563675549868945,0.6235714285714286,0.35475593423329244,0.7020847428659116,7711,7730,1769553900000,1769571899999,7,0,4,1,4,5,0,0,7,1,0.2,-0.4,-0.6000000000000001,9.451999999999998,8.752999999999975,-0.6990000000000229,4.332000000000062,3.645000000000073,-0.6869999999999892,0.5441238538639566,0.4793012260946526,-0.06482262776930398,1.0,1.7,4,INITIAL_BALANCED_BEHAVIOUR -> DIRECTIONAL_SHIFT -> REJECTION_CLUSTER -> PULLBACK_CLUSTER -> HOLD_CLUSTER,7,5
15m,19,0.55543860134263,0.6128571428571428,0.38318297679909175,0.6907463722432325,6253,6272,1768241700000,1768259699999,6,0,5,0,2,5,2,0,6,0,0.0,-0.4,-0.4,10.906999999999972,9.803000000000065,-1.1039999999999068,6.072000000000071,5.159999999999945,-0.912000000000126,0.5444800116165253,0.4279551174653262,-0.11652489415119904,1.2,1.8,4,INITIAL_BALANCED_BEHAVIOUR -> DIRECTION_CHANGE_IN_CHARACTER -> HOLD_CLUSTER -> EXPANSION_AFTER_TEST,6,4
15m,20,0.5524981741399858,0.6308928571428571,0.31731412513137197,0.7178468315833139,19207,19226,1779900300000,1779918299999,8,0,0,3,5,6,3,0,0,8,0.2,-0.2,-0.4,8.17899999999995,7.3279999999999745,-0.850999999999976,4.362000000000012,4.3,-0.06200000000001182,0.6314645240378052,0.4502873951116639,-0.1811771289261413,1.0,1.9,5,INITIAL_BALANCED_BEHAVIOUR -> DIRECTIONAL_SHIFT -> REJECTION_CLUSTER -> EXPANSION_AFTER_TEST -> REJECTION_CLUSTER -> EXPANSION_AFTER_TEST -> REPEATED_TEST_CLUSTER -> EXPANSION_AFTER_TEST,8,8
15m,21,0.5514279929911465,0.6128571428571428,0.36714054339315805,0.6899203931997164,680,699,1763226000000,1763243999999,2,0,0,2,1,1,1,0,0,2,0.2,-0.2,-0.4,14.70300000000002,12.22199999999998,-2.4810000000000407,7.940000000000009,6.438999999999941,-1.5010000000000678,0.5841931682440843,0.40895134466155925,-0.17524182358252505,1.0,1.2,4,INITIAL_BALANCED_BEHAVIOUR -> DIRECTIONAL_SHIFT -> REJECTION_CLUSTER -> EXPANSION_AFTER_TEST,2,4
15m,22,0.5459845635475775,0.5753571428571428,0.4578668256188816,0.6983263617016753,13195,13214,1774489500000,1774507499999,3,0,2,2,1,1,3,2,1,2,0.0,-0.2,-0.2,6.905999999999994,8.973999999999979,2.0679999999999845,3.949999999999909,4.652000000000044,0.7020000000001345,0.5155462502962419,0.47801171877229354,-0.03753453152394837,1.1,1.5,2,INITIAL_BALANCED_BEHAVIOUR -> RANGE_EXPANSION -> REJECTION_CLUSTER -> EXPANSION_AFTER_TEST -> LEVEL_INTERACTION_CLUSTER -> EXPANSION_AFTER_TEST,3,6
15m,23,0.5425440313411704,0.5753571428571428,0.4441046967932533,0.7165799909105334,13196,13215,1774490400000,1774508399999,3,0,2,2,0,1,3,2,1,2,0.0,-0.2,-0.2,7.029999999999973,8.948999999999979,1.9190000000000058,4.339999999999918,4.435000000000036,0.09500000000011788,0.5492019218671889,0.45446816740583873,-0.09473375446135013,1.0,1.4,2,INITIAL_BALANCED_BEHAVIOUR -> RANGE_EXPANSION -> REJECTION_CLUSTER -> EXPANSION_AFTER_TEST -> LEVEL_INTERACTION_CLUSTER -> EXPANSION_AFTER_TEST,3,6
15m,24,0.5383351027193802,0.6053571428571428,0.3372689823060923,0.6846993234407689,20561,20580,1781118900000,1781136899999,7,0,3,0,4,5,0,0,7,5,0.2,-0.2,-0.4,7.8119999999999665,8.91500000000001,1.1030000000000433,3.832000000000062,4.768999999999982,0.9369999999999203,0.5651354763864437,0.5501116938070134,-0.015023782579430267,1.0,1.8,4,INITIAL_BALANCED_BEHAVIOUR -> DIRECTIONAL_SHIFT -> BODY_EXPANSION -> LEVEL_INTERACTION_CLUSTER -> PULLBACK_CLUSTER -> HOLD_CLUSTER,7,6
15m,25,0.5375952001799099,0.6067532467532467,0.33012106045989936,0.6928329489875246,15381,15400,1776456900000,1776474899999,10,0,6,2,3,6,4,2,7,4,0.2,-0.4,-0.6000000000000001,8.436000000000012,8.086999999999943,-0.3490000000000695,3.73400000000006,4.294000000000006,0.5599999999999459,0.5508430046253169,0.4274646784466422,-0.12337832617867467,1.0,1.9,4,INITIAL_BALANCED_BEHAVIOUR -> DIRECTIONAL_SHIFT -> HOLD_CLUSTER -> EXPANSION_AFTER_TEST -> LEVEL_INTERACTION_CLUSTER -> REJECTION_CLUSTER -> HOLD_CLUSTER -> EXPANSION_AFTER_TEST -> REPEATED_TEST_CLUSTER -> EXPANSION_AFTER_TEST -> REJECTION_CLUSTER,10,11
30m,1,0.7846142230355555,0.908,0.41445689214222203,0.6830780803328359,18792,18811,1769439600000,1769475599999,7,0,7,4,4,5,2,7,0,7,-0.2,-0.2,0.0,23.497999999999912,16.100999999999978,-7.3969999999999345,8.48400000000006,7.775999999999885,-0.7080000000001752,0.45438754985098473,0.4293620974424983,-0.025025452408486415,1.0,1.8,3,INITIAL_BALANCED_BEHAVIOUR -> RANGE_COMPRESSION -> HOLD_CLUSTER -> EXPANSION_AFTER_TEST -> REJECTION_CLUSTER,7,5
30m,2,0.7764945907796912,0.908,0.3819783631187646,0.6392128932095237,18793,18812,1769441400000,1769477399999,7,0,7,5,5,5,1,7,0,7,-0.2,0.0,0.2,21.207999999999902,16.701999999999998,-4.505999999999904,9.047000000000072,8.270999999999868,-0.7760000000002041,0.4462862841686543,0.5098162698682056,0.06352998569955132,1.1,1.9,3,INITIAL_BALANCED_BEHAVIOUR -> RANGE_COMPRESSION -> HOLD_CLUSTER -> EXPANSION_AFTER_TEST -> REJECTION_CLUSTER,7,5
30m,3,0.7446445433606514,0.83,0.48857817344260623,0.6888479308724117,6836,6855,1747918800000,1747954799999,7,0,4,0,3,5,1,0,4,3,-0.2,0.0,0.2,23.37599999999993,16.511999999999944,-6.863999999999987,8.37800000000002,7.385999999999877,-0.992000000000143,0.49561077844556173,0.414230053010776,-0.08138072543478575,1.1,1.9,4,INITIAL_BALANCED_BEHAVIOUR -> RANGE_COMPRESSION -> REPEATED_TEST_CLUSTER -> EXPANSION_AFTER_TEST -> HOLD_CLUSTER,7,5
30m,4,0.7419325700794965,0.83,0.4777302803179862,0.6633916403081852,6837,6856,1747920600000,1747956599999,8,0,5,0,2,6,2,0,5,3,0.0,0.0,0.0,23.146999999999935,16.41399999999994,-6.732999999999993,8.32800000000002,8.28199999999988,-0.04600000000014148,0.5316544762187018,0.40499059608418675,-0.12666388013451502,1.0,1.9,3,INITIAL_BALANCED_BEHAVIOUR -> RANGE_COMPRESSION -> REPEATED_TEST_CLUSTER -> EXPANSION_AFTER_TEST -> HOLD_CLUSTER,8,5
30m,5,0.6982618234732695,0.8160000000000001,0.34504729389307753,0.6455768784220988,5085,5104,1744767000000,1744802999999,7,0,3,5,6,5,2,0,5,7,0.0,0.0,0.0,13.354000000000019,10.232000000000017,-3.1220000000000017,5.371000000000004,5.039000000000033,-0.33199999999997143,0.49068055912514563,0.37076789035314917,-0.11991266877199647,1.0,1.9,5,INITIAL_BALANCED_BEHAVIOUR -> RANGE_COMPRESSION -> REJECTION_CLUSTER -> EXPANSION_AFTER_TEST -> REJECTION_CLUSTER,7,5
30m,6,0.6567044375448243,0.738,0.41281775017929734,0.6387961505798341,28770,28789,1787400000000,1787435999999,7,0,6,2,1,4,3,5,1,6,-0.2,-0.2,0.0,12.173000000000048,12.460999999999967,0.28799999999991854,5.538000000000011,6.3669999999999165,0.8289999999999056,0.48552056385770814,0.4255927657738138,-0.05992779808389437,1.0,1.9,3,INITIAL_BALANCED_BEHAVIOUR -> LEVEL_INTERACTION_CLUSTER -> REJECTION_CLUSTER -> EXPANSION_AFTER_TEST -> HOLD_CLUSTER,7,5
30m,7,0.6453950250549315,0.6942499999999999,0.49883010021972635,0.6897908527236267,11682,11701,1756641600000,1756677599999,7,0,6,2,3,5,0,3,4,7,0.0,0.2,0.2,21.75599999999995,16.43199999999997,-5.32399999999998,8.680000000000017,8.63100000000004,-0.04899999999997817,0.5165402047572267,0.46450445950453584,-0.05203574525269089,1.0,1.9,3,INITIAL_BALANCED_BEHAVIOUR -> RANGE_COMPRESSION -> REJECTION_CLUSTER -> HOLD_CLUSTER,7,4
30m,8,0.6403679823551229,0.7235714285714285,0.39075764370620625,0.6357490267515801,16436,16455,1765198800000,1765234799999,9,0,5,4,3,6,1,5,1,8,0.0,0.2,0.2,33.46200000000003,22.278999999999904,-11.183000000000128,10.678999999999997,9.801999999999998,-0.8769999999999989,0.4623672731585781,0.4961682201131669,0.033800946954588795,1.0,1.9,4,INITIAL_BALANCED_BEHAVIOUR -> RANGE_COMPRESSION -> REJECTION_CLUSTER -> EXPANSION_AFTER_TEST -> HOLD_CLUSTER -> PULLBACK_CLUSTER -> REPEATED_TEST_CLUSTER,9,7
30m,9,0.6310539764416786,0.6735714285714285,0.5035016200524288,0.7755762072984628,29979,29998,1789576200000,1789612199999,6,0,5,3,2,3,2,4,2,2,-0.2,-0.2,0.0,26.404999999999973,14.582999999999947,-11.822000000000026,8.323999999999932,8.204999999999927,-0.1190000000000051,0.5026459983522513,0.47308976307115946,-0.02955623528109186,1.0,1.9,4,INITIAL_BALANCED_BEHAVIOUR -> RANGE_COMPRESSION -> REJECTION_CLUSTER -> EXPANSION_AFTER_TEST -> REJECTION_CLUSTER -> EXPANSION_AFTER_TEST -> HOLD_CLUSTER,6,7
30m,10,0.6253885249032448,0.7,0.4015540996129798,0.6672423479176939,2857,2876,1740756600000,1740792599999,7,0,7,3,6,5,1,1,6,6,0.0,0.2,0.2,28.359999999999946,16.966999999999963,-11.392999999999983,10.472999999999866,7.484000000000014,-2.9889999999998516,0.42487257537100287,0.49604444857817587,0.071171873207173,1.0,1.9,3,INITIAL_BALANCED_BEHAVIOUR -> RANGE_COMPRESSION -> BODY_COMPRESSION -> REJECTION_CLUSTER -> EXPANSION_AFTER_TEST -> HOLD_CLUSTER,7,6
30m,11,0.6124853103228655,0.7,0.34994124129146226,0.6524881877147917,10558,10577,1754618400000,1754654399999,5,0,5,1,1,3,1,0,5,3,0.0,0.0,0.0,25.65300000000002,16.911999999999942,-8.741000000000078,13.627999999999929,7.466000000000031,-6.161999999999898,0.5017377592602671,0.5134593277183764,0.011721568458109344,1.0,1.9,5,INITIAL_BALANCED_BEHAVIOUR -> RANGE_COMPRESSION -> BODY_COMPRESSION -> REJECTION_CLUSTER -> EXPANSION_AFTER_TEST -> HOLD_CLUSTER,5,6
30m,12,0.6009170741366898,0.66,0.4236682965467591,0.6416190687475108,15068,15087,1762736400000,1762772399999,7,0,3,2,6,5,0,1,6,6,-0.2,-0.2,0.0,22.115999999999985,17.491999999999962,-4.624000000000024,6.735000000000037,8.466000000000031,1.7309999999999945,0.40681760510862564,0.4377779018696796,0.03096029676105394,1.0,1.9,3,INITIAL_BALANCED_BEHAVIOUR -> RANGE_COMPRESSION -> BODY_EXPANSION -> REPEATED_TEST_CLUSTER -> HOLD_CLUSTER,7,5
30m,13,0.5970937180089266,0.67875,0.35212487203570675,0.6338956194885523,27042,27061,1784289600000,1784325599999,3,0,0,0,1,2,1,3,0,0,-0.2,0.0,0.2,12.855000000000018,8.826000000000022,-4.028999999999996,5.007999999999993,4.919000000000028,-0.08899999999996488,0.541757205300791,0.47876113763761496,-0.062996067663176,1.0,1.4,4,INITIAL_BALANCED_BEHAVIOUR -> RANGE_COMPRESSION -> REPEATED_TEST_CLUSTER -> EXPANSION_AFTER_TEST,3,4
30m,14,0.5944928169905012,0.66,0.39797126796200455,0.6425655809390954,29200,29219,1788174000000,1788209999999,7,0,5,1,4,5,1,7,0,0,-0.2,-0.2,0.0,15.130999999999949,12.302999999999884,-2.828000000000065,6.097999999999956,5.612000000000035,-0.4859999999999216,0.4370484726992423,0.38359021840045493,-0.05345825429878737,1.0,1.9,5,INITIAL_BALANCED_BEHAVIOUR -> COUNTERMOVE_AND_RENEWAL -> REPEATED_TEST_CLUSTER -> EXPANSION_AFTER_TEST -> HOLD_CLUSTER,7,5
30m,15,0.5944113207988664,0.67875,0.3413952831954657,0.6361303450195406,22776,22795,1776610800000,1776646799999,2,0,2,0,1,1,2,0,2,0,-0.2,-0.2,0.0,14.648000000000048,14.354000000000042,-0.2940000000000058,5.072000000000026,7.729999999999973,2.657999999999947,0.4803250347414848,0.48746591305024667,0.007140878308761867,1.0,1.2,5,INITIAL_BALANCED_BEHAVIOUR -> BODY_EXPANSION -> HOLD_CLUSTER -> EXPANSION_AFTER_TEST,2,4
30m,16,0.5914295373984207,0.6435714285714286,0.43500386387939727,0.6927199156791317,29978,29997,1789574400000,1789610399999,6,0,3,3,2,3,2,3,0,3,0.0,-0.2,-0.2,26.66599999999994,14.148000000000001,-12.517999999999939,8.139999999999919,8.242999999999938,0.1030000000000193,0.5656960081184946,0.4285883031812109,-0.13710770493728375,1.0,1.7,5,INITIAL_BALANCED_BEHAVIOUR -> RANGE_COMPRESSION -> REJECTION_CLUSTER -> EXPANSION_AFTER_TEST -> LEVEL_INTERACTION_CLUSTER -> REJECTION_CLUSTER -> EXPANSION_AFTER_TEST,6,7
30m,17,0.5883886951080509,0.635,0.4485547804322036,0.6380284794483811,6835,6854,1747917000000,1747952999999,7,0,3,1,2,5,1,0,3,4,0.0,0.0,0.0,24.19399999999996,16.17499999999991,-8.019000000000052,9.185000000000036,6.835999999999876,-2.34900000000016,0.5275384590532248,0.4513583761068579,-0.07618008294636691,1.0,1.9,4,INITIAL_BALANCED_BEHAVIOUR -> RANGE_COMPRESSION -> BODY_COMPRESSION -> REPEATED_TEST_CLUSTER -> EXPANSION_AFTER_TEST -> HOLD_CLUSTER,7,6
30m,18,0.5861848798153194,0.5935714285714286,0.5640252335469916,0.6855095708315414,20474,20493,1772467200000,1772503199999,6,0,6,2,4,4,2,3,3,3,-0.2,0.2,0.4,24.70999999999999,13.65,-11.05999999999999,7.413999999999964,6.834000000000037,-0.5799999999999272,0.4450284276014074,0.4074938706152501,-0.037534556986157264,1.2,1.9,3,INITIAL_BALANCED_BEHAVIOUR -> RANGE_COMPRESSION -> DIRECTIONAL_SHIFT -> REJECTION_CLUSTER -> EXPANSION_AFTER_TEST -> REJECTION_CLUSTER -> EXPANSION_AFTER_TEST,6,7
30m,19,0.5844082598580063,0.65,0.3876330394320247,0.6468917192258521,6423,6442,1747175400000,1747211399999,4,0,1,3,3,2,2,0,3,4,-0.2,0.0,0.2,31.154000000000043,22.024999999999956,-9.129000000000087,12.784000000000015,11.103999999999996,-1.6800000000000193,0.431324049583512,0.5376806492884205,0.10635659970490852,1.1,1.8,4,INITIAL_BALANCED_BEHAVIOUR -> RANGE_COMPRESSION -> PULLBACK_CLUSTER -> EXPANSION_AFTER_TEST -> REJECTION_CLUSTER -> EXPANSION_AFTER_TEST,4,6
30m,20,0.5842950543035096,0.65,0.3871802172140382,0.6372862372581684,22778,22797,1776614400000,1776650399999,3,0,2,2,0,2,2,0,3,3,-0.2,0.2,0.4,15.192000000000053,12.90300000000011,-2.288999999999943,6.248000000000002,6.441000000000031,0.19300000000002893,0.44222304242434635,0.5012480002054389,0.05902495778109257,1.0,1.9,3,INITIAL_BALANCED_BEHAVIOUR -> DIRECTIONAL_SHIFT -> HOLD_CLUSTER -> EXPANSION_AFTER_TEST -> REJECTION_CLUSTER -> EXPANSION_AFTER_TEST,3,6
30m,21,0.5815982762056802,0.6428571428571429,0.3978216762512916,0.633374891466112,29203,29222,1788179400000,1788215399999,9,0,5,2,5,7,1,7,0,2,-0.2,-0.2,0.0,15.286999999999898,11.332999999999993,-3.9539999999999047,5.621999999999934,5.6610000000001035,0.039000000000169344,0.42575931533934214,0.40941525370105214,-0.016344061638289997,1.0,1.8,4,INITIAL_BALANCED_BEHAVIOUR -> RANGE_COMPRESSION -> HOLD_CLUSTER -> PULLBACK_CLUSTER -> EXPANSION_AFTER_TEST -> REPEATED_TEST_CLUSTER -> REJECTION_CLUSTER -> HOLD_CLUSTER,9,8
30m,22,0.5766343747389312,0.6535714285714286,0.34582321324143905,0.6443812974827826,10559,10578,1754620200000,1754656199999,5,0,4,0,1,3,2,0,5,3,0.0,-0.2,-0.2,27.04200000000001,16.011999999999944,-11.030000000000065,14.198999999999888,7.753000000000066,-6.445999999999822,0.5178621766141572,0.4846144233343117,-0.03324775327984553,1.0,1.9,4,INITIAL_BALANCED_BEHAVIOUR -> RANGE_COMPRESSION -> BODY_COMPRESSION -> HOLD_CLUSTER -> EXPANSION_AFTER_TEST -> HOLD_CLUSTER -> EXPANSION_AFTER_TEST,5,7
30m,23,0.5748596593557134,0.6435714285714286,0.36872435170856804,0.6397273273348122,25162,25181,1780905600000,1780941599999,9,0,4,4,4,7,2,4,0,5,0.0,0.2,0.2,15.809000000000015,12.822000000000026,-2.9869999999999894,7.657999999999947,5.722000000000003,-1.935999999999944,0.5051708661208192,0.484615164187929,-0.02055570193289019,1.0,1.9,4,INITIAL_BALANCED_BEHAVIOUR -> BODY_COMPRESSION -> HOLD_CLUSTER -> EXPANSION_AFTER_TEST -> REPEATED_TEST_CLUSTER -> EXPANSION_AFTER_TEST -> REJECTION_CLUSTER,9,7
30m,24,0.5647908437993205,0.6000000000000001,0.4591633751972821,0.6329955128556504,11681,11700,1756639800000,1756675799999,8,0,7,4,4,5,0,3,5,5,0.0,0.2,0.2,22.171000000000003,16.322999999999865,-5.8480000000001375,8.728999999999996,8.05600000000004,-0.6729999999999556,0.515292537761193,0.4734675935715583,-0.04182494418963467,1.0,1.9,4,INITIAL_BALANCED_BEHAVIOUR -> RANGE_COMPRESSION -> REJECTION_CLUSTER -> HOLD_CLUSTER -> PULLBACK_CLUSTER -> REJECTION_CLUSTER,8,6
30m,25,0.5582069293370113,0.5971666666666666,0.4413277173480452,0.636355720923953,2157,2176,1739496600000,1739532599999,4,0,4,1,2,3,0,4,0,4,0.0,0.0,0.0,15.015999999999986,10.702000000000044,-4.313999999999941,5.64699999999998,5.487000000000035,-0.15999999999994508,0.42730797948522736,0.4595029107369409,0.03219493125171352,1.1,1.9,3,INITIAL_BALANCED_BEHAVIOUR -> RANGE_COMPRESSION -> REJECTION_CLUSTER,4,3
1h,1,0.640866919797022,0.7088888888888889,0.4368010125214211,0.6538376432674061,23626,23645,1766667600000,1766739599999,5,0,4,1,2,3,0,2,3,3,0.0,0.4,0.4,19.30999999999999,26.7,7.390000000000008,9.449000000000023,13.510000000000081,4.061000000000059,0.5527087911423941,0.5530112589512917,0.000302467808897533,1.4,1.9,3,INITIAL_BALANCED_BEHAVIOUR -> RANGE_EXPANSION -> DIRECTION_CHANGE_IN_CHARACTER -> BODY_EXPANSION -> COUNTERMOVE_AND_RENEWAL -> HOLD_CLUSTER -> REJECTION_CLUSTER -> REPEATED_TEST_CLUSTER -> HOLD_CLUSTER,5,9
1h,2,0.631470163976406,0.7185555555555556,0.37021398923895704,0.6463704791303502,29828,29847,1788994800000,1789066799999,5,0,4,2,0,2,2,1,4,5,0.0,0.0,0.0,12.684999999999992,21.359000000000016,8.674000000000024,5.145999999999958,11.516999999999916,6.370999999999958,0.6038162235798884,0.6022328393829489,-0.0015833841969394857,1.0,1.9,4,INITIAL_BALANCED_BEHAVIOUR -> RANGE_EXPANSION -> BODY_EXPANSION -> COUNTERMOVE_AND_RENEWAL -> REJECTION_CLUSTER -> HOLD_CLUSTER -> EXPANSION_AFTER_TEST -> LEVEL_INTERACTION_CLUSTER -> EXPANSION_AFTER_TEST -> REJECTION_CLUSTER,5,10
1h,3,0.6222254325734615,0.6824747474747475,0.4414774878696038,0.6690909180799034,27139,27158,1779314400000,1779386399999,5,0,2,1,2,2,2,2,0,3,0.0,0.4,0.4,11.415000000000054,15.601999999999999,4.186999999999944,4.710999999999967,6.932000000000016,2.221000000000049,0.5217027438940725,0.48847976606540994,-0.033222977828662514,1.0,1.9,4,INITIAL_BALANCED_BEHAVIOUR -> RANGE_EXPANSION -> DIRECTION_CHANGE_IN_CHARACTER -> BODY_EXPANSION -> COUNTERMOVE_AND_RENEWAL -> REJECTION_CLUSTER -> PULLBACK_CLUSTER -> EXPANSION_AFTER_TEST -> REPEATED_TEST_CLUSTER -> EXPANSION_AFTER_TEST -> HOLD_CLUSTER,5,11
1h,4,0.6212404781559033,0.7098214285714286,0.35549762690932774,0.7054644793865534,10506,10525,1719435600000,1719507599999,3,0,1,1,1,1,1,2,0,1,0.0,0.4,0.4,14.717000000000008,22.82000000000007,8.103000000000064,6.09099999999994,11.605999999999948,5.515000000000009,0.5436534106709624,0.5896409301736638,0.04598751950270141,1.0,1.4,3,INITIAL_BALANCED_BEHAVIOUR -> RANGE_EXPANSION -> DIRECTION_CHANGE_IN_CHARACTER -> BODY_EXPANSION -> REJECTION_CLUSTER -> HOLD_CLUSTER -> EXPANSION_AFTER_TEST,3,7
1h,5,0.6033605714615452,0.6655555555555556,0.4167756191795144,0.6701602996920141,16722,16741,1741813200000,1741885199999,6,0,0,1,1,4,2,0,0,6,-0.2,0.2,0.4,18.899000000000022,27.177999999999976,8.278999999999954,7.7509999999999994,9.938999999999965,2.187999999999965,0.41695340753740107,0.5079802501167434,0.09102684257934235,1.0,1.9,3,INITIAL_BALANCED_BEHAVIOUR -> RANGE_EXPANSION -> DIRECTIONAL_SHIFT -> BODY_EXPANSION -> REJECTION_CLUSTER -> EXPANSION_AFTER_TEST -> REPEATED_TEST_CLUSTER -> EXPANSION_AFTER_TEST -> REPEATED_TEST_CLUSTER,6,9
1h,6,0.5819728340619206,0.6222222222222222,0.4612246695810157,0.6719891922897933,171,190,1682229600000,1682301599999,6,0,4,2,1,3,2,1,4,5,0.0,0.2,0.2,10.338000000000033,17.178999999999974,6.840999999999941,3.83599999999999,6.080000000000018,2.2440000000000278,0.4939829225613474,0.49949663409072836,0.00551371152938096,1.0,1.9,4,INITIAL_BALANCED_BEHAVIOUR -> RANGE_EXPANSION -> BODY_EXPANSION -> COUNTERMOVE_AND_RENEWAL -> REJECTION_CLUSTER -> EXPANSION_AFTER_TEST -> HOLD_CLUSTER -> EXPANSION_AFTER_TEST -> PULLBACK_CLUSTER,6,9
1h,7,0.5708224315229126,0.6150595238095238,0.43811115466307887,0.6665612239751793,678,697,1684054800000,1684126799999,6,0,4,2,3,4,1,4,2,0,-0.2,0.2,0.4,9.19299999999996,12.434999999999992,3.242000000000031,3.9879999999999654,5.674000000000001,1.686000000000036,0.5597808131520222,0.5650545709612025,0.005273757809180268,1.0,1.9,4,INITIAL_BALANCED_BEHAVIOUR -> RANGE_EXPANSION -> DIRECTIONAL_SHIFT -> BODY_EXPANSION -> REJECTION_CLUSTER -> REPEATED_TEST_CLUSTER -> EXPANSION_AFTER_TEST,6,7
1h,8,0.5647302550062762,0.621875,0.39329602002510494,0.6538782175956988,21065,21084,1757448000000,1757519999999,4,0,2,3,1,3,1,4,0,4,0.0,0.6,0.6,21.851000000000113,33.36999999999989,11.518999999999778,10.799000000000069,14.435999999999968,3.636999999999899,0.5699088919123262,0.621324021389146,0.05141512947681981,1.0,1.5,2,INITIAL_BALANCED_BEHAVIOUR -> RANGE_EXPANSION -> DIRECTION_CHANGE_IN_CHARACTER -> BODY_EXPANSION -> REJECTION_CLUSTER -> EXPANSION_AFTER_TEST,4,6
1h,9,0.5600633269267267,0.6225,0.37275330770690646,0.6630880040091119,413,432,1683100800000,1683172799999,2,0,1,1,1,0,0,1,0,2,0.0,0.4,0.4,13.058000000000016,16.902000000000044,3.844000000000028,6.374999999999955,7.2449999999999815,0.8700000000000268,0.525413845817851,0.5868982543930497,0.06148440857519866,1.1,1.2,3,INITIAL_BALANCED_BEHAVIOUR -> RANGE_EXPANSION -> DIRECTION_CHANGE_IN_CHARACTER -> HOLD_CLUSTER -> REJECTION_CLUSTER,2,5
1h,10,0.5571601741687137,0.6097777777777778,0.3993073633415214,0.6491302039324797,2639,2658,1691114400000,1691186399999,5,0,4,1,2,2,2,3,2,1,-0.2,0.2,0.4,4.6889999999999645,10.354999999999972,5.6660000000000075,2.10300000000002,4.483000000000038,2.3800000000000177,0.5408115735082273,0.5100648857798676,-0.030746687728359645,1.0,1.7,3,INITIAL_BALANCED_BEHAVIOUR -> RANGE_EXPANSION -> DIRECTIONAL_SHIFT -> BODY_EXPANSION -> HOLD_CLUSTER -> REJECTION_CLUSTER -> HOLD_CLUSTER -> EXPANSION_AFTER_TEST -> HOLD_CLUSTER -> EXPANSION_AFTER_TEST,5,10
1h,11,0.5549528723355408,0.621875,0.3541864893421635,0.6530370533159869,24166,24185,1768611600000,1768683599999,3,0,3,1,0,2,1,3,0,0,0.0,0.4,0.4,6.741000000000031,10.1900000000001,3.44900000000007,1.9730000000000474,4.817999999999893,2.8449999999998457,0.6256142959965187,0.5612990912290681,-0.06431520476745067,1.0,1.2,4,INITIAL_BALANCED_BEHAVIOUR -> RANGE_EXPANSION -> DIRECTION_CHANGE_IN_CHARACTER -> BODY_EXPANSION -> REJECTION_CLUSTER -> EXPANSION_AFTER_TEST,3,6
1h,12,0.5535543633520285,0.6052083333333333,0.39859245340811394,0.6474791528105878,12203,12222,1725544800000,1725616799999,5,0,2,0,3,2,1,1,1,3,-0.2,0.0,0.2,23.722999999999956,21.6079999999999,-2.1150000000000553,9.400000000000091,10.546000000000095,1.1460000000000043,0.5600633578284941,0.5428415222750669,-0.017221835553427267,1.3,1.8,3,INITIAL_BALANCED_BEHAVIOUR -> COUNTERMOVE_AND_RENEWAL -> HOLD_CLUSTER -> REPEATED_TEST_CLUSTER -> EXPANSION_AFTER_TEST -> HOLD_CLUSTER,5,6
1h,13,0.5519335487961721,0.6026785714285714,0.39969848089897414,0.6705367064937712,170,189,1682226000000,1682297999999,4,0,4,1,1,2,1,1,3,0,0.2,0.2,0.0,9.617000000000052,16.664999999999964,7.047999999999911,3.4659999999999855,6.1900000000000315,2.724000000000046,0.5387355614475318,0.53579477881077,-0.002940782636761785,1.1,1.9,4,INITIAL_BALANCED_BEHAVIOUR -> RANGE_EXPANSION -> BODY_EXPANSION -> REJECTION_CLUSTER -> HOLD_CLUSTER -> EXPANSION_AFTER_TEST -> HOLD_CLUSTER,4,7
1h,14,0.5513056185862893,0.6150595238095238,0.360043902916586,0.6825725249189973,15282,15301,1736629200000,1736701199999,2,0,1,0,0,0,1,1,1,2,-0.2,0.0,0.2,13.819000000000006,20.164000000000122,6.345000000000116,5.8259999999999765,8.751999999999907,2.92599999999993,0.4885244729291287,0.5191969480630677,0.030672475133939003,1.0,1.8,2,INITIAL_BALANCED_BEHAVIOUR -> RANGE_EXPANSION -> BODY_EXPANSION -> COUNTERMOVE_AND_RENEWAL -> LEVEL_INTERACTION_CLUSTER -> EXPANSION_AFTER_TEST -> HOLD_CLUSTER,2,7
1h,15,0.5506059263536749,0.5628787878787878,0.5137873417783362,0.6578656085783964,28077,28096,1782691200000,1782763199999,7,0,4,4,3,3,3,2,2,4,0.0,0.4,0.4,14.83599999999999,21.060000000000013,6.224000000000023,5.26899999999996,7.735999999999945,2.4669999999999845,0.563765960516114,0.5482666351070306,-0.015499325409083498,1.0,1.6,5,INITIAL_BALANCED_BEHAVIOUR -> RANGE_EXPANSION -> DIRECTION_CHANGE_IN_CHARACTER -> BODY_EXPANSION -> COUNTERMOVE_AND_RENEWAL -> REJECTION_CLUSTER -> EXPANSION_AFTER_TEST -> HOLD_CLUSTER -> EXPANSION_AFTER_TEST -> REJECTION_CLUSTER -> HOLD_CLUSTER -> EXPANSION_AFTER_TEST,7,12
1h,16,0.5498011105019177,0.5711111111111111,0.48587110867433747,0.646677433282826,5051,5070,1699797600000,1699869599999,8,0,5,1,4,5,1,6,2,5,0.2,0.2,0.0,12.929999999999996,15.860000000000081,2.930000000000085,5.025000000000023,6.5890000000000555,1.564000000000033,0.5867742843889621,0.5977909174076576,0.011016633018695488,1.0,1.9,3,INITIAL_BALANCED_BEHAVIOUR -> RANGE_EXPANSION -> BODY_EXPANSION -> HOLD_CLUSTER -> EXPANSION_AFTER_TEST -> HOLD_CLUSTER -> LEVEL_INTERACTION_CLUSTER -> REJECTION_CLUSTER -> HOLD_CLUSTER,8,9
1h,17,0.5459534187298131,0.5666666666666667,0.4838136749192525,0.6460831661219902,28076,28095,1782687600000,1782759599999,6,0,5,3,3,4,3,6,0,5,0.0,0.4,0.4,16.315999999999985,20.94200000000003,4.626000000000044,6.4349999999999685,7.607999999999947,1.1729999999999787,0.5734901369538588,0.5214666874803077,-0.05202344947355109,1.1,1.8,4,INITIAL_BALANCED_BEHAVIOUR -> RANGE_EXPANSION -> DIRECTION_CHANGE_IN_CHARACTER -> REJECTION_CLUSTER -> EXPANSION_AFTER_TEST -> REJECTION_CLUSTER -> EXPANSION_AFTER_TEST -> REPEATED_TEST_CLUSTER -> EXPANSION_AFTER_TEST,6,9
1h,18,0.5451399471319918,0.5717261904761904,0.4653812170993957,0.6489981511746172,23525,23544,1766304000000,1766375999999,6,0,3,1,3,3,2,5,0,5,0.0,0.2,0.2,22.430999999999994,28.128000000000064,5.69700000000007,11.414000000000078,9.70399999999995,-1.710000000000127,0.5455902957240654,0.5268533951081855,-0.018736900615879848,1.0,1.9,4,INITIAL_BALANCED_BEHAVIOUR -> RANGE_EXPANSION -> REJECTION_CLUSTER -> HOLD_CLUSTER -> EXPANSION_AFTER_TEST -> HOLD_CLUSTER -> PULLBACK_CLUSTER,6,7
1h,19,0.5439763524793189,0.5818749999999999,0.4302804099172755,0.6452919915563778,29739,29758,1788674400000,1788746399999,5,0,2,1,2,2,2,1,1,5,-0.2,0.4,0.6000000000000001,13.139999999999919,14.019999999999891,0.8799999999999724,4.908000000000084,5.278000000000065,0.36999999999998145,0.5369774245992456,0.5446084937599595,0.007631069160713877,1.0,1.9,4,INITIAL_BALANCED_BEHAVIOUR -> DIRECTIONAL_SHIFT -> HOLD_CLUSTER -> REPEATED_TEST_CLUSTER -> EXPANSION_AFTER_TEST -> HOLD_CLUSTER,5,6
1h,20,0.543401765638349,0.5944444444444444,0.39027372922006276,0.683250544983845,5048,5067,1699786800000,1699858799999,7,0,7,3,1,4,2,4,6,3,0.0,0.2,0.2,11.029000000000043,17.089000000000077,6.060000000000034,3.525,6.973000000000002,3.4480000000000017,0.5542901042007353,0.6142999768885877,0.060009872687852406,1.0,1.7,3,INITIAL_BALANCED_BEHAVIOUR -> RANGE_EXPANSION -> BODY_EXPANSION -> REJECTION_CLUSTER -> EXPANSION_AFTER_TEST -> REJECTION_CLUSTER -> HOLD_CLUSTER -> EXPANSION_AFTER_TEST -> HOLD_CLUSTER,7,9
1h,21,0.5430024278928672,0.575625,0.44513471157146883,0.6648934397598527,27137,27156,1779307200000,1779379199999,7,0,3,1,5,4,2,0,4,3,-0.2,0.4,0.6000000000000001,10.966000000000031,13.815000000000055,2.8490000000000233,4.138000000000011,5.989000000000033,1.8510000000000222,0.4856327437556409,0.4715971072951991,-0.014035636460441814,1.1,1.9,5,INITIAL_BALANCED_BEHAVIOUR -> RANGE_EXPANSION -> DIRECTIONAL_SHIFT -> BODY_EXPANSION -> PULLBACK_CLUSTER -> EXPANSION_AFTER_TEST -> REPEATED_TEST_CLUSTER -> EXPANSION_AFTER_TEST,7,8
1h,22,0.5419586456272132,0.5364583333333333,0.5584595825088527,0.6651964634684014,29978,29997,1789534800000,1789606799999,6,0,4,4,3,2,2,4,2,4,0.0,0.2,0.2,16.555000000000017,24.935999999999968,8.38099999999995,7.171000000000004,6.930000000000018,-0.24099999999998545,0.6350792208741898,0.5003624163834375,-0.1347168044907523,1.0,1.9,4,INITIAL_BALANCED_BEHAVIOUR -> RANGE_EXPANSION -> COUNTERMOVE_AND_RENEWAL -> REJECTION_CLUSTER -> EXPANSION_AFTER_TEST -> REJECTION_CLUSTER -> EXPANSION_AFTER_TEST -> REPEATED_TEST_CLUSTER,6,8
1h,23,0.5323832369846244,0.5360119047619047,0.5214972336527836,0.6751539748785949,28075,28094,1782684000000,1782755999999,5,0,4,2,2,3,2,3,2,5,0.0,0.4,0.4,18.45999999999999,21.166000000000032,2.706000000000042,6.3699999999999815,7.632999999999948,1.2629999999999661,0.574117555918541,0.5198866594354365,-0.05423089648310442,1.2,1.9,3,INITIAL_BALANCED_BEHAVIOUR -> DIRECTION_CHANGE_IN_CHARACTER -> COUNTERMOVE_AND_RENEWAL -> REJECTION_CLUSTER -> EXPANSION_AFTER_TEST -> HOLD_CLUSTER -> EXPANSION_AFTER_TEST,5,7
1h,24,0.5262363581877487,0.5677083333333333,0.40182043275099527,0.6612905887692978,19695,19714,1752516000000,1752587999999,8,0,2,3,4,5,2,0,4,8,0.0,0.4,0.4,26.846000000000004,28.689999999999962,1.8439999999999586,10.527000000000044,12.51600000000003,1.9889999999999866,0.5525269737752566,0.6438835805435583,0.0913566067683017,1.0,1.9,4,INITIAL_BALANCED_BEHAVIOUR -> DIRECTION_CHANGE_IN_CHARACTER -> COUNTERMOVE_AND_RENEWAL -> REJECTION_CLUSTER -> REPEATED_TEST_CLUSTER -> EXPANSION_AFTER_TEST -> REPEATED_TEST_CLUSTER -> EXPANSION_AFTER_TEST,8,8
1h,25,0.5233189137502531,0.5802083333333333,0.3526506550010124,0.6479305702346879,24164,24183,1768604400000,1768676399999,3,0,0,0,1,2,1,3,0,3,0.0,0.4,0.4,6.616000000000031,10.655000000000154,4.039000000000123,2.089000000000078,5.011999999999944,2.9229999999998655,0.6422333637856005,0.5695401435372931,-0.07269322024830738,1.0,1.2,2,INITIAL_BALANCED_BEHAVIOUR -> RANGE_EXPANSION -> DIRECTION_CHANGE_IN_CHARACTER -> BODY_EXPANSION -> REPEATED_TEST_CLUSTER -> EXPANSION_AFTER_TEST,3,6
4h,1,0.9029438635058659,1.0,0.6117754540234636,0.6426206016691753,9979,9998,1789300800000,1789588799999,2,0,1,1,1,0,2,0,2,1,0.0,-0.2,-0.2,40.90999999999999,47.09899999999993,6.188999999999943,18.813000000000056,18.464999999999826,-0.3480000000002299,0.5006523445715145,0.4612520078546282,-0.03940033671688631,1.1,1.2,4,INITIAL_BALANCED_BEHAVIOUR -> REJECTION_CLUSTER -> EXPANSION_AFTER_TEST -> LEVEL_INTERACTION_CLUSTER -> EXPANSION_AFTER_TEST,2,5
4h,2,0.6346260647104154,0.7350000000000001,0.3335042588416617,0.6109457883086502,2376,2395,1679817600000,1680105599999,6,0,4,1,3,3,2,4,2,5,0.0,0.2,0.2,33.137000000000036,32.39000000000003,-0.747000000000007,15.760000000000058,13.518999999999982,-2.241000000000076,0.4907240003660605,0.5725249405639368,0.08180094019787626,1.2,1.8,4,INITIAL_BALANCED_BEHAVIOUR -> REJECTION_CLUSTER -> EXPANSION_AFTER_TEST -> HOLD_CLUSTER -> EXPANSION_AFTER_TEST -> LEVEL_INTERACTION_CLUSTER,6,6
4h,3,0.5702552240306414,0.66,0.3010208961225657,0.6176140168433147,2619,2638,1683316800000,1683604799999,7,0,6,4,4,5,3,3,4,0,-0.4,-0.2,0.2,31.33099999999995,33.943000000000005,2.612000000000055,15.994000000000028,15.161000000000012,-0.8330000000000162,0.4454112993219301,0.5054266665006726,0.06001536717874251,1.0,1.9,6,INITIAL_BEARISH_BIAS -> REJECTION_CLUSTER -> EXPANSION_AFTER_TEST -> REJECTION_CLUSTER -> EXPANSION_AFTER_TEST,7,5
4h,4,0.5611431805576368,0.65,0.29457272223054703,0.6281865767123406,5248,5267,1721174400000,1721462399999,7,0,3,2,1,4,3,0,3,4,0.0,0.2,0.2,56.339000000000034,48.15700000000002,-8.182000000000016,28.2599999999999,24.52699999999995,-3.7329999999999472,0.41015786125453413,0.5697698173734391,0.159611956118905,1.0,1.6,3,INITIAL_BALANCED_BEHAVIOUR -> REPEATED_TEST_CLUSTER -> REJECTION_CLUSTER -> EXPANSION_AFTER_TEST -> REPEATED_TEST_CLUSTER -> EXPANSION_AFTER_TEST,7,6
4h,5,0.5609620327039332,0.65,0.2938481308157327,0.6315016657014066,1238,1257,1663430400000,1663718399999,8,0,0,3,3,6,2,0,0,8,-0.2,0.2,0.4,38.053,41.851999999999954,3.798999999999957,20.972000000000026,17.57099999999998,-3.401000000000046,0.39176648158371885,0.5174039174241305,0.12563743584041165,1.0,1.9,3,INITIAL_BALANCED_BEHAVIOUR -> DIRECTIONAL_SHIFT -> REJECTION_CLUSTER -> EXPANSION_AFTER_TEST -> REPEATED_TEST_CLUSTER -> EXPANSION_AFTER_TEST,8,6
4h,6,0.52638240773933,0.5678571428571428,0.40195820238589125,0.6192937906701915,3544,3563,1696636800000,1696924799999,3,0,1,1,1,1,2,0,2,3,-0.2,-0.2,0.0,10.131999999999994,18.30800000000006,8.176000000000066,6.115000000000054,7.179000000000019,1.0639999999999645,0.3449987074125905,0.5253760559524445,0.18037734853985404,1.0,1.3,5,INITIAL_BALANCED_BEHAVIOUR -> RANGE_EXPANSION -> HOLD_CLUSTER -> REJECTION_CLUSTER -> EXPANSION_AFTER_TEST -> PULLBACK_CLUSTER -> EXPANSION_AFTER_TEST,3,7
4h,7,0.5201431389194495,0.585,0.3255725556777984,0.6075209274476788,3146,3165,1690905600000,1691193599999,4,0,4,2,2,3,4,4,0,4,-0.2,0.0,0.2,16.815999999999963,15.613999999999965,-1.2019999999999982,8.751000000000023,6.0899999999999865,-2.661000000000036,0.44462481505689383,0.5279103142686802,0.08328549921178635,1.1,1.8,4,INITIAL_BALANCED_BEHAVIOUR -> BODY_COMPRESSION -> REJECTION_CLUSTER -> EXPANSION_AFTER_TEST -> HOLD_CLUSTER -> EXPANSION_AFTER_TEST,4,6
4h,8,0.5161181741942934,0.585,0.3094726967771736,0.6271400055844149,2618,2637,1683302400000,1683590399999,6,0,6,5,4,4,3,3,3,3,-0.2,-0.2,0.0,33.87499999999996,33.91099999999999,0.036000000000029786,19.430000000000042,15.090000000000009,-4.340000000000034,0.4951863624081814,0.5066738626448251,0.011487500236643633,1.0,1.7,5,INITIAL_BALANCED_BEHAVIOUR -> BODY_COMPRESSION -> REJECTION_CLUSTER -> EXPANSION_AFTER_TEST -> REJECTION_CLUSTER -> EXPANSION_AFTER_TEST,6,6
4h,9,0.5153865535562544,0.5678571428571428,0.35797478565358903,0.607439982789865,2375,2394,1679803200000,1680091199999,5,0,5,2,3,3,2,3,2,2,0.0,0.4,0.4,32.01700000000003,32.08300000000004,0.0660000000000096,14.994000000000051,14.226999999999999,-0.7670000000000528,0.4676232599400592,0.5994443588684087,0.13182109892834953,1.3,1.7,4,INITIAL_BALANCED_BEHAVIOUR -> DIRECTION_CHANGE_IN_CHARACTER -> COUNTERMOVE_AND_RENEWAL -> REJECTION_CLUSTER -> EXPANSION_AFTER_TEST -> REJECTION_CLUSTER -> EXPANSION_AFTER_TEST,5,7
4h,10,0.511637085278723,0.5680000000000001,0.34254834111489174,0.6321929129111855,2620,2639,1683331200000,1683619199999,6,0,5,3,3,4,2,2,4,0,-0.4,-0.2,0.2,33.16299999999994,32.818000000000005,-0.3449999999999349,17.225000000000044,14.200999999999999,-3.0240000000000453,0.4214228004230868,0.5472851059678069,0.1258623055447201,1.0,1.8,5,INITIAL_BEARISH_BIAS -> HOLD_CLUSTER -> EXPANSION_AFTER_TEST -> REJECTION_CLUSTER -> EXPANSION_AFTER_TEST,6,5
4h,11,0.503772132975996,0.5166071428571428,0.46526710333255566,0.6207364496740918,8857,8876,1773144000000,1773431999999,5,0,1,1,2,2,3,3,1,1,-0.2,0.4,0.6000000000000001,43.96699999999996,48.16500000000008,4.198000000000114,20.061000000000035,17.458999999999968,-2.602000000000068,0.39147958553873274,0.5348385771213844,0.14335899158265164,1.0,1.9,3,INITIAL_BALANCED_BEHAVIOUR -> DIRECTIONAL_SHIFT -> HOLD_CLUSTER -> EXPANSION_AFTER_TEST -> REJECTION_CLUSTER -> EXPANSION_AFTER_TEST -> REPEATED_TEST_CLUSTER -> EXPANSION_AFTER_TEST,5,8
4h,12,0.5033599618868321,0.5680000000000001,0.30943984754732795,0.6441091804012273,8860,8879,1773187200000,1773475199999,8,0,1,1,4,6,1,5,0,3,0.2,0.0,-0.2,38.96199999999999,46.128000000000064,7.166000000000075,18.907999999999994,16.853999999999996,-2.0539999999999985,0.4399528825532718,0.4673918833094823,0.027439000756210474,1.0,1.9,4,INITIAL_BALANCED_BEHAVIOUR -> REJECTION_CLUSTER -> REPEATED_TEST_CLUSTER -> EXPANSION_AFTER_TEST -> REPEATED_TEST_CLUSTER,8,5
4h,13,0.5022689252906534,0.5680000000000001,0.3050757011626133,0.5969304323179405,5448,5467,1724054400000,1724342399999,6,0,1,2,3,4,3,0,1,5,0.0,0.2,0.2,50.87099999999996,44.688999999999986,-6.181999999999974,27.59399999999996,21.74899999999989,-5.84500000000007,0.4886662533853774,0.6185614759535187,0.12989522256814134,1.0,1.7,3,INITIAL_BALANCED_BEHAVIOUR -> BODY_COMPRESSION -> REJECTION_CLUSTER -> REPEATED_TEST_CLUSTER -> EXPANSION_AFTER_TEST,6,5
4h,14,0.5021301020514933,0.5680000000000001,0.3045204082059732,0.6975661935148451,8859,8878,1773172800000,1773460799999,8,0,1,2,5,5,1,5,0,3,0.0,0.2,0.2,36.27199999999998,48.068000000000076,11.796000000000099,18.008999999999993,15.434999999999992,-2.5740000000000016,0.44064777621488227,0.5034866525956138,0.06283887638073149,1.0,1.9,4,INITIAL_BALANCED_BEHAVIOUR -> RANGE_EXPANSION -> REJECTION_CLUSTER -> REPEATED_TEST_CLUSTER -> EXPANSION_AFTER_TEST,8,5
4h,15,0.5017921880053169,0.585,0.2521687520212679,0.6136094854053897,5249,5268,1721188800000,1721476799999,7,0,6,3,2,5,3,4,3,4,0.0,0.0,0.0,54.52900000000004,43.86200000000004,-10.667000000000002,26.27999999999988,23.15399999999995,-3.12599999999993,0.4263877431281459,0.5330377095154187,0.10664996638727281,1.1,1.9,3,INITIAL_BALANCED_BEHAVIOUR -> COUNTERMOVE_AND_RENEWAL -> REJECTION_CLUSTER -> EXPANSION_AFTER_TEST -> REJECTION_CLUSTER -> EXPANSION_AFTER_TEST,7,6
4h,16,0.49491473973056316,0.49,0.5096589589222527,0.596657367089854,9473,9492,1782014400000,1782302399999,2,0,2,1,1,0,1,1,1,1,0.0,0.0,0.0,26.045999999999957,28.399,2.353000000000044,14.23400000000006,9.895999999999981,-4.338000000000079,0.46702092653784966,0.49769773427119646,0.0306768077333468,1.0,1.1,5,INITIAL_BALANCED_BEHAVIOUR -> BODY_COMPRESSION -> HOLD_CLUSTER -> REJECTION_CLUSTER -> EXPANSION_AFTER_TEST,2,5
4h,17,0.48478689732073527,0.5378571428571428,0.32557616071151263,0.602664825825585,836,855,1657641600000,1657929599999,2,0,1,0,1,0,2,1,0,2,0.0,0.2,0.2,36.97000000000001,45.99700000000003,9.027000000000015,17.482000000000017,23.91899999999996,6.436999999999944,0.5199367858102147,0.5606779191930995,0.040741133382884764,1.0,1.1,5,INITIAL_BALANCED_BEHAVIOUR -> RANGE_EXPANSION -> BODY_EXPANSION -> HOLD_CLUSTER -> EXPANSION_AFTER_TEST -> PULLBACK_CLUSTER -> EXPANSION_AFTER_TEST,2,7
4h,18,0.4743453314738023,0.5680000000000001,0.19338132589520904,0.6738904191664039,4191,4210,1705953600000,1706241599999,7,0,0,2,1,6,2,0,0,7,0.0,0.2,0.2,53.05899999999997,35.01700000000001,-18.04199999999996,30.53800000000001,16.477999999999973,-14.060000000000038,0.43564506036367456,0.5354015628098979,0.09975650244622336,1.0,1.9,4,INITIAL_BALANCED_BEHAVIOUR -> RANGE_COMPRESSION -> BODY_COMPRESSION -> REPEATED_TEST_CLUSTER -> EXPANSION_AFTER_TEST,7,5
4h,19,0.4677703632559904,0.49,0.40108145302396175,0.6393608023904331,3550,3569,1696723200000,1697011199999,4,0,3,0,2,3,1,0,4,0,-0.2,-0.2,0.0,16.024000000000022,20.17100000000007,4.147000000000048,9.550000000000068,5.36099999999999,-4.189000000000078,0.4348599306418177,0.5429542643308503,0.10809433368903254,1.0,1.3,5,INITIAL_BALANCED_BEHAVIOUR -> RANGE_EXPANSION -> BODY_COMPRESSION -> HOLD_CLUSTER -> EXPANSION_AFTER_TEST,4,5
4h,20,0.465670160717964,0.5178571428571429,0.3091092143004273,0.6382782657898084,2939,2958,1687924800000,1688212799999,4,0,1,1,1,2,3,2,0,2,0.0,0.2,0.2,22.69000000000001,37.169000000000004,14.478999999999996,12.370999999999981,18.107999999999993,5.7370000000000125,0.5369791192267295,0.5915536360756539,0.05457451684892445,1.0,1.5,4,INITIAL_BALANCED_BEHAVIOUR -> RANGE_EXPANSION -> BODY_EXPANSION -> REJECTION_CLUSTER -> EXPANSION_AFTER_TEST -> HOLD_CLUSTER -> EXPANSION_AFTER_TEST -> REPEATED_TEST_CLUSTER,4,8
4h,21,0.46358631473407963,0.535,0.2493452589363186,0.5937263989219681,3321,3340,1693425600000,1693713599999,8,0,7,2,5,6,2,0,7,1,0.0,0.0,0.0,18.465999999999962,14.345000000000004,-4.120999999999958,10.519000000000029,5.815999999999986,-4.703000000000043,0.5090725542408889,0.5375105110820017,0.02843795684111272,1.0,1.9,5,INITIAL_BALANCED_BEHAVIOUR -> RANGE_COMPRESSION -> BODY_COMPRESSION -> LEVEL_INTERACTION_CLUSTER -> REJECTION_CLUSTER -> EXPANSION_AFTER_TEST,8,6
4h,22,0.4599242655840101,0.5086363636363636,0.31378797142694986,0.6860169305848635,8858,8877,1773158400000,1773446399999,8,0,2,2,4,5,3,5,0,3,-0.2,0.2,0.4,38.55199999999998,49.68800000000006,11.136000000000081,20.027000000000022,16.753999999999998,-3.2730000000000246,0.392953385789536,0.47759576996332986,0.08464238417379388,1.0,1.9,4,INITIAL_BALANCED_BEHAVIOUR -> RANGE_EXPANSION -> DIRECTIONAL_SHIFT -> LEVEL_INTERACTION_CLUSTER -> EXPANSION_AFTER_TEST -> REJECTION_CLUSTER -> HOLD_CLUSTER -> REJECTION_CLUSTER -> EXPANSION_AFTER_TEST -> REPEATED_TEST_CLUSTER -> EXPANSION_AFTER_TEST,8,11
4h,23,0.4564577709013465,0.5166071428571428,0.27600965503395747,0.6049204655688144,1237,1256,1663416000000,1663703999999,8,0,0,3,4,6,2,0,0,8,-0.2,0.4,0.6000000000000001,38.86200000000001,40.82999999999997,1.967999999999961,22.676,15.421000000000003,-7.2549999999999955,0.4101557394411343,0.5604277325526974,0.15027199311156308,1.0,1.9,4,INITIAL_BALANCED_BEHAVIOUR -> DIRECTIONAL_SHIFT -> BODY_COMPRESSION -> COUNTERMOVE_AND_RENEWAL -> REJECTION_CLUSTER -> EXPANSION_AFTER_TEST -> REPEATED_TEST_CLUSTER -> EXPANSION_AFTER_TEST,8,8
4h,24,0.4547596495868705,0.5178571428571429,0.26546716977605317,0.6011274645454723,8733,8752,1771358400000,1771646399999,7,0,5,3,3,5,2,0,7,5,0.2,0.2,0.0,36.4,31.918000000000006,-4.481999999999992,19.091999999999985,11.020000000000028,-8.071999999999957,0.5514780091410885,0.5371562028130215,-0.01432180632806701,1.0,1.9,4,INITIAL_BALANCED_BEHAVIOUR -> BODY_COMPRESSION -> HOLD_CLUSTER -> REJECTION_CLUSTER -> EXPANSION_AFTER_TEST -> REJECTION_CLUSTER -> EXPANSION_AFTER_TEST -> REPEATED_TEST_CLUSTER,7,8
4h,25,0.4534273075752805,0.4521428571428572,0.4572806588725503,0.592518026675407,7787,7806,1757736000000,1758023999999,4,0,2,1,2,2,3,0,3,4,-0.4,-0.6,-0.19999999999999996,52.26899999999996,56.26799999999994,3.998999999999974,28.01199999999999,23.83000000000011,-4.181999999999881,0.36104873863246073,0.44968486684436393,0.0886361282119032,1.0,1.3,4,INITIAL_BEARISH_BIAS -> HOLD_CLUSTER -> EXPANSION_AFTER_TEST -> PULLBACK_CLUSTER -> EXPANSION_AFTER_TEST -> REJECTION_CLUSTER -> EXPANSION_AFTER_TEST,4,7
1d,1,0.845524281235434,0.9233333333333333,0.612097124941736,0.816848306153207,2979,2998,1787788800000,1789516799999,7,0,2,1,4,4,2,1,1,5,0.0,-0.2,-0.2,97.80800000000013,100.854,3.0459999999998644,44.61900000000001,40.29599999999996,-4.32300000000005,0.5142566950755508,0.417797776881134,-0.09645891819441682,1.0,1.9,3,INITIAL_BALANCED_BEHAVIOUR -> REPEATED_TEST_CLUSTER -> REJECTION_CLUSTER -> REPEATED_TEST_CLUSTER -> EXPANSION_AFTER_TEST -> HOLD_CLUSTER,7,6
1d,2,0.7181401936053033,0.8583333333333334,0.29756077442121326,0.6002598360278463,1681,1700,1675641600000,1677369599999,9,0,3,4,3,6,1,3,0,6,-0.2,-0.4,-0.2,76.38999999999996,70.70400000000004,-5.685999999999922,45.78200000000002,25.416999999999984,-20.365000000000034,0.5632210938348945,0.4547474003934598,-0.1084736934414347,1.0,1.9,5,INITIAL_BALANCED_BEHAVIOUR -> BODY_COMPRESSION -> REJECTION_CLUSTER -> REPEATED_TEST_CLUSTER -> EXPANSION_AFTER_TEST -> REJECTION_CLUSTER,9,6
1d,3,0.6841497113833531,0.7816666666666666,0.3915988455334128,0.6135571915565984,1680,1699,1675555200000,1677283199999,9,0,4,3,4,5,1,4,1,6,-0.4,-0.2,0.2,69.09599999999996,79.28400000000003,10.188000000000073,37.59700000000002,36.01699999999998,-1.580000000000041,0.49748588729511123,0.4789314722569591,-0.01855441503815214,1.0,1.9,5,INITIAL_BEARISH_BIAS -> LEVEL_INTERACTION_CLUSTER -> REJECTION_CLUSTER -> REPEATED_TEST_CLUSTER -> EXPANSION_AFTER_TEST -> REJECTION_CLUSTER,9,6
1d,4,0.6279078479993202,0.7166666666666667,0.3616313919972808,0.6650166445737491,1759,1778,1682380800000,1684108799999,8,0,4,2,3,6,1,0,4,4,0.0,-0.4,-0.4,75.81499999999997,76.249,0.4340000000000259,28.11099999999997,34.48000000000004,6.369000000000071,0.5147086046991453,0.4509724204204007,-0.06373618427874456,1.0,1.9,3,INITIAL_BALANCED_BEHAVIOUR -> DIRECTION_CHANGE_IN_CHARACTER -> BODY_EXPANSION -> REPEATED_TEST_CLUSTER -> EXPANSION_AFTER_TEST -> REJECTION_CLUSTER,8,6
1d,5,0.6267166103445946,0.7166666666666667,0.3568664413783785,0.5884682313328347,1608,1627,1669334400000,1671062399999,6,0,6,2,4,4,1,6,5,5,0.0,0.0,0.0,51.521,50.69900000000005,-0.821999999999953,30.64799999999998,21.56199999999999,-9.085999999999988,0.5388626606140666,0.4699257569569041,-0.06893690365716254,1.0,1.9,4,INITIAL_BALANCED_BEHAVIOUR -> BODY_COMPRESSION -> REJECTION_CLUSTER -> HOLD_CLUSTER -> EXPANSION_AFTER_TEST -> REJECTION_CLUSTER,6,6
1d,6,0.5949374944632527,0.7350000000000001,0.17474997785301086,0.6014205016764259,982,1001,1615248000000,1616975999999,6,0,4,2,3,4,1,1,5,1,0.0,-0.2,-0.2,120.901,98.99999999999997,-21.901000000000025,56.51399999999997,41.756000000000014,-14.757999999999953,0.583308326053704,0.45266805843880376,-0.13064026761490022,1.0,1.9,3,INITIAL_BALANCED_BEHAVIOUR -> BODY_COMPRESSION -> REJECTION_CLUSTER -> REPEATED_TEST_CLUSTER -> EXPANSION_AFTER_TEST,6,5
1d,7,0.5805966735747234,0.7027380952380952,0.21417240858460845,0.694393587592546,2977,2996,1787616000000,1789343999999,9,0,2,3,5,7,1,2,0,7,0.0,-0.2,-0.2,101.48500000000013,86.12800000000001,-15.357000000000113,47.38600000000001,32.298,-15.088000000000008,0.5335356437059693,0.453519448243391,-0.08001619546257827,1.0,1.9,3,INITIAL_BALANCED_BEHAVIOUR -> BODY_COMPRESSION -> HOLD_CLUSTER -> REPEATED_TEST_CLUSTER -> EXPANSION_AFTER_TEST -> REJECTION_CLUSTER -> PULLBACK_CLUSTER,9,7
1d,8,0.5548870440183176,0.635,0.31454817607327046,0.620231497654129,87,106,1537920000000,1539647999999,5,0,5,4,1,3,2,1,4,4,0.0,0.0,0.0,15.061999999999998,13.953,-1.1089999999999982,5.813,7.752999999999995,1.939999999999995,0.5300437486190005,0.49631895278558497,-0.03372479583341553,1.0,1.9,2,INITIAL_BALANCED_BEHAVIOUR -> BODY_EXPANSION -> REJECTION_CLUSTER -> EXPANSION_AFTER_TEST -> REJECTION_CLUSTER,5,5
1d,9,0.5407165525034578,0.65,0.21286621001383121,0.6071439215299553,2176,2195,1718409600000,1720137599999,9,0,6,1,6,7,2,0,9,0,-0.2,-0.2,0.0,129.31899999999996,118.48899999999995,-10.830000000000013,57.931999999999974,66.18599999999992,8.253999999999948,0.5412539405822162,0.37272958274219675,-0.16852435784001946,1.0,1.8,4,INITIAL_BALANCED_BEHAVIOUR -> LEVEL_INTERACTION_CLUSTER -> REJECTION_CLUSTER -> HOLD_CLUSTER -> EXPANSION_AFTER_TEST,9,5
1d,10,0.5180767418363863,0.5633333333333334,0.3823069673455451,0.5934787405086173,1987,2006,1702080000000,1703807999999,9,0,6,5,5,6,1,4,2,3,0.0,0.0,0.0,98.83599999999997,102.47800000000002,3.6420000000000528,44.95100000000002,47.81299999999997,2.861999999999945,0.47967663862340715,0.49901986871584114,0.019343230092433994,1.0,1.9,3,INITIAL_BALANCED_BEHAVIOUR -> REJECTION_CLUSTER -> HOLD_CLUSTER -> REJECTION_CLUSTER -> EXPANSION_AFTER_TEST -> HOLD_CLUSTER,9,6
1d,11,0.5123799610716486,0.575,0.32451984428659475,0.6212938970918109,89,108,1538092800000,1539820799999,4,0,4,1,2,2,1,4,3,3,0.0,0.0,0.0,11.751,14.293999999999997,2.5429999999999975,4.200999999999999,7.686999999999995,3.485999999999996,0.5175880008045389,0.4655076196432109,-0.052080381161328015,1.0,1.7,2,INITIAL_BALANCED_BEHAVIOUR -> RANGE_EXPANSION -> BODY_EXPANSION -> HOLD_CLUSTER -> EXPANSION_AFTER_TEST -> REJECTION_CLUSTER,4,6
1d,12,0.5097533951856456,0.575,0.31401358074258245,0.5946667938775266,1758,1777,1682294400000,1684022399999,8,0,4,3,1,6,2,0,4,4,0.0,-0.6,-0.6,79.05999999999997,77.98599999999999,-1.0739999999999839,27.32299999999998,36.87600000000002,9.55300000000004,0.5372782781553368,0.4435972076624729,-0.0936810704928639,1.0,1.9,3,INITIAL_BALANCED_BEHAVIOUR -> DIRECTION_CHANGE_IN_CHARACTER -> BODY_EXPANSION -> REJECTION_CLUSTER -> EXPANSION_AFTER_TEST -> REJECTION_CLUSTER,8,6
1d,13,0.5070098102548628,0.5475000000000001,0.38553924101945075,0.6025617058795019,1750,1769,1681603200000,1683331199999,5,0,4,1,4,3,1,3,2,3,0.0,0.0,0.0,84.099,80.46599999999997,-3.633000000000038,45.74400000000005,37.30799999999997,-8.436000000000078,0.48544722284033376,0.5260181322517838,0.040570909411450085,1.2,1.7,4,INITIAL_BALANCED_BEHAVIOUR -> HOLD_CLUSTER -> EXPANSION_AFTER_TEST -> REJECTION_CLUSTER,5,4
1d,14,0.5000299563727514,0.585,0.24511982549100583,0.610393651462644,2177,2196,1718496000000,1720223999999,7,0,6,2,5,4,1,0,7,6,-0.2,-0.4,-0.2,126.60199999999995,139.07699999999994,12.474999999999994,53.45500000000002,69.76099999999988,16.305999999999862,0.5241844336382175,0.36820675231295785,-0.1559776813252597,1.0,1.7,5,INITIAL_BALANCED_BEHAVIOUR -> BODY_EXPANSION -> REJECTION_CLUSTER -> HOLD_CLUSTER -> EXPANSION_AFTER_TEST,7,5
1d,15,0.49814976621615564,0.5366666666666666,0.3825990648646227,0.6355444777987791,2976,2995,1787529600000,1789257599999,6,0,6,1,3,4,0,2,4,4,0.0,0.0,0.0,96.33700000000007,95.54400000000005,-0.7930000000000206,37.71499999999996,38.97600000000002,1.2610000000000596,0.5007245421753896,0.5165281315600081,0.015803589384618455,1.1,1.9,2,INITIAL_BALANCED_BEHAVIOUR -> HOLD_CLUSTER -> REJECTION_CLUSTER,6,3
1d,16,0.496199128588951,0.533690476190476,0.3837250857843757,0.5895780127088508,1614,1633,1669852800000,1671580799999,5,0,1,0,3,2,3,1,1,3,0.0,-0.2,-0.2,48.25000000000004,55.91700000000005,7.667000000000009,27.25699999999997,30.368000000000052,3.1110000000000824,0.4929313582909379,0.47352519917975444,-0.019406159111183485,1.0,1.9,3,INITIAL_BALANCED_BEHAVIOUR -> REPEATED_TEST_CLUSTER -> EXPANSION_AFTER_TEST -> HOLD_CLUSTER -> PULLBACK_CLUSTER -> EXPANSION_AFTER_TEST -> PULLBACK_CLUSTER,5,7
1d,17,0.49460157449438336,0.5825,0.23090629797753345,0.592344101970749,2121,2140,1713657600000,1715385599999,4,0,3,2,2,2,1,0,3,4,0.0,0.0,0.0,149.89299999999997,136.5119999999999,-13.381000000000085,57.96699999999987,55.59800000000005,-2.368999999999822,0.4858261147960866,0.48209724464807496,-0.0037288701480116537,1.2,1.5,4,INITIAL_BALANCED_BEHAVIOUR -> REJECTION_CLUSTER -> EXPANSION_AFTER_TEST -> REJECTION_CLUSTER,4,4
1d,18,0.49168690156812617,0.5449999999999999,0.3317476062725049,0.6149567600528068,88,107,1538006400000,1539734399999,4,0,4,3,2,3,2,0,4,4,0.0,0.2,0.2,14.023,14.221999999999998,0.19899999999999807,5.600999999999999,7.526999999999996,1.9259999999999966,0.5264669355744346,0.49905725651338084,-0.027409679061053738,1.0,1.3,2,INITIAL_BALANCED_BEHAVIOUR -> BODY_EXPANSION -> REJECTION_CLUSTER -> EXPANSION_AFTER_TEST,4,4
1d,19,0.4836718450861459,0.5125,0.3971873803445837,0.6254690160909114,2901,2920,1781049600000,1782777599999,3,0,2,0,1,1,2,2,2,3,0.0,-0.2,-0.2,72.607,78.532,5.924999999999997,29.166000000000032,30.430999999999994,1.2649999999999615,0.5392945805718004,0.4648184743428804,-0.07447610622891992,1.0,1.4,3,INITIAL_BALANCED_BEHAVIOUR -> LEVEL_INTERACTION_CLUSTER -> HOLD_CLUSTER -> EXPANSION_AFTER_TEST,3,4
1d,20,0.4836278367134222,0.5825,0.1870113468536887,0.616478083356121,983,1002,1615334400000,1617062399999,5,0,3,1,2,3,2,1,4,1,0.0,-0.2,-0.2,124.35799999999999,104.601,-19.75699999999999,56.10299999999995,51.39600000000003,-4.706999999999923,0.5542564832197562,0.46720842427975773,-0.08704805893999845,1.0,1.8,3,INITIAL_BALANCED_BEHAVIOUR -> REJECTION_CLUSTER -> REPEATED_TEST_CLUSTER -> EXPANSION_AFTER_TEST,5,4
1d,21,0.4773468757120927,0.5333333333333333,0.30938750284837085,0.6199144595039746,181,200,1546041600000,1547769599999,7,0,4,1,3,5,2,0,7,2,0.2,-0.2,-0.4,11.448999999999998,10.754000000000001,-0.6949999999999967,5.181,5.953,0.7720000000000002,0.518499507290947,0.4074576137146055,-0.11104189357634148,1.0,1.8,4,INITIAL_BALANCED_BEHAVIOUR -> DIRECTIONAL_SHIFT -> REJECTION_CLUSTER -> EXPANSION_AFTER_TEST -> REPEATED_TEST_CLUSTER -> EXPANSION_AFTER_TEST,7,6
1d,22,0.4773229921538325,0.5036904761904761,0.39822054004390167,0.644691200367952,1988,2007,1702166400000,1703894399999,8,0,5,3,4,6,2,4,4,4,0.0,0.0,0.0,103.28199999999997,103.54,0.2580000000000382,47.28200000000002,48.15499999999997,0.8729999999999549,0.4984969562870824,0.49727763654108703,-0.001219319745995373,1.0,1.8,3,INITIAL_BALANCED_BEHAVIOUR -> REJECTION_CLUSTER -> HOLD_CLUSTER -> REJECTION_CLUSTER -> EXPANSION_AFTER_TEST -> HOLD_CLUSTER -> EXPANSION_AFTER_TEST,8,7
1d,23,0.47546018941377455,0.5535714285714286,0.24112647194081238,0.6051573349059441,173,192,1545350400000,1547078399999,10,0,6,2,5,7,1,8,0,2,0.2,0.2,0.0,17.519999999999992,9.678,-7.841999999999992,9.283000000000003,4.679999999999995,-4.603000000000008,0.5510623693736001,0.4681572655967166,-0.08290510377688348,1.0,1.9,4,INITIAL_BALANCED_BEHAVIOUR -> RANGE_COMPRESSION -> BODY_COMPRESSION -> REPEATED_TEST_CLUSTER -> EXPANSION_AFTER_TEST -> HOLD_CLUSTER -> REJECTION_CLUSTER -> HOLD_CLUSTER,10,8
1d,24,0.47535905232074466,0.575,0.17643620928297885,0.612503509493235,2943,2962,1784678400000,1786406399999,8,0,8,4,4,6,1,4,4,4,0.0,0.0,0.0,66.457,45.797000000000025,-20.659999999999968,33.697,19.236999999999988,-14.460000000000015,0.4967887096317115,0.443186273901952,-0.053602435729759534,1.0,1.9,3,INITIAL_BALANCED_BEHAVIOUR -> RANGE_COMPRESSION -> BODY_COMPRESSION -> REJECTION_CLUSTER -> EXPANSION_AFTER_TEST -> REJECTION_CLUSTER,8,6
1d,25,0.4616689785072123,0.5135416666666667,0.3060509140288492,0.6133488070137345,320,339,1558051200000,1559779199999,8,0,4,4,5,6,2,5,3,8,0.2,0.0,-0.2,21.634999999999998,19.421,-2.2139999999999986,9.914000000000005,7.630999999999995,-2.28300000000001,0.5219839487372374,0.49394828173774574,-0.02803566699949167,1.0,1.9,2,INITIAL_BALANCED_BEHAVIOUR -> BODY_COMPRESSION -> COUNTERMOVE_AND_RENEWAL -> REJECTION_CLUSTER -> EXPANSION_AFTER_TEST -> REJECTION_CLUSTER -> HOLD_CLUSTER -> EXPANSION_AFTER_TEST -> REJECTION_CLUSTER,8,9
