timeframe,rank,candidate_start,candidate_end,similarity,candles,bullish_fraction,bearish_fraction,alternation_fraction,compression_fraction,expansion_fraction,upper_rejection_fraction,lower_rejection_fraction,mean_body_pct,mean_range_ratio,first_half_bullish,second_half_bullish,directional_shift,range_shift,body_shift,archetype
1m,1,20590,20609,0.2277370034458535,20,0.6,0.4,0.3157894736842105,1.0,0.0,0.25,0.4,0.47352820254606753,0.20554850950970938,0.3,0.9,0.6000000000000001,0.044502806432960146,0.04321743689912899,SIDEWAYS_COMPRESSION
1m,2,10381,10400,0.2190209695900002,20,0.5,0.5,0.47368421052631576,1.0,0.0,0.2,0.4,0.5834837602202247,0.2327371842761803,0.4,0.6,0.19999999999999996,0.06591260493480597,-0.17735238344435422,SIDEWAYS_COMPRESSION
1m,3,131,150,0.21503974953568714,20,0.55,0.45,0.5263157894736842,0.95,0.0,0.25,0.35,0.5495262626921349,0.3277904550983146,0.6,0.5,-0.09999999999999998,0.19736811298718024,-0.01942230218172114,SIDEWAYS_COMPRESSION
1m,4,6335,6354,0.21005384391756163,20,0.6,0.4,0.3157894736842105,1.0,0.0,0.3,0.3,0.4739533021443575,0.1803180962503234,0.8,0.4,-0.4,0.03622097521796819,0.0036320393244450577,SIDEWAYS_COMPRESSION
1m,5,20688,20707,0.207871415240803,20,0.6,0.4,0.5263157894736842,1.0,0.0,0.3,0.2,0.5155655203787024,0.1982475039294574,0.5,0.7,0.19999999999999996,0.031582656143219534,0.12399900077237508,SIDEWAYS_COMPRESSION
1m,6,20895,20914,0.2056113090870499,20,0.55,0.4,0.42105263157894735,1.0,0.0,0.3,0.4,0.4669447870992178,0.24916332386476198,0.4,0.7,0.29999999999999993,0.15108627111903022,-0.06305355199536983,SIDEWAYS_COMPRESSION
1m,7,29192,29211,0.20415577709325144,20,0.5,0.5,0.7894736842105263,1.0,0.0,0.25,0.4,0.4940702481488518,0.25024463686074216,0.5,0.5,0.0,-0.004136921497581658,0.14056221200044622,SIDEWAYS_COMPRESSION
1m,8,1875,1894,0.20290517304452302,20,0.75,0.25,0.5263157894736842,1.0,0.0,0.3,0.2,0.5103272867228021,0.17270162704362918,0.8,0.7,-0.10000000000000009,0.05336611722580606,-0.06375436324429373,REJECTION_MIX
1m,9,5410,5429,0.20201717572910238,20,0.6,0.4,0.6842105263157895,1.0,0.0,0.45,0.25,0.4428639260039226,0.2120126267406246,0.6,0.6,0.0,0.0067966485229543905,0.012671616995276358,SIDEWAYS_COMPRESSION
1m,10,25724,25743,0.2013897150309097,20,0.6,0.4,0.3684210526315789,1.0,0.0,0.2,0.35,0.5344204534445506,0.20560466248517337,0.7,0.5,-0.19999999999999996,0.11461189215445478,-0.0767367096832498,SIDEWAYS_COMPRESSION
1m,11,26352,26371,0.20080522015889665,20,0.35,0.65,0.5789473684210527,1.0,0.0,0.35,0.2,0.6331830336923181,0.2437761462232792,0.3,0.4,0.10000000000000003,0.12607213324088576,0.1731236257004818,SIDEWAYS_TO_DIRECTIONAL
1m,12,7756,7775,0.20041989941314475,20,0.45,0.55,0.3684210526315789,1.0,0.0,0.25,0.1,0.6500389503681053,0.22534942918170203,0.3,0.6,0.3,-0.03855535837508148,0.060198617804871346,SIDEWAYS_COMPRESSION
1m,13,29725,29744,0.2003521171479866,20,0.55,0.45,0.8421052631578947,1.0,0.0,0.15,0.2,0.7030149430417251,0.20697405654886353,0.5,0.6,0.09999999999999998,0.07122335196858032,-0.029916234639214223,SIDEWAYS_COMPRESSION
1m,14,29786,29805,0.1995406014649154,20,0.55,0.45,0.5263157894736842,1.0,0.0,0.2,0.05,0.6616213759551648,0.22525763216529326,0.6,0.5,-0.09999999999999998,0.05167396114635514,0.06454538820216504,SIDEWAYS_COMPRESSION
1m,15,11161,11180,0.19719585149129015,20,0.55,0.4,0.2631578947368421,1.0,0.0,0.3,0.25,0.5545391497157739,0.18984008089492305,0.6,0.5,-0.09999999999999998,-0.04074165688983292,0.010048077618850959,SIDEWAYS_COMPRESSION
1m,16,6328,6347,0.1970835649573064,20,0.7,0.3,0.3684210526315789,1.0,0.0,0.4,0.25,0.44015309430410027,0.18279622449869762,0.8,0.6,-0.20000000000000007,0.01885917845893509,0.06902649064582389,REJECTION_MIX
1m,17,6332,6351,0.19657197330789256,20,0.55,0.45,0.42105263157894735,1.0,0.0,0.3,0.3,0.47101994365373984,0.18583202152977935,0.6,0.5,-0.09999999999999998,0.040334325637038815,0.044779236596187044,SIDEWAYS_COMPRESSION
1m,18,15293,15312,0.19651736326416036,20,0.6,0.4,0.5789473684210527,1.0,0.0,0.2,0.35,0.5492703091231307,0.27964255700734425,0.6,0.6,0.0,0.17075947609589598,-0.046584914104240815,SIDEWAYS_COMPRESSION
1m,19,22326,22345,0.1959982126353152,20,0.5,0.45,0.42105263157894735,1.0,0.0,0.15,0.3,0.5944570688722663,0.18464486550117018,0.5,0.5,0.0,0.03197632883664625,0.08070527023724083,SIDEWAYS_COMPRESSION
1m,20,20435,20454,0.19560309562019873,20,0.5,0.5,0.5789473684210527,1.0,0.0,0.15,0.2,0.6653418942792954,0.33891839354253317,0.5,0.5,0.0,0.1189569715366105,0.20852242741675442,SIDEWAYS_COMPRESSION
1m,21,17266,17285,0.19544380172326437,20,0.65,0.35,0.42105263157894735,1.0,0.0,0.2,0.15,0.6220640742816241,0.1971108900611891,0.5,0.8,0.30000000000000004,-0.033321724395772384,-0.06383910557335093,REJECTION_MIX
1m,22,16888,16907,0.19528382511589723,20,0.7,0.3,0.3157894736842105,1.0,0.0,0.25,0.3,0.5810607887822481,0.1906528229056969,0.7,0.7,0.0,-0.01820051880497861,-0.13475329719295992,REJECTION_MIX
1m,23,7576,7595,0.1951703855680882,20,0.5,0.5,0.5263157894736842,1.0,0.0,0.25,0.55,0.40698666787815735,0.21142943454032057,0.5,0.5,0.0,0.163294501791033,0.26088123288316784,SIDEWAYS_COMPRESSION
1m,24,6412,6431,0.19514865620956373,20,0.45,0.55,0.5789473684210527,1.0,0.0,0.2,0.4,0.5390212981502625,0.19041228934771934,0.6,0.3,-0.3,0.02519127247186953,0.06733801971418785,SIDEWAYS_COMPRESSION
1m,25,17359,17378,0.1951051768103642,20,0.55,0.45,0.5263157894736842,1.0,0.0,0.2,0.2,0.6437912833078338,0.1860437701105875,0.6,0.5,-0.09999999999999998,0.02763575144084321,-0.11432068188856293,SIDEWAYS_COMPRESSION
3m,1,21149,21168,0.3606024429579151,20,0.5,0.5,0.6842105263157895,1.0,0.0,0.35,0.35,0.5057264451436365,0.2032132701232789,0.4,0.6,0.19999999999999996,-0.045312507869636365,0.07347961418137144,SIDEWAYS_COMPRESSION
3m,2,6938,6957,0.35843502662239035,20,0.3,0.7,0.47368421052631576,1.0,0.0,0.35,0.45,0.48474643856060623,0.16599331549525584,0.3,0.3,0.0,0.0168411068664627,-0.03566739335259572,REJECTION_MIX
3m,3,6629,6648,0.35641327281381985,20,0.5,0.5,0.3684210526315789,1.0,0.0,0.35,0.25,0.4977438534930879,0.2107219846075556,0.4,0.6,0.19999999999999996,0.03817239235093195,-0.11578701480142317,SIDEWAYS_COMPRESSION
3m,4,13910,13929,0.35456339709417184,20,0.6,0.4,0.2631578947368421,1.0,0.0,0.45,0.2,0.4297491762346558,0.17135516943759427,0.4,0.8,0.4,0.03645526651175762,-0.1977132301953347,SIDEWAYS_COMPRESSION
3m,5,15843,15862,0.34713643275905137,20,0.5,0.5,0.6842105263157895,1.0,0.0,0.4,0.3,0.4982829581934432,0.16892970448905453,0.6,0.4,-0.19999999999999996,-0.010298096997016809,-0.03697696283335,SIDEWAYS_COMPRESSION
3m,6,2223,2242,0.3470751626272191,20,0.5,0.5,0.5263157894736842,1.0,0.0,0.25,0.25,0.44588733816444776,0.20398359361881951,0.5,0.5,0.0,-0.10529992967436905,-0.17733845524564856,SIDEWAYS_COMPRESSION
3m,7,2889,2908,0.34195020811267257,20,0.5,0.5,0.6842105263157895,1.0,0.0,0.35,0.25,0.5159364576546325,0.18356278154150368,0.4,0.6,0.19999999999999996,-0.011765973482431802,0.3088969758842343,SIDEWAYS_COMPRESSION
3m,8,20164,20183,0.341199558578006,20,0.55,0.45,0.47368421052631576,1.0,0.0,0.25,0.3,0.5019876491704521,0.2131329573835266,0.6,0.5,-0.09999999999999998,-0.047018854223700085,0.03443247532647514,SIDEWAYS_COMPRESSION
3m,9,717,736,0.3407102767385392,20,0.5,0.5,0.5263157894736842,1.0,0.0,0.35,0.4,0.4456607653072374,0.2211189547771565,0.6,0.4,-0.19999999999999996,-0.043972753211372256,-0.33473764106131565,SIDEWAYS_COMPRESSION
3m,10,24443,24462,0.3394089656411916,20,0.5,0.5,0.631578947368421,0.95,0.0,0.2,0.1,0.6555360788532282,0.263019796115321,0.4,0.6,0.19999999999999996,0.10539755108582402,-0.1622470640740521,SIDEWAYS_COMPRESSION
3m,11,27104,27123,0.3389083866351877,20,0.35,0.65,0.631578947368421,1.0,0.0,0.15,0.35,0.5357275343729981,0.1955037310116273,0.3,0.4,0.10000000000000003,0.04373446339903317,-0.14710282324150564,REJECTION_MIX
3m,12,25475,25494,0.3386066452137425,20,0.5,0.5,0.3684210526315789,1.0,0.0,0.35,0.25,0.4830459082994478,0.22950489841686844,0.5,0.5,0.0,0.04328985316836692,0.0876986510141165,SIDEWAYS_COMPRESSION
3m,13,23834,23853,0.3381004943027936,20,0.65,0.35,0.3684210526315789,1.0,0.0,0.2,0.35,0.537048023287493,0.1967309448759496,0.8,0.5,-0.30000000000000004,0.02999853176808176,-0.21097314637179398,REJECTION_MIX
3m,14,6340,6359,0.33467721500550995,20,0.5,0.5,0.5263157894736842,1.0,0.0,0.3,0.4,0.3990160571786846,0.18064186380175024,0.5,0.5,0.0,-0.02495325276864349,-0.14184722308389885,SIDEWAYS_COMPRESSION
3m,15,15844,15863,0.33309803238900393,20,0.5,0.5,0.6842105263157895,1.0,0.0,0.4,0.3,0.5083299833416751,0.16978050832301925,0.6,0.4,-0.19999999999999996,0.014549729781180243,0.09279330165987354,SIDEWAYS_COMPRESSION
3m,16,1274,1293,0.3327662024106288,20,0.55,0.4,0.5789473684210527,1.0,0.0,0.2,0.45,0.5313533680284468,0.1924433302985938,0.5,0.6,0.09999999999999998,0.04091584880025548,0.2293969292337154,SIDEWAYS_COMPRESSION
3m,17,26015,26034,0.3299119250000479,20,0.5,0.5,0.5263157894736842,1.0,0.0,0.1,0.2,0.6171171767118222,0.18862491474624277,0.5,0.5,0.0,0.009961066273179664,0.05639523116444389,SIDEWAYS_COMPRESSION
3m,18,5579,5598,0.329895674256261,20,0.6,0.4,0.42105263157894735,1.0,0.0,0.5,0.25,0.4882080601108131,0.17303508211301494,0.4,0.8,0.4,0.023380637965089518,-0.14716070278854176,SIDEWAYS_COMPRESSION
3m,19,19556,19575,0.32979472102055435,20,0.3,0.7,0.3157894736842105,1.0,0.0,0.15,0.45,0.49122029024488184,0.2618092550259232,0.3,0.3,0.0,0.08646206520331595,-0.04528332055293721,REJECTION_MIX
3m,20,29492,29511,0.32909203104128637,20,0.5,0.5,0.3684210526315789,1.0,0.0,0.3,0.35,0.5509726900157588,0.23144787331046518,0.4,0.6,0.19999999999999996,0.004825718874272633,0.02221883141685843,SIDEWAYS_COMPRESSION
3m,21,21945,21964,0.32776386960985815,20,0.5,0.5,0.42105263157894735,1.0,0.0,0.35,0.15,0.49952427511389974,0.2547157719197507,0.4,0.6,0.19999999999999996,0.02305978526580721,-0.1445629930770299,SIDEWAYS_COMPRESSION
3m,22,22942,22961,0.32686511407789137,20,0.5,0.5,0.47368421052631576,1.0,0.0,0.2,0.5,0.45944521724433773,0.23983543191306017,0.5,0.5,0.0,0.10350296721371202,0.24450791022219043,SIDEWAYS_COMPRESSION
3m,23,1653,1672,0.32663993553775844,20,0.45,0.55,0.3684210526315789,1.0,0.0,0.35,0.25,0.44513564378118636,0.21176169102426817,0.4,0.5,0.09999999999999998,-0.012945730994652127,-0.0933875869910365,SIDEWAYS_COMPRESSION
3m,24,9631,9650,0.32641026383002075,20,0.4,0.6,0.5263157894736842,1.0,0.0,0.25,0.35,0.5026943765632561,0.1735921171110711,0.4,0.4,0.0,-0.03928175135568024,-0.07810005405927223,SIDEWAYS_COMPRESSION
3m,25,72,91,0.32617159514220734,20,0.5,0.5,0.5789473684210527,1.0,0.0,0.3,0.45,0.41916429441948366,0.19995211630672605,0.5,0.5,0.0,0.03721546449566515,0.045776347182919674,SIDEWAYS_COMPRESSION
5m,1,2183,2202,0.3439495453366893,20,0.7,0.3,0.631578947368421,0.95,0.0,0.35,0.35,0.41741047452442104,0.334979468270317,0.6,0.8,0.20000000000000007,-0.02558935759204589,-0.15065849376449036,REJECTION_MIX
5m,2,14594,14613,0.34254098835346464,20,0.6,0.4,0.5789473684210527,1.0,0.0,0.3,0.15,0.5665395438997903,0.23563447367263374,0.5,0.7,0.19999999999999996,0.02522789309538606,0.03410430409920018,SIDEWAYS_COMPRESSION
5m,3,7110,7129,0.34240731157337173,20,0.6,0.4,0.5263157894736842,1.0,0.0,0.25,0.2,0.5341507659752291,0.1801483881643404,0.5,0.7,0.19999999999999996,0.050969645205564185,0.23360259724270077,SIDEWAYS_COMPRESSION
5m,4,29956,29975,0.3380523925440677,20,0.5,0.5,0.5789473684210527,1.0,0.0,0.3,0.4,0.4271801921231506,0.2189582707858347,0.6,0.4,-0.19999999999999996,-0.05506733668309527,0.08109903563520082,SIDEWAYS_COMPRESSION
5m,5,17394,17413,0.3367324550645847,20,0.55,0.45,0.5789473684210527,1.0,0.0,0.15,0.45,0.6221281191352868,0.1931464202915581,0.4,0.7,0.29999999999999993,-0.006841217387897391,-0.026370530884366472,SIDEWAYS_COMPRESSION
5m,6,6785,6804,0.33631628590053014,20,0.5,0.5,0.631578947368421,1.0,0.0,0.4,0.15,0.5124503546301662,0.24784319226271095,0.6,0.4,-0.19999999999999996,-0.12255709137646462,-0.11345604878197252,SIDEWAYS_COMPRESSION
5m,7,16322,16341,0.3350253965947196,20,0.55,0.45,0.47368421052631576,1.0,0.0,0.35,0.5,0.319302867506114,0.15405752184982796,0.5,0.6,0.09999999999999998,0.04167292696867178,-0.09693877959182856,SIDEWAYS_COMPRESSION
5m,8,18018,18037,0.3337767548077475,20,0.6,0.4,0.6842105263157895,1.0,0.0,0.35,0.35,0.4547318162375659,0.2735639592598744,0.5,0.7,0.19999999999999996,-0.0012871635906861467,-0.22226989334897934,SIDEWAYS_COMPRESSION
5m,9,11360,11379,0.3337584141505599,20,0.65,0.35,0.47368421052631576,1.0,0.0,0.35,0.3,0.4772514264790605,0.28262689042120115,0.5,0.8,0.30000000000000004,0.14265536616247598,-0.05443478482267794,BEARISH_TO_BULLISH_SHIFT
5m,10,20403,20422,0.33324386389300414,20,0.55,0.45,0.47368421052631576,1.0,0.0,0.25,0.35,0.5176658773526314,0.1612103790554916,0.8,0.3,-0.5,-0.05256231114563936,-0.035838543207810325,SIDEWAYS_COMPRESSION
5m,11,29903,29922,0.3331451535416539,20,0.6,0.4,0.42105263157894735,1.0,0.0,0.35,0.45,0.3713795111096769,0.15106525296690315,0.5,0.7,0.19999999999999996,-0.08179317031209937,-0.1794012923640273,SIDEWAYS_COMPRESSION
5m,12,3572,3591,0.33305563285081974,20,0.65,0.35,0.42105263157894735,1.0,0.0,0.4,0.4,0.3970911435211562,0.18348147893962446,0.9,0.4,-0.5,-0.06404757388700011,0.17595151178239998,REJECTION_MIX
5m,13,9503,9522,0.3329739520693674,20,0.55,0.45,0.47368421052631576,1.0,0.0,0.2,0.35,0.46857053440586505,0.21350350804674031,0.5,0.6,0.09999999999999998,0.08536058813760988,-0.22617323813584156,SIDEWAYS_COMPRESSION
5m,14,21723,21742,0.33274415557733444,20,0.55,0.45,0.47368421052631576,1.0,0.0,0.15,0.45,0.5097750108997576,0.14844470956200578,0.4,0.7,0.29999999999999993,0.020838970533536116,-0.3318655701151329,SIDEWAYS_COMPRESSION
5m,15,12051,12070,0.3323720595941882,20,0.5,0.5,0.6842105263157895,1.0,0.0,0.25,0.45,0.44197943175043103,0.17289725894767588,0.5,0.5,0.0,-0.04277608444947731,-0.042655436388499,SIDEWAYS_COMPRESSION
5m,16,29701,29720,0.33189292258970804,20,0.55,0.45,0.5789473684210527,1.0,0.0,0.3,0.25,0.5636008219528836,0.18408134985019814,0.6,0.5,-0.09999999999999998,0.00010221671671514776,-0.0736922686162772,SIDEWAYS_COMPRESSION
5m,17,6983,7002,0.33149973950723327,20,0.5,0.5,0.3157894736842105,1.0,0.0,0.3,0.25,0.4926965293369248,0.2749047086859426,0.5,0.5,0.0,-0.14543368029857762,0.007467536854598944,SIDEWAYS_COMPRESSION
5m,18,14348,14367,0.3309381342093979,20,0.5,0.5,0.42105263157894735,1.0,0.0,0.4,0.3,0.37478488904999396,0.18952004999302813,0.6,0.4,-0.19999999999999996,-0.04861969590209006,-0.049981488561262666,SIDEWAYS_COMPRESSION
5m,19,5487,5506,0.33055206331866166,20,0.65,0.35,0.631578947368421,1.0,0.0,0.25,0.4,0.49889539771497393,0.2682342805762959,0.6,0.7,0.09999999999999998,0.031413858063347566,0.0448467194355312,REJECTION_MIX
5m,20,12953,12972,0.330489306446293,20,0.5,0.5,0.6842105263157895,1.0,0.0,0.25,0.45,0.47953924631994466,0.2107215389402414,0.5,0.5,0.0,0.0039439192669172285,0.08507813284004723,SIDEWAYS_COMPRESSION
5m,21,25849,25868,0.3304885537188537,20,0.65,0.35,0.5789473684210527,1.0,0.0,0.35,0.3,0.4149269137656069,0.16162410573341265,0.7,0.6,-0.09999999999999998,-0.021294089511646186,-0.22017230876494626,REJECTION_MIX
5m,22,22326,22345,0.3304181601339829,20,0.6,0.4,0.5789473684210527,1.0,0.0,0.3,0.4,0.4283455849055596,0.2289754976676693,0.4,0.8,0.4,-0.11783486435966026,-0.1554189528200307,SIDEWAYS_COMPRESSION
5m,23,2315,2334,0.32950854741948943,20,0.65,0.35,0.5789473684210527,1.0,0.0,0.35,0.25,0.5257390965414157,0.19947231907748064,0.6,0.7,0.09999999999999998,-0.04102025407250126,-0.32665496165614455,REJECTION_MIX
5m,24,20074,20093,0.32945723866436916,20,0.55,0.45,0.631578947368421,0.95,0.0,0.35,0.25,0.5111181428423406,0.2802879822927789,0.5,0.6,0.09999999999999998,-0.12341226634200528,-0.04699660090439767,SIDEWAYS_COMPRESSION
5m,25,18360,18379,0.32945085309919186,20,0.55,0.45,0.631578947368421,1.0,0.0,0.3,0.35,0.49491999226039696,0.17869596295030782,0.6,0.5,-0.09999999999999998,-0.06659305582127795,-0.10181401966237169,SIDEWAYS_COMPRESSION
15m,1,14991,15010,0.3768985653935664,20,0.7,0.3,0.5789473684210527,0.9,0.0,0.4,0.2,0.5304151264989493,0.31452845922181305,0.7,0.7,0.0,0.23147918892225017,0.009618068221250886,SIDEWAYS_TO_DIRECTIONAL
15m,2,2335,2354,0.37048035762095693,20,0.5,0.5,0.5789473684210527,1.0,0.0,0.35,0.35,0.43330448678784367,0.21696128818876798,0.4,0.6,0.19999999999999996,0.043346805196713745,-0.03178467838001742,SIDEWAYS_COMPRESSION
15m,3,15095,15114,0.36404172962291714,20,0.65,0.35,0.5263157894736842,1.0,0.0,0.2,0.4,0.40416474694788074,0.19744786767380693,0.7,0.6,-0.09999999999999998,0.06779760409235752,-0.026290494091968264,REJECTION_MIX
15m,4,5617,5636,0.35297808673113307,20,0.45,0.55,0.42105263157894735,1.0,0.0,0.45,0.25,0.4313560223301106,0.21975791416613433,0.4,0.5,0.09999999999999998,0.13075139439077837,0.022181064553612295,SIDEWAYS_COMPRESSION
15m,5,27274,27293,0.35007080784301187,20,0.75,0.25,0.3684210526315789,0.9,0.0,0.45,0.25,0.433060061841999,0.32299243032281016,0.8,0.7,-0.10000000000000009,0.3554553553938817,0.021459629108842915,REJECTION_MIX
15m,6,12348,12367,0.3460577816936714,20,0.5,0.5,0.5263157894736842,1.0,0.0,0.1,0.4,0.5032185214403926,0.19301502838304746,0.6,0.4,-0.19999999999999996,0.006575381182474055,-0.1482918986498612,SIDEWAYS_COMPRESSION
15m,7,22041,22060,0.34602206614787206,20,0.45,0.55,0.47368421052631576,1.0,0.0,0.4,0.35,0.4226835981040005,0.19161271508129188,0.7,0.2,-0.49999999999999994,0.028609879530751614,-0.11977375956005099,SIDEWAYS_COMPRESSION
15m,8,23384,23403,0.34213439589873607,20,0.5,0.5,0.5263157894736842,1.0,0.0,0.2,0.2,0.5696799664646446,0.21925801462422184,0.5,0.5,0.0,0.07188111858265558,-0.010846464894645802,SIDEWAYS_COMPRESSION
15m,9,12605,12624,0.33985607951297886,20,0.5,0.5,0.5789473684210527,1.0,0.0,0.3,0.35,0.47777937685992306,0.2015804683217274,0.5,0.5,0.0,-0.015936368473093543,0.07406863540880809,SIDEWAYS_COMPRESSION
15m,10,18592,18611,0.33926839089900845,20,0.35,0.65,0.47368421052631576,1.0,0.0,0.45,0.4,0.4225851674600161,0.26346245236656596,0.5,0.2,-0.3,0.006868184668904986,-0.05971011256318404,REJECTION_MIX
15m,11,561,580,0.33908320353689336,20,0.4,0.6,0.5789473684210527,1.0,0.0,0.35,0.35,0.40692329509790814,0.2872904414643424,0.2,0.6,0.39999999999999997,-0.022799027002311456,-0.04120372912671172,SIDEWAYS_COMPRESSION
15m,12,10450,10469,0.3367689242114424,20,0.8,0.2,0.42105263157894735,0.95,0.0,0.5,0.05,0.47673090375758226,0.3420117759939944,0.9,0.7,-0.20000000000000007,0.09587293782720185,0.1670971502991494,MIXED_BEHAVIOUR
15m,13,12410,12429,0.3362532870106219,20,0.5,0.5,0.47368421052631576,1.0,0.0,0.25,0.35,0.4681330475408302,0.19901851528698908,0.3,0.7,0.39999999999999997,0.038712103556524546,0.037849582297130646,SIDEWAYS_COMPRESSION
15m,14,1066,1085,0.3358549550033493,20,0.5,0.5,0.47368421052631576,1.0,0.0,0.25,0.35,0.43839699265076765,0.20008776397444333,0.3,0.7,0.39999999999999997,0.09607804224422731,0.07047258994420619,SIDEWAYS_COMPRESSION
15m,15,17073,17092,0.3345119601501895,20,0.5,0.5,0.5263157894736842,1.0,0.0,0.35,0.6,0.31415113662713956,0.2810890167671197,0.5,0.5,0.0,0.02886946496559789,-0.029529866279324413,SIDEWAYS_COMPRESSION
15m,16,2271,2290,0.33312193927045874,20,0.55,0.45,0.5789473684210527,1.0,0.0,0.35,0.25,0.5084980110716579,0.2493076073720195,0.5,0.6,0.09999999999999998,0.023465310245758653,0.07356209265429181,SIDEWAYS_COMPRESSION
15m,17,6351,6370,0.33195486825373216,20,0.5,0.5,0.5789473684210527,0.95,0.0,0.5,0.3,0.40459434959618407,0.2910311796738694,0.6,0.4,-0.19999999999999996,0.1763146120121713,-0.13095005544574612,SIDEWAYS_COMPRESSION
15m,18,11928,11947,0.3316362016150259,20,0.5,0.5,0.5789473684210527,0.9,0.0,0.3,0.35,0.4577036992083971,0.3460309148631357,0.6,0.4,-0.19999999999999996,0.1971910514179164,0.03937292063655706,SIDEWAYS_COMPRESSION
15m,19,6816,6835,0.3305459367966874,20,0.5,0.5,0.5789473684210527,1.0,0.0,0.45,0.3,0.43420241827776795,0.24278796112374273,0.7,0.3,-0.39999999999999997,0.06450401245799708,0.06468042340909214,SIDEWAYS_COMPRESSION
15m,20,9436,9455,0.3300336680682905,20,0.4,0.6,0.5263157894736842,0.95,0.0,0.3,0.4,0.42744872542733664,0.2872575711157965,0.3,0.5,0.2,0.12627937755011087,0.04930243496866338,SIDEWAYS_COMPRESSION
15m,21,12155,12174,0.32982904392333745,20,0.55,0.45,0.5789473684210527,1.0,0.0,0.4,0.2,0.5006866580979569,0.20091977969482988,0.5,0.6,0.09999999999999998,0.0440669342857703,-0.21369068323543772,SIDEWAYS_COMPRESSION
15m,22,26453,26472,0.3288774736712372,20,0.5,0.5,0.6842105263157895,1.0,0.0,0.35,0.35,0.508067469904062,0.24972566747901323,0.5,0.5,0.0,0.03186628597902705,-0.10360357288569222,SIDEWAYS_COMPRESSION
15m,23,19125,19144,0.3287534638320484,20,0.5,0.5,0.6842105263157895,1.0,0.0,0.2,0.35,0.519532586459911,0.1858043509886768,0.4,0.6,0.19999999999999996,0.03948655915581542,-0.040854793814221635,SIDEWAYS_COMPRESSION
15m,24,23639,23658,0.3285759288563902,20,0.3,0.7,0.47368421052631576,0.85,0.0,0.2,0.4,0.4754360961615661,0.4239453543356853,0.1,0.5,0.4,0.17673578600998757,0.07544217595083003,BEARISH_TO_BULLISH_SHIFT
15m,25,24145,24164,0.3283240018960676,20,0.5,0.5,0.7368421052631579,1.0,0.0,0.4,0.35,0.42770563726822247,0.20120532032758534,0.5,0.5,0.0,0.04453941650601989,-0.0717564238618173,SIDEWAYS_COMPRESSION
30m,1,10361,10380,0.3154677046288155,20,0.5,0.5,0.5789473684210527,1.0,0.0,0.4,0.3,0.4459869325389773,0.20428803323510847,0.5,0.5,0.0,-0.0935513978109003,-0.11335210192609202,SIDEWAYS_COMPRESSION
30m,2,10217,10236,0.3131077521097864,20,0.45,0.55,0.3684210526315789,1.0,0.0,0.25,0.5,0.4010764691758662,0.25627251006288293,0.5,0.4,-0.09999999999999998,-0.01860470576527995,0.12093013581936374,SIDEWAYS_COMPRESSION
30m,3,14180,14199,0.31077214103167244,20,0.4,0.6,0.631578947368421,0.95,0.0,0.3,0.35,0.41260820848115615,0.29947856804678624,0.4,0.4,0.0,-0.22181557277514174,-0.01757823104788636,SIDEWAYS_COMPRESSION
30m,4,23299,23318,0.30195901305476625,20,0.4,0.6,0.5789473684210527,1.0,0.0,0.35,0.2,0.44703317818376853,0.1991193849236736,0.3,0.5,0.2,-0.09825865391860691,0.14801676015555792,SIDEWAYS_COMPRESSION
30m,5,24691,24710,0.30150823873315796,20,0.4,0.6,0.47368421052631576,0.95,0.0,0.45,0.3,0.45556480025273344,0.3421408512896896,0.5,0.3,-0.2,-0.26492107117291236,0.028437852252562512,SIDEWAYS_COMPRESSION
30m,6,20852,20871,0.2992395450990151,20,0.35,0.65,0.3684210526315789,0.95,0.0,0.35,0.45,0.3883115062535886,0.2908168565572553,0.5,0.2,-0.3,-0.20300923075191185,0.027718443376820223,COMPRESSION_SEQUENCE
30m,7,24164,24183,0.29635495108764665,20,0.5,0.5,0.42105263157894735,1.0,0.0,0.1,0.25,0.5918327054272975,0.2760381505495733,0.4,0.6,0.19999999999999996,-0.08636967763240833,-0.022840010746900563,SIDEWAYS_COMPRESSION
30m,8,18748,18767,0.2961231166735066,20,0.45,0.55,0.42105263157894735,0.95,0.0,0.1,0.45,0.4299483492792878,0.3314183870893234,0.3,0.6,0.3,-0.2104240181323888,0.089716881246799,SIDEWAYS_COMPRESSION
30m,9,16254,16273,0.29430117439419545,20,0.45,0.55,0.5263157894736842,1.0,0.0,0.45,0.3,0.4461896395006681,0.1897581397287331,0.4,0.5,0.09999999999999998,-0.10332759884808629,-0.08487798868023744,SIDEWAYS_COMPRESSION
30m,10,13713,13732,0.2929332422967969,20,0.4,0.6,0.5263157894736842,1.0,0.0,0.35,0.45,0.37965084089074363,0.1950889553934797,0.5,0.3,-0.2,-0.04449803036586525,0.2737796776240422,SIDEWAYS_COMPRESSION
30m,11,17972,17991,0.29148531122382865,20,0.5,0.5,0.7368421052631579,0.95,0.0,0.35,0.4,0.4259561783350271,0.3437876391286194,0.5,0.5,0.0,-0.30498617342779544,0.012743542370062866,SIDEWAYS_COMPRESSION
30m,12,4249,4268,0.2907851054214705,20,0.4,0.6,0.5789473684210527,1.0,0.0,0.3,0.6,0.33922889691204305,0.23679649963460014,0.2,0.6,0.39999999999999997,-0.11359967473009139,0.12862703826702926,SIDEWAYS_COMPRESSION
30m,13,26897,26916,0.28777827542768275,20,0.5,0.5,0.47368421052631576,0.9,0.0,0.3,0.4,0.39405798589539837,0.3184278538516532,0.5,0.5,0.0,-0.3415856095024363,-0.2256369062493287,SIDEWAYS_COMPRESSION
30m,14,16049,16068,0.2870436722740265,20,0.4,0.6,0.5263157894736842,1.0,0.0,0.2,0.4,0.45255496829201636,0.2522036617002088,0.5,0.3,-0.2,-0.15930696256115917,-0.06279204576137004,SIDEWAYS_COMPRESSION
30m,15,2518,2537,0.2869499061809444,20,0.35,0.65,0.47368421052631576,0.85,0.0,0.3,0.55,0.48991102082166044,0.3525624091915865,0.2,0.5,0.3,-0.35188245168469023,0.15688276775501037,COMPRESSION_SEQUENCE
30m,16,14233,14252,0.28653577257284263,20,0.45,0.55,0.47368421052631576,1.0,0.0,0.4,0.4,0.4617978195944703,0.20288386571632389,0.3,0.6,0.3,-0.13007035420455948,-0.12342055225010107,SIDEWAYS_COMPRESSION
30m,17,16102,16121,0.28648590174737437,20,0.5,0.5,0.47368421052631576,1.0,0.0,0.5,0.3,0.43268654232159315,0.2874919461532035,0.3,0.7,0.39999999999999997,-0.15278241340985865,0.08876554560580041,SIDEWAYS_COMPRESSION
30m,18,5576,5595,0.28498674854743067,20,0.45,0.55,0.7894736842105263,0.95,0.0,0.3,0.4,0.45000489481357075,0.2806806734891719,0.4,0.5,0.09999999999999998,-0.18796097681865082,-0.05826916120673342,SIDEWAYS_COMPRESSION
30m,19,22776,22795,0.2848392436462831,20,0.4,0.6,0.5789473684210527,1.0,0.0,0.25,0.35,0.4219196093009018,0.2617205498272335,0.4,0.4,0.0,-0.057856606705127545,0.19153796491186498,SIDEWAYS_COMPRESSION
30m,20,22778,22797,0.2842909045817305,20,0.5,0.5,0.5789473684210527,1.0,0.0,0.3,0.3,0.41982697423205506,0.24647034816075575,0.4,0.6,0.19999999999999996,-0.08405182952260981,0.06928357345899411,SIDEWAYS_COMPRESSION
30m,21,23201,23220,0.28365008375669837,20,0.45,0.55,0.7368421052631579,1.0,0.0,0.25,0.35,0.4584483585693305,0.2419573670662704,0.4,0.5,0.09999999999999998,-0.06469501543661549,0.16271994111349403,SIDEWAYS_COMPRESSION
30m,22,9151,9170,0.2833594003883669,20,0.45,0.55,0.3157894736842105,0.95,0.0,0.3,0.35,0.4571402166111514,0.26975577424312863,0.6,0.3,-0.3,-0.16338276472339017,-0.05130210441891725,SIDEWAYS_COMPRESSION
30m,23,26537,26556,0.2832571308770032,20,0.4,0.6,0.5789473684210527,1.0,0.0,0.3,0.45,0.4200312222438902,0.20876531026160894,0.3,0.5,0.2,-0.031301401100859216,0.043185252308863165,SIDEWAYS_COMPRESSION
30m,24,18035,18054,0.2830701711383585,20,0.45,0.55,0.5263157894736842,1.0,0.0,0.35,0.35,0.42545211120593673,0.2607047171094289,0.4,0.5,0.09999999999999998,-0.07933541974506214,0.10103841758890386,SIDEWAYS_COMPRESSION
30m,25,10156,10175,0.282825276690335,20,0.75,0.25,0.42105263157894735,1.0,0.0,0.25,0.4,0.47212017731067046,0.22043432208714425,0.7,0.8,0.10000000000000009,-0.1130224082969715,0.14962887332971353,COMPRESSION_SEQUENCE
1h,1,2337,2356,0.3469396595048701,20,0.55,0.45,0.47368421052631576,0.95,0.0,0.2,0.5,0.47531436797254134,0.2789921270601389,0.6,0.5,-0.09999999999999998,0.16643117893855836,0.03470466272172118,SIDEWAYS_COMPRESSION
1h,2,20761,20780,0.32963494706688234,20,0.55,0.45,0.5263157894736842,1.0,0.0,0.3,0.35,0.4853414583602036,0.19709949746429362,0.6,0.5,-0.09999999999999998,0.07933308892663965,0.10699809296296714,SIDEWAYS_COMPRESSION
1h,3,15506,15525,0.3264616344767954,20,0.65,0.35,0.47368421052631576,1.0,0.0,0.35,0.4,0.37892255043754947,0.16836320167448154,0.7,0.6,-0.09999999999999998,0.059340011197821146,0.03783633492670546,REJECTION_MIX
1h,4,18791,18810,0.3228648242563793,20,0.8,0.2,0.21052631578947367,1.0,0.0,0.45,0.2,0.4129729344861034,0.1605679133423783,0.8,0.8,0.0,0.03406212862785843,-0.0932136341138165,PERSISTENT_BULLISH_BODY
1h,5,17447,17466,0.3220890508222792,20,0.7,0.3,0.42105263157894735,1.0,0.0,0.55,0.15,0.4675397703069768,0.26090841796455244,0.8,0.6,-0.20000000000000007,0.16893510169973533,-0.004364857205338246,SIDEWAYS_TO_DIRECTIONAL
1h,6,25464,25483,0.3215883423269641,20,0.55,0.45,0.47368421052631576,1.0,0.0,0.4,0.3,0.36995510200131887,0.24371302964569508,0.7,0.4,-0.29999999999999993,0.11187297706758031,0.01497470982101523,SIDEWAYS_COMPRESSION
1h,7,12192,12211,0.3206679373255908,20,0.4,0.6,0.5263157894736842,1.0,0.0,0.2,0.5,0.3939752318457432,0.26389435036454895,0.3,0.5,0.2,0.0363543490639745,-0.03499201271795788,SIDEWAYS_COMPRESSION
1h,8,12143,12162,0.3203199883977145,20,0.55,0.45,0.47368421052631576,0.95,0.0,0.5,0.2,0.4346224950654466,0.27162685287919164,0.6,0.5,-0.09999999999999998,0.15519501255310256,-0.12876043792976016,SIDEWAYS_COMPRESSION
1h,9,24145,24164,0.31767735787299184,20,0.55,0.45,0.47368421052631576,1.0,0.0,0.35,0.45,0.3792150430930648,0.2058730419629891,0.5,0.6,0.09999999999999998,0.12372307475031097,-0.07095540403117967,SIDEWAYS_COMPRESSION
1h,10,25187,25206,0.3142213884703696,20,0.5,0.5,0.42105263157894735,1.0,0.0,0.2,0.45,0.38977839641723233,0.2576388995550129,0.7,0.3,-0.39999999999999997,-0.07471482841201924,0.07337785594521168,SIDEWAYS_COMPRESSION
1h,11,25656,25675,0.3131734194912714,20,0.55,0.45,0.42105263157894735,1.0,0.0,0.5,0.35,0.35705762510583505,0.2267403826325655,0.4,0.7,0.29999999999999993,-0.011727291149548041,-0.07886167991028414,SIDEWAYS_COMPRESSION
1h,12,25751,25770,0.31283302520117967,20,0.45,0.55,0.6842105263157895,1.0,0.0,0.4,0.35,0.41018474414639206,0.2031312305156639,0.5,0.4,-0.09999999999999998,0.10613079939616896,-0.07169376804850064,SIDEWAYS_COMPRESSION
1h,13,16780,16799,0.3127619714288004,20,0.5,0.5,0.5263157894736842,1.0,0.0,0.35,0.35,0.47272960613475445,0.19976944913788605,0.6,0.4,-0.19999999999999996,0.051104330175962775,-0.02409017969539151,SIDEWAYS_COMPRESSION
1h,14,7584,7603,0.31262242528287354,20,0.7,0.3,0.5263157894736842,1.0,0.0,0.35,0.5,0.4235551333985925,0.2610772644048861,0.7,0.7,0.0,0.07016625174130431,-0.06557196927055425,REJECTION_MIX
1h,15,23160,23179,0.3070998553024255,20,0.6,0.4,0.5789473684210527,1.0,0.0,0.4,0.35,0.4607604202028492,0.18560684989167245,0.6,0.6,0.0,0.11744600049106704,-0.016321563973389797,SIDEWAYS_COMPRESSION
1h,16,11831,11850,0.3070448639612116,20,0.75,0.25,0.42105263157894735,0.95,0.0,0.5,0.4,0.3389650543754621,0.2610896712511978,0.7,0.8,0.10000000000000009,0.21288919567276754,-0.011954378526465914,REJECTION_MIX
1h,17,6971,6990,0.3066415487328908,20,0.5,0.5,0.631578947368421,1.0,0.0,0.15,0.4,0.5003025395064734,0.21402671328713438,0.4,0.6,0.19999999999999996,-0.1298553610483313,0.060040051794970295,SIDEWAYS_COMPRESSION
1h,18,19704,19723,0.3055487612137304,20,0.65,0.35,0.3684210526315789,0.95,0.0,0.3,0.45,0.45542996197502444,0.28013064148619166,0.6,0.7,0.09999999999999998,0.18481169517608695,0.23650226566551025,SIDEWAYS_TO_DIRECTIONAL
1h,19,15532,15551,0.3050155904049879,20,0.45,0.55,0.7368421052631579,1.0,0.0,0.15,0.5,0.4278594033210072,0.22858691572721218,0.4,0.5,0.09999999999999998,0.038751576650043085,-0.05787051155543893,SIDEWAYS_COMPRESSION
1h,20,27336,27355,0.30473047749930343,20,0.55,0.45,0.42105263157894735,0.95,0.0,0.35,0.35,0.47534944064403684,0.2726188290071687,0.5,0.6,0.09999999999999998,0.19413974694120595,-0.1557773075330554,SIDEWAYS_COMPRESSION
1h,21,6697,6716,0.3041861280432216,20,0.5,0.5,0.631578947368421,1.0,0.0,0.4,0.3,0.42972407118995504,0.17546343666136982,0.5,0.5,0.0,0.07305133084507856,-0.04831760864001089,SIDEWAYS_COMPRESSION
1h,22,25397,25416,0.3041004258053452,20,0.6,0.4,0.47368421052631576,1.0,0.0,0.45,0.35,0.4136477324269567,0.2227073493725081,0.7,0.5,-0.19999999999999996,0.027230202726330338,0.13383677806816674,SIDEWAYS_COMPRESSION
1h,23,19754,19773,0.30343727095639916,20,0.6,0.4,0.42105263157894735,1.0,0.0,0.3,0.4,0.3922444618175033,0.24110801274567759,0.6,0.6,0.0,0.07039637680943989,-0.10670758526574636,SIDEWAYS_COMPRESSION
1h,24,8327,8346,0.3032958613630696,20,0.55,0.45,0.42105263157894735,1.0,0.0,0.35,0.4,0.37839579440868104,0.19298419276368245,0.7,0.4,-0.29999999999999993,0.033809760986964865,-0.14209825294822637,SIDEWAYS_COMPRESSION
1h,25,27286,27305,0.30205866634994916,20,0.55,0.45,0.47368421052631576,1.0,0.0,0.35,0.45,0.35595405545164693,0.24496632104216154,0.6,0.5,-0.09999999999999998,0.14043591616245232,-0.07668871442160469,SIDEWAYS_COMPRESSION
4h,1,6175,6194,0.33667401151723175,20,0.3,0.7,0.3157894736842105,1.0,0.0,0.1,0.5,0.4905426699570604,0.2858268706003279,0.3,0.3,0.0,-0.050287610127818294,0.10468960212805772,REJECTION_MIX
4h,2,9307,9326,0.3136913652893642,20,0.3,0.7,0.5263157894736842,1.0,0.0,0.5,0.35,0.36049598830560053,0.24229511133230724,0.3,0.3,0.0,0.009955957025723855,-0.06701298274822326,REJECTION_MIX
4h,3,2679,2698,0.3136568170942352,20,0.45,0.55,0.5789473684210527,1.0,0.0,0.35,0.35,0.39981242091102426,0.22730523961833274,0.3,0.6,0.3,0.009166819862924253,-0.06142798185636256,SIDEWAYS_COMPRESSION
4h,4,9326,9345,0.3112080729793453,20,0.45,0.55,0.631578947368421,1.0,0.0,0.4,0.45,0.33501518435508465,0.1968890378643377,0.4,0.5,0.09999999999999998,-0.07576860872790808,-0.1511054671494002,SIDEWAYS_COMPRESSION
4h,5,8798,8817,0.3111648688882593,20,0.45,0.55,0.47368421052631576,1.0,0.0,0.35,0.35,0.4023808460499854,0.23829932353835614,0.5,0.4,-0.09999999999999998,-0.03426613638457421,-0.15531981452795973,SIDEWAYS_COMPRESSION
4h,6,8147,8166,0.3109807064625408,20,0.4,0.6,0.5263157894736842,1.0,0.0,0.2,0.5,0.4617139676590374,0.2681210816957695,0.4,0.4,0.0,-0.12096526820009484,-0.1712898705974918,SIDEWAYS_COMPRESSION
4h,7,2900,2919,0.31054588855822524,20,0.45,0.55,0.6842105263157895,1.0,0.0,0.3,0.4,0.4628147487489424,0.2387183388750441,0.5,0.4,-0.09999999999999998,-0.047392655092447195,-0.05878997391917573,SIDEWAYS_COMPRESSION
4h,8,7223,7242,0.306785361404897,20,0.35,0.65,0.42105263157894735,1.0,0.0,0.25,0.45,0.426855127518325,0.20573841472151355,0.2,0.5,0.3,-0.024040433389743543,0.06209544985054094,REJECTION_MIX
4h,9,4939,4958,0.3062930836026302,20,0.4,0.6,0.5789473684210527,1.0,0.0,0.35,0.3,0.43901681460280584,0.2585240797681298,0.5,0.3,-0.2,-0.08465632282198338,-0.23206984493710398,SIDEWAYS_COMPRESSION
4h,10,6762,6781,0.3060926861932875,20,0.25,0.75,0.21052631578947367,0.95,0.0,0.4,0.4,0.40080719063097225,0.25358425936212436,0.2,0.3,0.09999999999999998,0.09756511689626451,0.09961264129516312,REJECTION_MIX
4h,11,3274,3293,0.3060018420674329,20,0.45,0.55,0.5263157894736842,1.0,0.0,0.35,0.35,0.4019681099835178,0.21003931286957916,0.3,0.6,0.3,-0.1119588307806452,-0.08983948216148907,SIDEWAYS_COMPRESSION
4h,12,8091,8110,0.3025347724007012,20,0.45,0.55,0.631578947368421,0.95,0.0,0.25,0.5,0.4484276980959687,0.3676831619319302,0.4,0.5,0.09999999999999998,-0.08627970818340197,-0.13052417599582833,SIDEWAYS_COMPRESSION
4h,13,4783,4802,0.30232305820650707,20,0.45,0.55,0.7368421052631579,1.0,0.0,0.3,0.45,0.45554831217749553,0.21619282941469947,0.4,0.5,0.09999999999999998,-0.1177911940416706,-0.08899403839853454,SIDEWAYS_COMPRESSION
4h,14,5353,5372,0.3021690943548673,20,0.45,0.55,0.631578947368421,0.95,0.0,0.15,0.3,0.49701513510369405,0.33713614586511026,0.3,0.6,0.3,-0.0038011847375562513,-0.07244090423485955,SIDEWAYS_COMPRESSION
4h,15,6474,6493,0.30119770414292935,20,0.25,0.75,0.5263157894736842,1.0,0.0,0.45,0.4,0.41359178716372486,0.1676638364046827,0.2,0.3,0.09999999999999998,-0.05571071960616386,-0.09846100427679538,REJECTION_MIX
4h,16,3147,3166,0.3006036084050496,20,0.45,0.55,0.631578947368421,1.0,0.0,0.35,0.35,0.4300233125743804,0.20706559362027122,0.4,0.5,0.09999999999999998,-0.023184568617881762,-0.11477267597853924,SIDEWAYS_COMPRESSION
4h,17,529,548,0.3005878781476463,20,0.45,0.55,0.5263157894736842,1.0,0.0,0.4,0.35,0.41006409037832076,0.24674367551938242,0.5,0.4,-0.09999999999999998,-0.050735746133532766,0.04280827582490221,SIDEWAYS_COMPRESSION
4h,18,1728,1747,0.296204025641452,20,0.5,0.5,0.5789473684210527,1.0,0.0,0.25,0.55,0.41766287155437914,0.18368001637354187,0.5,0.5,0.0,-0.10478854159947537,0.007613280647452758,SIDEWAYS_COMPRESSION
4h,19,8006,8025,0.2959883142294938,20,0.35,0.65,0.5263157894736842,0.95,0.0,0.25,0.5,0.3626552608745592,0.2693287152102609,0.3,0.4,0.10000000000000003,0.10849230227321266,0.02801697156608235,SIDEWAYS_TO_DIRECTIONAL
4h,20,9321,9340,0.29596488452121533,20,0.35,0.65,0.5789473684210527,1.0,0.0,0.45,0.5,0.3151347247999018,0.2186946204804478,0.2,0.5,0.3,-0.03712316649275435,-0.1499170223920615,REJECTION_MIX
4h,21,6995,7014,0.295415198889369,20,0.5,0.5,0.47368421052631576,1.0,0.0,0.4,0.4,0.41527240184595904,0.2526002440475125,0.4,0.6,0.19999999999999996,-0.007419310061969775,-0.11048603381952621,SIDEWAYS_COMPRESSION
4h,22,4944,4963,0.2945715490571879,20,0.45,0.55,0.5789473684210527,1.0,0.0,0.4,0.3,0.42406445155222405,0.23724426980025135,0.4,0.5,0.09999999999999998,-0.13039090704035305,0.008946300976364174,SIDEWAYS_COMPRESSION
4h,23,2769,2788,0.2944653126117805,20,0.45,0.55,0.42105263157894735,1.0,0.0,0.35,0.35,0.3816828527652455,0.20868615081407035,0.3,0.6,0.3,-0.03903772383001233,-0.0032022246174196467,SIDEWAYS_COMPRESSION
4h,24,9109,9128,0.293969646000924,20,0.5,0.5,0.5263157894736842,1.0,0.0,0.25,0.45,0.40280883193491057,0.19929670563974627,0.5,0.5,0.0,-0.04865794521243769,-0.12331661393635379,SIDEWAYS_COMPRESSION
4h,25,1700,1719,0.2939434656237131,20,0.45,0.5,0.3157894736842105,1.0,0.0,0.35,0.35,0.4101492091636265,0.23073993984644434,0.6,0.3,-0.3,0.022273872679206497,-0.05350146393946836,SIDEWAYS_COMPRESSION
1d,1,1065,1084,0.27433409943675846,20,0.45,0.55,0.5789473684210527,1.0,0.0,0.35,0.35,0.4711717440742599,0.14391257100059515,0.5,0.4,-0.09999999999999998,0.0035636829270850046,0.027666565719076053,SIDEWAYS_COMPRESSION
1d,2,1891,1910,0.2738171051226423,20,0.5,0.5,0.47368421052631576,1.0,0.0,0.45,0.5,0.346755343493512,0.20909114203352872,0.4,0.6,0.19999999999999996,-0.028767236224206405,0.03546367543468848,SIDEWAYS_COMPRESSION
1d,3,391,410,0.2734563558174049,20,0.35,0.65,0.5789473684210527,1.0,0.0,0.25,0.45,0.41970413322013533,0.19826907360678167,0.5,0.2,-0.3,0.09023755050372975,0.102182640714156,REJECTION_MIX
1d,4,144,163,0.2721544206195058,20,0.35,0.65,0.631578947368421,1.0,0.0,0.2,0.3,0.4439082034717782,0.20087332845642147,0.4,0.3,-0.10000000000000003,-0.0882696434677138,-0.010196601498004831,REJECTION_MIX
1d,5,2714,2733,0.2714769692971006,20,0.45,0.55,0.42105263157894735,1.0,0.0,0.45,0.4,0.3426245366031508,0.18083992039546812,0.6,0.3,-0.3,-0.02725343677503672,-0.15802944287052362,SIDEWAYS_COMPRESSION
1d,6,981,1000,0.2688190496102354,20,0.5,0.5,0.5263157894736842,1.0,0.0,0.2,0.5,0.41664701850693076,0.17602582475021045,0.6,0.4,-0.19999999999999996,0.011182782251821094,-0.08511704163487793,SIDEWAYS_COMPRESSION
1d,7,1072,1091,0.26519060866981164,20,0.45,0.55,0.5789473684210527,1.0,0.0,0.3,0.45,0.43755885638651415,0.17475870170743157,0.4,0.5,0.09999999999999998,0.045254296265309496,-0.08597814837115358,SIDEWAYS_COMPRESSION
1d,8,2896,2915,0.2647747289045391,20,0.4,0.6,0.5263157894736842,1.0,0.0,0.3,0.35,0.4356930779195222,0.22827892217363366,0.4,0.4,0.0,-0.03197996601644543,-0.027864564056739816,SIDEWAYS_COMPRESSION
1d,9,662,681,0.2638811950598586,20,0.45,0.55,0.42105263157894735,1.0,0.0,0.55,0.35,0.36189767815416685,0.23565243266207153,0.7,0.2,-0.49999999999999994,-0.004449282424475537,-0.028436734203081904,SIDEWAYS_COMPRESSION
1d,10,1068,1087,0.26183563727713444,20,0.4,0.6,0.5789473684210527,1.0,0.0,0.35,0.4,0.46739311219677093,0.16589909337771233,0.4,0.4,0.0,0.042544698915722684,-0.0028618746130473216,SIDEWAYS_COMPRESSION
1d,11,1234,1253,0.26182512670138164,20,0.5,0.5,0.5789473684210527,1.0,0.0,0.1,0.35,0.5505800470786452,0.2787229592122642,0.5,0.5,0.0,0.002369253281882089,-0.20197367088429874,SIDEWAYS_COMPRESSION
1d,12,1795,1814,0.26131651866956906,20,0.4,0.6,0.5789473684210527,1.0,0.0,0.3,0.35,0.4061418068332925,0.2408935406299264,0.3,0.5,0.2,0.01916120625913101,-0.13840412757001452,SIDEWAYS_COMPRESSION
1d,13,2444,2463,0.2608597763334945,20,0.45,0.55,0.42105263157894735,1.0,0.0,0.3,0.3,0.45557878236520255,0.1539318614118092,0.6,0.3,-0.3,0.02022134688011376,0.02334748592670216,SIDEWAYS_COMPRESSION
1d,14,2231,2250,0.26057492887255074,20,0.45,0.55,0.6842105263157895,1.0,0.0,0.45,0.2,0.40051555609296186,0.17490154566264557,0.4,0.5,0.09999999999999998,0.018693665375018903,0.09493367883978393,SIDEWAYS_COMPRESSION
1d,15,1791,1810,0.26017771827303643,20,0.4,0.6,0.631578947368421,1.0,0.0,0.3,0.4,0.41272191510159856,0.2417960106597589,0.4,0.4,0.0,0.03568630611495835,-0.008979004634457777,SIDEWAYS_COMPRESSION
1d,16,1321,1340,0.25983361705314156,20,0.4,0.6,0.42105263157894735,1.0,0.0,0.3,0.3,0.4322063413336622,0.22254680939077046,0.2,0.6,0.39999999999999997,0.045597062526671284,-0.1304225644076617,SIDEWAYS_COMPRESSION
1d,17,1446,1465,0.2593606741549332,20,0.4,0.6,0.42105263157894735,1.0,0.0,0.35,0.35,0.4055917109498143,0.18050650326512277,0.5,0.3,-0.2,-0.04879769103864354,-0.1588569845098371,SIDEWAYS_COMPRESSION
1d,18,23,42,0.2587049972105805,20,0.3,0.7,0.5263157894736842,1.0,0.0,0.1,0.45,0.43197905514295176,0.19926689573551964,0.2,0.4,0.2,0.03854386952962921,-0.016242131318951802,REJECTION_MIX
1d,19,281,300,0.25775985473890634,20,0.5,0.5,0.631578947368421,1.0,0.0,0.4,0.45,0.36284298283939415,0.2383638579495333,0.5,0.5,0.0,-0.0811823571455958,-0.0347053889598839,SIDEWAYS_COMPRESSION
1d,20,979,998,0.2577281015079168,20,0.5,0.5,0.5263157894736842,1.0,0.0,0.2,0.45,0.43164974154360375,0.17591742230083324,0.6,0.4,-0.19999999999999996,0.008313879063713447,-0.29610651911050456,SIDEWAYS_COMPRESSION
1d,21,68,87,0.2574517554701999,20,0.4,0.6,0.5263157894736842,1.0,0.0,0.2,0.45,0.4261850567809339,0.2370435995955861,0.3,0.5,0.2,-0.05454973893127163,0.10901992537555172,SIDEWAYS_COMPRESSION
1d,22,2782,2801,0.2568240925431699,20,0.45,0.55,0.5789473684210527,1.0,0.0,0.3,0.4,0.3797860072649212,0.1874986325524129,0.5,0.4,-0.09999999999999998,0.10432115638164405,-0.007178510019255124,SIDEWAYS_COMPRESSION
1d,23,1055,1074,0.25656555663145875,20,0.45,0.55,0.47368421052631576,1.0,0.0,0.2,0.45,0.4737345065192645,0.16004996489205228,0.4,0.5,0.09999999999999998,-0.03583847070999918,-0.03279209060908561,SIDEWAYS_COMPRESSION
1d,24,1571,1590,0.2555745519677011,20,0.5,0.5,0.5263157894736842,0.95,0.0,0.4,0.2,0.46946852327645383,0.3182881323619622,0.6,0.4,-0.19999999999999996,-0.07469781014744381,-0.12690540698152653,SIDEWAYS_COMPRESSION
1d,25,1873,1892,0.254708755165269,20,0.35,0.65,0.5789473684210527,0.95,0.0,0.25,0.55,0.4052947288854871,0.29777297646610934,0.3,0.4,0.10000000000000003,-0.12393937947093481,-0.0016525232705874582,COMPRESSION_SEQUENCE
