timeframe,pattern_code,count,mean_similarity,best_similarity
15m,BALANCED | EXPANDING | WICK_BALANCED | DIRECTION_BALANCED | HIGH_ALT | MID_BODY | RANGE_STABLE | CLOSE_MID,2,0.3494021797585123,0.37048035762095693
15m,BALANCED | STABLE | LOWER_WICK | DIRECTION_BALANCED | MID_ALT | MID_BODY | RANGE_STABLE | CLOSE_MID,2,0.3402848709219305,0.3460577816936714
15m,BALANCED | STABLE | WICK_BALANCED | DIRECTION_BALANCED | HIGH_ALT | MID_BODY | RANGE_STABLE | CLOSE_MID,2,0.334366776592108,0.33985607951297886
15m,BULL_BIASED | EXPANDING | UPPER_WICK | DIRECTION_BALANCED | HIGH_ALT | MID_BODY | COMP_TO_EXPAND | CLOSE_MID,1,0.3768985653935664,0.3768985653935664
15m,BALANCED | EXPANDING | LOWER_WICK | DIRECTION_BALANCED | MID_ALT | MID_BODY | RANGE_STABLE | CLOSE_MID,1,0.36404172962291714,0.36404172962291714
15m,BALANCED | EXPANDING | UPPER_WICK | DIRECTION_BALANCED | MID_ALT | MID_BODY | COMP_TO_EXPAND | CLOSE_MID,1,0.35297808673113307,0.35297808673113307
15m,BULL_BIASED | EXPANDING | UPPER_WICK | DIRECTION_BALANCED | MID_ALT | MID_BODY | COMP_TO_EXPAND | CLOSE_MID,1,0.35007080784301187,0.35007080784301187
15m,BALANCED | STABLE | WICK_BALANCED | BEAR_SHIFT | MID_ALT | MID_BODY | RANGE_STABLE | CLOSE_MID,1,0.34602206614787206,0.34602206614787206
15m,BALANCED | EXPANDING | WICK_BALANCED | DIRECTION_BALANCED | MID_ALT | MID_BODY | RANGE_STABLE | CLOSE_MID,1,0.34213439589873607,0.34213439589873607
15m,BALANCED | STABLE | WICK_BALANCED | BEAR_SHIFT | MID_ALT | MID_BODY | EXP_TO_COMPRESS | CLOSE_MID,1,0.33926839089900845,0.33926839089900845
15m,BALANCED | STABLE | WICK_BALANCED | BULL_SHIFT | HIGH_ALT | MID_BODY | RANGE_STABLE | CLOSE_MID,1,0.33908320353689336,0.33908320353689336
15m,BULL_BIASED | EXPANDING | UPPER_WICK | BEAR_SHIFT | MID_ALT | MID_BODY | COMP_TO_EXPAND | CLOSE_MID,1,0.3367689242114424,0.3367689242114424
15m,BALANCED | STABLE | WICK_BALANCED | BULL_SHIFT | MID_ALT | MID_BODY | RANGE_STABLE | CLOSE_MID,1,0.3362532870106219,0.3362532870106219
15m,BALANCED | EXPANDING | WICK_BALANCED | BULL_SHIFT | MID_ALT | MID_BODY | RANGE_STABLE | CLOSE_MID,1,0.3358549550033493,0.3358549550033493
15m,BALANCED | STABLE | WICK_BALANCED | DIRECTION_BALANCED | HIGH_ALT | MID_BODY | COMP_TO_EXPAND | CLOSE_MID,1,0.33312193927045874,0.33312193927045874
15m,BALANCED | EXPANDING | UPPER_WICK | DIRECTION_BALANCED | HIGH_ALT | MID_BODY | COMP_TO_EXPAND | CLOSE_MID,1,0.33195486825373216,0.33195486825373216
15m,BALANCED | EXPANDING | WICK_BALANCED | DIRECTION_BALANCED | HIGH_ALT | MID_BODY | COMP_TO_EXPAND | CLOSE_MID,1,0.3316362016150259,0.3316362016150259
15m,BALANCED | EXPANDING | UPPER_WICK | BEAR_SHIFT | HIGH_ALT | MID_BODY | RANGE_STABLE | CLOSE_MID,1,0.3305459367966874,0.3305459367966874
15m,BALANCED | EXPANDING | WICK_BALANCED | BULL_SHIFT | MID_ALT | MID_BODY | COMP_TO_EXPAND | CLOSE_MID,1,0.3300336680682905,0.3300336680682905
15m,BALANCED | EXPANDING | UPPER_WICK | DIRECTION_BALANCED | HIGH_ALT | MID_BODY | RANGE_STABLE | CLOSE_MID,1,0.32982904392333745,0.32982904392333745
15m,BALANCED | STABLE | LOWER_WICK | DIRECTION_BALANCED | HIGH_ALT | MID_BODY | COMP_TO_EXPAND | CLOSE_MID,1,0.3287534638320484,0.3287534638320484
15m,BEAR_BIASED | EXPANDING | LOWER_WICK | BULL_SHIFT | MID_ALT | MID_BODY | COMP_TO_EXPAND | CLOSE_MID,1,0.3285759288563902,0.3285759288563902
1d,BALANCED | STABLE | LOWER_WICK | DIRECTION_BALANCED | MID_ALT | MID_BODY | RANGE_STABLE | CLOSE_MID,3,0.2610375692498703,0.2688190496102354
1d,BALANCED | STABLE | WICK_BALANCED | DIRECTION_BALANCED | HIGH_ALT | MID_BODY | RANGE_STABLE | CLOSE_MID,2,0.2672559088548975,0.27433409943675846
1d,BALANCED | COMPRESSING | WICK_BALANCED | DIRECTION_BALANCED | HIGH_ALT | MID_BODY | EXP_TO_COMPRESS | CLOSE_MID,2,0.26495713767920603,0.2721544206195058
1d,BALANCED | STABLE | WICK_BALANCED | DIRECTION_BALANCED | MID_ALT | MID_BODY | RANGE_STABLE | CLOSE_MID,1,0.2738171051226423,0.2738171051226423
1d,BALANCED | EXPANDING | LOWER_WICK | BEAR_SHIFT | HIGH_ALT | MID_BODY | COMP_TO_EXPAND | CLOSE_MID,1,0.2734563558174049,0.2734563558174049
1d,BALANCED | STABLE | WICK_BALANCED | BEAR_SHIFT | MID_ALT | MID_BODY | EXP_TO_COMPRESS | CLOSE_MID,1,0.2714769692971006,0.2714769692971006
1d,BALANCED | EXPANDING | LOWER_WICK | DIRECTION_BALANCED | HIGH_ALT | MID_BODY | RANGE_STABLE | CLOSE_MID,1,0.26519060866981164,0.26519060866981164
1d,BALANCED | STABLE | WICK_BALANCED | DIRECTION_BALANCED | MID_ALT | MID_BODY | EXP_TO_COMPRESS | CLOSE_MID,1,0.2647747289045391,0.2647747289045391
1d,BALANCED | STABLE | UPPER_WICK | BEAR_SHIFT | MID_ALT | MID_BODY | RANGE_STABLE | CLOSE_MID,1,0.2638811950598586,0.2638811950598586
1d,BALANCED | EXPANDING | WICK_BALANCED | DIRECTION_BALANCED | HIGH_ALT | MID_BODY | RANGE_STABLE | CLOSE_MID,1,0.26183563727713444,0.26183563727713444
1d,BALANCED | STABLE | LOWER_WICK | DIRECTION_BALANCED | HIGH_ALT | MID_BODY | RANGE_STABLE | CLOSE_MID,1,0.26182512670138164,0.26182512670138164
1d,BALANCED | STABLE | WICK_BALANCED | BULL_SHIFT | HIGH_ALT | MID_BODY | RANGE_STABLE | CLOSE_MID,1,0.26131651866956906,0.26131651866956906
1d,BALANCED | STABLE | WICK_BALANCED | BEAR_SHIFT | MID_ALT | MID_BODY | RANGE_STABLE | CLOSE_MID,1,0.2608597763334945,0.2608597763334945
1d,BALANCED | STABLE | UPPER_WICK | DIRECTION_BALANCED | HIGH_ALT | MID_BODY | RANGE_STABLE | CLOSE_MID,1,0.26057492887255074,0.26057492887255074
1d,BALANCED | EXPANDING | WICK_BALANCED | BULL_SHIFT | MID_ALT | MID_BODY | RANGE_STABLE | CLOSE_MID,1,0.25983361705314156,0.25983361705314156
1d,BALANCED | COMPRESSING | WICK_BALANCED | BEAR_SHIFT | MID_ALT | MID_BODY | RANGE_STABLE | CLOSE_MID,1,0.2593606741549332,0.2593606741549332
1d,BEAR_BIASED | STABLE | LOWER_WICK | BULL_SHIFT | MID_ALT | MID_BODY | COMP_TO_EXPAND | CLOSE_MID,1,0.2587049972105805,0.2587049972105805
1d,BALANCED | COMPRESSING | LOWER_WICK | BULL_SHIFT | MID_ALT | MID_BODY | EXP_TO_COMPRESS | CLOSE_MID,1,0.2574517554701999,0.2574517554701999
1d,BALANCED | EXPANDING | WICK_BALANCED | DIRECTION_BALANCED | HIGH_ALT | MID_BODY | COMP_TO_EXPAND | CLOSE_MID,1,0.2568240925431699,0.2568240925431699
1d,BALANCED | COMPRESSING | UPPER_WICK | DIRECTION_BALANCED | MID_ALT | MID_BODY | RANGE_STABLE | CLOSE_MID,1,0.2555745519677011,0.2555745519677011
1d,BALANCED | COMPRESSING | LOWER_WICK | DIRECTION_BALANCED | HIGH_ALT | MID_BODY | EXP_TO_COMPRESS | CLOSE_MID,1,0.254708755165269,0.254708755165269
1h,BALANCED | EXPANDING | WICK_BALANCED | DIRECTION_BALANCED | MID_ALT | MID_BODY | COMP_TO_EXPAND | CLOSE_MID,4,0.30574709655861304,0.3127619714288004
1h,BALANCED | EXPANDING | WICK_BALANCED | DIRECTION_BALANCED | MID_ALT | MID_BODY | RANGE_STABLE | CLOSE_MID,3,0.32459131313888984,0.32963494706688234
1h,BALANCED | EXPANDING | WICK_BALANCED | DIRECTION_BALANCED | HIGH_ALT | MID_BODY | COMP_TO_EXPAND | CLOSE_MID,2,0.3099664402518026,0.31283302520117967
1h,BALANCED | EXPANDING | LOWER_WICK | DIRECTION_BALANCED | MID_ALT | MID_BODY | RANGE_STABLE | CLOSE_MID,1,0.3469396595048701,0.3469396595048701
1h,BULL_BIASED | STABLE | UPPER_WICK | DIRECTION_BALANCED | LOW_ALT | MID_BODY | RANGE_STABLE | CLOSE_MID,1,0.3228648242563793,0.3228648242563793
1h,BULL_BIASED | EXPANDING | UPPER_WICK | BEAR_SHIFT | MID_ALT | MID_BODY | COMP_TO_EXPAND | CLOSE_MID,1,0.3220890508222792,0.3220890508222792
1h,BALANCED | EXPANDING | WICK_BALANCED | BEAR_SHIFT | MID_ALT | MID_BODY | RANGE_STABLE | CLOSE_MID,1,0.3215883423269641,0.3215883423269641
1h,BALANCED | STABLE | LOWER_WICK | BULL_SHIFT | MID_ALT | MID_BODY | RANGE_STABLE | CLOSE_MID,1,0.3206679373255908,0.3206679373255908
1h,BALANCED | EXPANDING | UPPER_WICK | DIRECTION_BALANCED | MID_ALT | MID_BODY | COMP_TO_EXPAND | CLOSE_MID,1,0.3203199883977145,0.3203199883977145
1h,BALANCED | COMPRESSING | LOWER_WICK | BEAR_SHIFT | MID_ALT | MID_BODY | EXP_TO_COMPRESS | CLOSE_MID,1,0.3142213884703696,0.3142213884703696
1h,BALANCED | STABLE | UPPER_WICK | BULL_SHIFT | MID_ALT | MID_BODY | RANGE_STABLE | CLOSE_MID,1,0.3131734194912714,0.3131734194912714
1h,BULL_BIASED | EXPANDING | LOWER_WICK | DIRECTION_BALANCED | MID_ALT | MID_BODY | COMP_TO_EXPAND | CLOSE_MID,1,0.31262242528287354,0.31262242528287354
1h,BULL_BIASED | EXPANDING | WICK_BALANCED | DIRECTION_BALANCED | MID_ALT | MID_BODY | COMP_TO_EXPAND | CLOSE_MID,1,0.3070448639612116,0.3070448639612116
1h,BALANCED | COMPRESSING | LOWER_WICK | DIRECTION_BALANCED | HIGH_ALT | MID_BODY | EXP_TO_COMPRESS | CLOSE_MID,1,0.3066415487328908,0.3066415487328908
1h,BALANCED | EXPANDING | LOWER_WICK | DIRECTION_BALANCED | MID_ALT | MID_BODY | COMP_TO_EXPAND | CLOSE_MID,1,0.3055487612137304,0.3055487612137304
1h,BALANCED | STABLE | LOWER_WICK | DIRECTION_BALANCED | HIGH_ALT | MID_BODY | COMP_TO_EXPAND | CLOSE_MID,1,0.3050155904049879,0.3050155904049879
1h,BALANCED | EXPANDING | WICK_BALANCED | DIRECTION_BALANCED | HIGH_ALT | MID_BODY | RANGE_STABLE | CLOSE_MID,1,0.3041861280432216,0.3041861280432216
1h,BALANCED | STABLE | WICK_BALANCED | DIRECTION_BALANCED | MID_ALT | MID_BODY | RANGE_STABLE | CLOSE_MID,1,0.3041004258053452,0.3041004258053452
1h,BALANCED | STABLE | WICK_BALANCED | BEAR_SHIFT | MID_ALT | MID_BODY | RANGE_STABLE | CLOSE_MID,1,0.3032958613630696,0.3032958613630696
1m,BALANCED | EXPANDING | LOWER_WICK | DIRECTION_BALANCED | MID_ALT | MID_BODY | COMP_TO_EXPAND | CLOSE_MID,3,0.20519369006299937,0.2190209695900002
1m,BALANCED | EXPANDING | WICK_BALANCED | DIRECTION_BALANCED | HIGH_ALT | LARGE_BODY | COMP_TO_EXPAND | CLOSE_MID,2,0.19797760638409267,0.2003521171479866
1m,BALANCED | EXPANDING | LOWER_WICK | BULL_SHIFT | MID_ALT | MID_BODY | RANGE_STABLE | CLOSE_MID,1,0.2277370034458535,0.2277370034458535
1m,BALANCED | EXPANDING | WICK_BALANCED | DIRECTION_BALANCED | MID_ALT | MID_BODY | COMP_TO_EXPAND | CLOSE_MID,1,0.21503974953568714,0.21503974953568714
1m,BALANCED | STABLE | WICK_BALANCED | BEAR_SHIFT | MID_ALT | MID_BODY | RANGE_STABLE | CLOSE_MID,1,0.21005384391756163,0.21005384391756163
1m,BALANCED | STABLE | WICK_BALANCED | DIRECTION_BALANCED | MID_ALT | MID_BODY | RANGE_STABLE | CLOSE_MID,1,0.207871415240803,0.207871415240803
1m,BALANCED | EXPANDING | WICK_BALANCED | BULL_SHIFT | MID_ALT | MID_BODY | COMP_TO_EXPAND | CLOSE_MID,1,0.2056113090870499,0.2056113090870499
1m,BALANCED | STABLE | LOWER_WICK | DIRECTION_BALANCED | HIGH_ALT | MID_BODY | RANGE_STABLE | CLOSE_MID,1,0.20415577709325144,0.20415577709325144
1m,BULL_BIASED | EXPANDING | WICK_BALANCED | DIRECTION_BALANCED | MID_ALT | MID_BODY | COMP_TO_EXPAND | CLOSE_MID,1,0.20290517304452302,0.20290517304452302
1m,BALANCED | STABLE | UPPER_WICK | DIRECTION_BALANCED | HIGH_ALT | MID_BODY | RANGE_STABLE | CLOSE_MID,1,0.20201717572910238,0.20201717572910238
1m,BALANCED | EXPANDING | UPPER_WICK | DIRECTION_BALANCED | HIGH_ALT | LARGE_BODY | COMP_TO_EXPAND | CLOSE_MID,1,0.20080522015889665,0.20080522015889665
1m,BALANCED | STABLE | UPPER_WICK | BULL_SHIFT | MID_ALT | LARGE_BODY | RANGE_STABLE | CLOSE_MID,1,0.20041989941314475,0.20041989941314475
1m,BALANCED | EXPANDING | UPPER_WICK | DIRECTION_BALANCED | MID_ALT | LARGE_BODY | COMP_TO_EXPAND | CLOSE_MID,1,0.1995406014649154,0.1995406014649154
1m,BALANCED | COMPRESSING | WICK_BALANCED | DIRECTION_BALANCED | LOW_ALT | MID_BODY | RANGE_STABLE | CLOSE_MID,1,0.19719585149129015,0.19719585149129015
1m,BULL_BIASED | STABLE | UPPER_WICK | BEAR_SHIFT | MID_ALT | MID_BODY | RANGE_STABLE | CLOSE_MID,1,0.1970835649573064,0.1970835649573064
1m,BALANCED | EXPANDING | WICK_BALANCED | DIRECTION_BALANCED | MID_ALT | MID_BODY | RANGE_STABLE | CLOSE_MID,1,0.19657197330789256,0.19657197330789256
1m,BALANCED | EXPANDING | LOWER_WICK | DIRECTION_BALANCED | HIGH_ALT | MID_BODY | COMP_TO_EXPAND | CLOSE_MID,1,0.19651736326416036,0.19651736326416036
1m,BALANCED | STABLE | LOWER_WICK | DIRECTION_BALANCED | MID_ALT | MID_BODY | RANGE_STABLE | CLOSE_MID,1,0.1959982126353152,0.1959982126353152
1m,BALANCED | STABLE | WICK_BALANCED | BULL_SHIFT | MID_ALT | LARGE_BODY | RANGE_STABLE | CLOSE_MID,1,0.19544380172326437,0.19544380172326437
1m,BULL_BIASED | STABLE | WICK_BALANCED | DIRECTION_BALANCED | MID_ALT | MID_BODY | RANGE_STABLE | CLOSE_MID,1,0.19528382511589723,0.19528382511589723
1m,BALANCED | STABLE | LOWER_WICK | BEAR_SHIFT | HIGH_ALT | MID_BODY | RANGE_STABLE | CLOSE_MID,1,0.19514865620956373,0.19514865620956373
1m,BALANCED | STABLE | WICK_BALANCED | DIRECTION_BALANCED | MID_ALT | LARGE_BODY | RANGE_STABLE | CLOSE_MID,1,0.1951051768103642,0.1951051768103642
30m,BALANCED | COMPRESSING | WICK_BALANCED | DIRECTION_BALANCED | HIGH_ALT | MID_BODY | EXP_TO_COMPRESS | CLOSE_MID,7,0.293641733916637,0.3154677046288155
30m,BALANCED | COMPRESSING | WICK_BALANCED | BEAR_SHIFT | MID_ALT | MID_BODY | EXP_TO_COMPRESS | CLOSE_MID,3,0.2918440625947263,0.2992395450990151
30m,BALANCED | COMPRESSING | LOWER_WICK | BULL_SHIFT | MID_ALT | MID_BODY | EXP_TO_COMPRESS | CLOSE_MID,2,0.2915365114272255,0.2961231166735066
30m,BALANCED | COMPRESSING | WICK_BALANCED | DIRECTION_BALANCED | MID_ALT | MID_BODY | EXP_TO_COMPRESS | CLOSE_MID,2,0.28542422328302064,0.28777827542768275
30m,BALANCED | STABLE | LOWER_WICK | DIRECTION_BALANCED | MID_ALT | MID_BODY | RANGE_STABLE | CLOSE_MID,1,0.3131077521097864,0.3131077521097864
30m,BALANCED | COMPRESSING | UPPER_WICK | BULL_SHIFT | HIGH_ALT | MID_BODY | EXP_TO_COMPRESS | CLOSE_MID,1,0.30195901305476625,0.30195901305476625
30m,BALANCED | COMPRESSING | UPPER_WICK | BEAR_SHIFT | MID_ALT | MID_BODY | EXP_TO_COMPRESS | CLOSE_MID,1,0.30150823873315796,0.30150823873315796
30m,BALANCED | COMPRESSING | LOWER_WICK | DIRECTION_BALANCED | MID_ALT | MID_BODY | EXP_TO_COMPRESS | CLOSE_MID,1,0.29635495108764665,0.29635495108764665
30m,BALANCED | COMPRESSING | UPPER_WICK | DIRECTION_BALANCED | MID_ALT | MID_BODY | EXP_TO_COMPRESS | CLOSE_MID,1,0.29430117439419545,0.29430117439419545
30m,BALANCED | COMPRESSING | LOWER_WICK | BULL_SHIFT | HIGH_ALT | MID_BODY | EXP_TO_COMPRESS | CLOSE_MID,1,0.2907851054214705,0.2907851054214705
30m,BALANCED | COMPRESSING | LOWER_WICK | BEAR_SHIFT | MID_ALT | MID_BODY | EXP_TO_COMPRESS | CLOSE_MID,1,0.2870436722740265,0.2870436722740265
30m,BALANCED | COMPRESSING | WICK_BALANCED | BULL_SHIFT | MID_ALT | MID_BODY | EXP_TO_COMPRESS | CLOSE_MID,1,0.28653577257284263,0.28653577257284263
30m,BALANCED | COMPRESSING | UPPER_WICK | BULL_SHIFT | MID_ALT | MID_BODY | EXP_TO_COMPRESS | CLOSE_MID,1,0.28648590174737437,0.28648590174737437
30m,BALANCED | STABLE | LOWER_WICK | BULL_SHIFT | HIGH_ALT | MID_BODY | EXP_TO_COMPRESS | CLOSE_MID,1,0.2832571308770032,0.2832571308770032
30m,BULL_BIASED | COMPRESSING | LOWER_WICK | DIRECTION_BALANCED | MID_ALT | MID_BODY | EXP_TO_COMPRESS | CLOSE_MID,1,0.282825276690335,0.282825276690335
3m,BALANCED | STABLE | WICK_BALANCED | DIRECTION_BALANCED | MID_ALT | MID_BODY | RANGE_STABLE | CLOSE_MID,4,0.3292048613536439,0.33467721500550995
3m,BALANCED | STABLE | WICK_BALANCED | DIRECTION_BALANCED | HIGH_ALT | MID_BODY | RANGE_STABLE | CLOSE_MID,3,0.3407282244202426,0.34713643275905137
3m,BALANCED | COMPRESSING | WICK_BALANCED | DIRECTION_BALANCED | MID_ALT | MID_BODY | RANGE_STABLE | CLOSE_MID,2,0.34095491765827257,0.341199558578006
3m,BALANCED | COMPRESSING | WICK_BALANCED | DIRECTION_BALANCED | HIGH_ALT | MID_BODY | RANGE_STABLE | CLOSE_MID,1,0.3606024429579151,0.3606024429579151
3m,BEAR_BIASED | STABLE | WICK_BALANCED | DIRECTION_BALANCED | MID_ALT | MID_BODY | RANGE_STABLE | CLOSE_MID,1,0.35843502662239035,0.35843502662239035
3m,BALANCED | STABLE | WICK_BALANCED | DIRECTION_BALANCED | MID_ALT | MID_BODY | COMP_TO_EXPAND | CLOSE_MID,1,0.35641327281381985,0.35641327281381985
3m,BALANCED | STABLE | UPPER_WICK | BULL_SHIFT | LOW_ALT | MID_BODY | RANGE_STABLE | CLOSE_MID,1,0.35456339709417184,0.35456339709417184
3m,BALANCED | COMPRESSING | WICK_BALANCED | DIRECTION_BALANCED | MID_ALT | MID_BODY | EXP_TO_COMPRESS | CLOSE_MID,1,0.3470751626272191,0.3470751626272191
3m,BALANCED | EXPANDING | WICK_BALANCED | DIRECTION_BALANCED | HIGH_ALT | LARGE_BODY | COMP_TO_EXPAND | CLOSE_MID,1,0.3394089656411916,0.3394089656411916
3m,BALANCED | EXPANDING | LOWER_WICK | DIRECTION_BALANCED | HIGH_ALT | MID_BODY | COMP_TO_EXPAND | CLOSE_MID,1,0.3389083866351877,0.3389083866351877
3m,BALANCED | EXPANDING | WICK_BALANCED | DIRECTION_BALANCED | MID_ALT | MID_BODY | COMP_TO_EXPAND | CLOSE_MID,1,0.3386066452137425,0.3386066452137425
3m,BALANCED | STABLE | LOWER_WICK | BEAR_SHIFT | MID_ALT | MID_BODY | RANGE_STABLE | CLOSE_MID,1,0.3381004943027936,0.3381004943027936
3m,BALANCED | EXPANDING | LOWER_WICK | DIRECTION_BALANCED | HIGH_ALT | MID_BODY | RANGE_STABLE | CLOSE_MID,1,0.3327662024106288,0.3327662024106288
3m,BALANCED | STABLE | WICK_BALANCED | DIRECTION_BALANCED | MID_ALT | LARGE_BODY | RANGE_STABLE | CLOSE_MID,1,0.3299119250000479,0.3299119250000479
3m,BALANCED | STABLE | UPPER_WICK | BULL_SHIFT | MID_ALT | MID_BODY | RANGE_STABLE | CLOSE_MID,1,0.329895674256261,0.329895674256261
3m,BEAR_BIASED | EXPANDING | LOWER_WICK | DIRECTION_BALANCED | MID_ALT | MID_BODY | RANGE_STABLE | CLOSE_MID,1,0.32979472102055435,0.32979472102055435
3m,BALANCED | STABLE | UPPER_WICK | DIRECTION_BALANCED | MID_ALT | MID_BODY | RANGE_STABLE | CLOSE_MID,1,0.32776386960985815,0.32776386960985815
3m,BALANCED | EXPANDING | LOWER_WICK | DIRECTION_BALANCED | MID_ALT | MID_BODY | COMP_TO_EXPAND | CLOSE_MID,1,0.32686511407789137,0.32686511407789137
3m,BALANCED | STABLE | LOWER_WICK | DIRECTION_BALANCED | HIGH_ALT | MID_BODY | RANGE_STABLE | CLOSE_MID,1,0.32617159514220734,0.32617159514220734
4h,BALANCED | COMPRESSING | WICK_BALANCED | DIRECTION_BALANCED | HIGH_ALT | MID_BODY | EXP_TO_COMPRESS | CLOSE_MID,3,0.3054418368649195,0.3112080729793453
4h,BALANCED | COMPRESSING | LOWER_WICK | DIRECTION_BALANCED | HIGH_ALT | MID_BODY | EXP_TO_COMPRESS | CLOSE_MID,3,0.3003539520828868,0.3025347724007012
4h,BALANCED | STABLE | WICK_BALANCED | BULL_SHIFT | HIGH_ALT | MID_BODY | RANGE_STABLE | CLOSE_MID,2,0.3048108508077253,0.3136568170942352
4h,BALANCED | COMPRESSING | LOWER_WICK | DIRECTION_BALANCED | MID_ALT | MID_BODY | EXP_TO_COMPRESS | CLOSE_MID,2,0.30247517623173237,0.3109807064625408
4h,BEAR_BIASED | COMPRESSING | LOWER_WICK | DIRECTION_BALANCED | MID_ALT | MID_BODY | EXP_TO_COMPRESS | CLOSE_MID,1,0.33667401151723175,0.33667401151723175
4h,BEAR_BIASED | STABLE | UPPER_WICK | DIRECTION_BALANCED | MID_ALT | MID_BODY | RANGE_STABLE | CLOSE_MID,1,0.3136913652893642,0.3136913652893642
4h,BALANCED | STABLE | WICK_BALANCED | DIRECTION_BALANCED | MID_ALT | MID_BODY | EXP_TO_COMPRESS | CLOSE_MID,1,0.3111648688882593,0.3111648688882593
4h,BALANCED | STABLE | LOWER_WICK | BULL_SHIFT | MID_ALT | MID_BODY | EXP_TO_COMPRESS | CLOSE_MID,1,0.306785361404897,0.306785361404897
4h,BALANCED | COMPRESSING | WICK_BALANCED | BEAR_SHIFT | HIGH_ALT | MID_BODY | EXP_TO_COMPRESS | CLOSE_MID,1,0.3062930836026302,0.3062930836026302
4h,BEAR_BIASED | EXPANDING | WICK_BALANCED | DIRECTION_BALANCED | LOW_ALT | MID_BODY | RANGE_STABLE | CLOSE_MID,1,0.3060926861932875,0.3060926861932875
4h,BALANCED | COMPRESSING | WICK_BALANCED | BULL_SHIFT | MID_ALT | MID_BODY | EXP_TO_COMPRESS | CLOSE_MID,1,0.3060018420674329,0.3060018420674329
4h,BALANCED | STABLE | LOWER_WICK | BULL_SHIFT | HIGH_ALT | MID_BODY | RANGE_STABLE | CLOSE_MID,1,0.3021690943548673,0.3021690943548673
4h,BEAR_BIASED | COMPRESSING | WICK_BALANCED | DIRECTION_BALANCED | MID_ALT | MID_BODY | RANGE_STABLE | CLOSE_MID,1,0.30119770414292935,0.30119770414292935
4h,BALANCED | STABLE | WICK_BALANCED | DIRECTION_BALANCED | HIGH_ALT | MID_BODY | EXP_TO_COMPRESS | CLOSE_MID,1,0.3006036084050496,0.3006036084050496
4h,BALANCED | COMPRESSING | WICK_BALANCED | DIRECTION_BALANCED | MID_ALT | MID_BODY | RANGE_STABLE | CLOSE_MID,1,0.3005878781476463,0.3005878781476463
4h,BALANCED | EXPANDING | LOWER_WICK | DIRECTION_BALANCED | MID_ALT | MID_BODY | RANGE_STABLE | CLOSE_MID,1,0.2959883142294938,0.2959883142294938
4h,BALANCED | STABLE | WICK_BALANCED | DIRECTION_BALANCED | MID_ALT | MID_BODY | RANGE_STABLE | CLOSE_MID,1,0.295415198889369,0.295415198889369
4h,BALANCED | STABLE | WICK_BALANCED | BULL_SHIFT | MID_ALT | MID_BODY | EXP_TO_COMPRESS | CLOSE_MID,1,0.2944653126117805,0.2944653126117805
4h,BALANCED | STABLE | WICK_BALANCED | BEAR_SHIFT | MID_ALT | MID_BODY | RANGE_STABLE | CLOSE_MID,1,0.2939434656237131,0.2939434656237131
5m,BALANCED | COMPRESSING | WICK_BALANCED | DIRECTION_BALANCED | HIGH_ALT | MID_BODY | EXP_TO_COMPRESS | CLOSE_MID,3,0.3323201614358762,0.3380523925440677
5m,BALANCED | STABLE | WICK_BALANCED | DIRECTION_BALANCED | HIGH_ALT | MID_BODY | RANGE_STABLE | CLOSE_MID,3,0.3320527437054364,0.3337767548077475
5m,BALANCED | COMPRESSING | WICK_BALANCED | DIRECTION_BALANCED | MID_ALT | MID_BODY | EXP_TO_COMPRESS | CLOSE_MID,3,0.331861009086095,0.3331451535416539
5m,BALANCED | STABLE | LOWER_WICK | DIRECTION_BALANCED | HIGH_ALT | MID_BODY | RANGE_STABLE | CLOSE_MID,2,0.3305206848824773,0.33055206331866166
5m,BULL_BIASED | STABLE | WICK_BALANCED | BULL_SHIFT | HIGH_ALT | MID_BODY | RANGE_STABLE | CLOSE_MID,1,0.3439495453366893,0.3439495453366893
5m,BALANCED | STABLE | UPPER_WICK | DIRECTION_BALANCED | HIGH_ALT | MID_BODY | RANGE_STABLE | CLOSE_MID,1,0.34254098835346464,0.34254098835346464
5m,BALANCED | EXPANDING | WICK_BALANCED | DIRECTION_BALANCED | MID_ALT | MID_BODY | RANGE_STABLE | CLOSE_MID,1,0.34240731157337173,0.34240731157337173
5m,BALANCED | STABLE | LOWER_WICK | BULL_SHIFT | HIGH_ALT | LARGE_BODY | RANGE_STABLE | CLOSE_MID,1,0.3367324550645847,0.3367324550645847
5m,BALANCED | COMPRESSING | UPPER_WICK | DIRECTION_BALANCED | HIGH_ALT | MID_BODY | EXP_TO_COMPRESS | CLOSE_MID,1,0.33631628590053014,0.33631628590053014
5m,BALANCED | EXPANDING | LOWER_WICK | DIRECTION_BALANCED | MID_ALT | MID_BODY | RANGE_STABLE | CLOSE_MID,1,0.3350253965947196,0.3350253965947196
5m,BALANCED | EXPANDING | WICK_BALANCED | BULL_SHIFT | MID_ALT | MID_BODY | COMP_TO_EXPAND | CLOSE_MID,1,0.3337584141505599,0.3337584141505599
5m,BALANCED | COMPRESSING | WICK_BALANCED | BEAR_SHIFT | MID_ALT | MID_BODY | EXP_TO_COMPRESS | CLOSE_MID,1,0.33324386389300414,0.33324386389300414
5m,BALANCED | COMPRESSING | WICK_BALANCED | BEAR_SHIFT | MID_ALT | MID_BODY | RANGE_STABLE | CLOSE_MID,1,0.33305563285081974,0.33305563285081974
5m,BALANCED | EXPANDING | LOWER_WICK | DIRECTION_BALANCED | MID_ALT | MID_BODY | COMP_TO_EXPAND | CLOSE_MID,1,0.3329739520693674,0.3329739520693674
5m,BALANCED | STABLE | LOWER_WICK | BULL_SHIFT | MID_ALT | MID_BODY | RANGE_STABLE | CLOSE_MID,1,0.33274415557733444,0.33274415557733444
5m,BALANCED | COMPRESSING | LOWER_WICK | DIRECTION_BALANCED | HIGH_ALT | MID_BODY | RANGE_STABLE | CLOSE_MID,1,0.3323720595941882,0.3323720595941882
5m,BALANCED | COMPRESSING | WICK_BALANCED | BULL_SHIFT | HIGH_ALT | MID_BODY | EXP_TO_COMPRESS | CLOSE_MID,1,0.3304181601339829,0.3304181601339829
5m,BALANCED | COMPRESSING | WICK_BALANCED | DIRECTION_BALANCED | HIGH_ALT | MID_BODY | RANGE_STABLE | CLOSE_MID,1,0.32950854741948943,0.32950854741948943
