timeframe,rank,candidate_start,candidate_end,similarity,current_fingerprint_id,matched_fingerprint_id,matched_pattern_code,before_bullish,matched_bullish,after_bullish,before_range,matched_range,after_range,before_alternation,matched_alternation,after_alternation
1m,1,20590,20609,0.2277370034458535,FP-9E97C4C0DF,FP-4AA562DB0E,BALANCED | EXPANDING | LOWER_WICK | BULL_SHIFT | MID_ALT | MID_BODY | RANGE_STABLE | CLOSE_MID,0.4,0.6,0.6,1.1145253980750256,1.0277425475485464,0.8642265318285578,0.6666666666666666,0.3157894736842105,0.4444444444444444
1m,2,10381,10400,0.2190209695900002,FP-9E97C4C0DF,FP-1F074D2382,BALANCED | EXPANDING | LOWER_WICK | DIRECTION_BALANCED | MID_ALT | MID_BODY | COMP_TO_EXPAND | CLOSE_MID,0.3,0.5,0.7,1.0076101784574627,1.1636859213809014,0.6225258814550065,0.6666666666666666,0.47368421052631576,0.5555555555555556
1m,3,131,150,0.21503974953568714,FP-9E97C4C0DF,FP-51BEA060CE,BALANCED | EXPANDING | WICK_BALANCED | DIRECTION_BALANCED | MID_ALT | MID_BODY | COMP_TO_EXPAND | CLOSE_MID,0.4,0.55,0.5,1.0523456363157255,1.638952275491573,0.9113961901247849,0.6666666666666666,0.5263157894736842,0.7777777777777778
1m,4,6335,6354,0.21005384391756163,FP-9E97C4C0DF,FP-D0903A12D6,BALANCED | STABLE | WICK_BALANCED | BEAR_SHIFT | MID_ALT | MID_BODY | RANGE_STABLE | CLOSE_MID,0.6,0.6,0.4,0.9964666465539578,0.9015904812516174,1.5319505413434111,0.6666666666666666,0.3157894736842105,0.5555555555555556
1m,5,20688,20707,0.207871415240803,FP-9E97C4C0DF,FP-2EA6D5AA8D,BALANCED | STABLE | WICK_BALANCED | DIRECTION_BALANCED | MID_ALT | MID_BODY | RANGE_STABLE | CLOSE_MID,0.4,0.6,0.3,1.0100734485940759,0.9912375196472871,1.399534983500485,0.5555555555555556,0.5263157894736842,0.6666666666666666
1m,6,20895,20914,0.2056113090870499,FP-9E97C4C0DF,FP-6DE4F0A711,BALANCED | EXPANDING | WICK_BALANCED | BULL_SHIFT | MID_ALT | MID_BODY | COMP_TO_EXPAND | CLOSE_MID,0.3,0.55,0.8,0.8073541901988452,1.24581661932381,1.3498603564549099,0.3333333333333333,0.42105263157894735,0.3333333333333333
1m,7,29192,29211,0.20415577709325144,FP-9E97C4C0DF,FP-8EBF34ADC2,BALANCED | STABLE | LOWER_WICK | DIRECTION_BALANCED | HIGH_ALT | MID_BODY | RANGE_STABLE | CLOSE_MID,0.4,0.5,0.3,0.9789102325059138,1.251223184303711,0.9080305381832972,0.3333333333333333,0.7894736842105263,0.6666666666666666
1m,8,1875,1894,0.20290517304452302,FP-9E97C4C0DF,FP-F34DE697DF,BULL_BIASED | EXPANDING | WICK_BALANCED | DIRECTION_BALANCED | MID_ALT | MID_BODY | COMP_TO_EXPAND | CLOSE_MID,0.2,0.75,0.6,1.2871021864239303,0.8635081352181458,1.4515113356541476,0.2222222222222222,0.5263157894736842,0.6666666666666666
1m,9,5410,5429,0.20201717572910238,FP-9E97C4C0DF,FP-BC8689ED55,BALANCED | STABLE | UPPER_WICK | DIRECTION_BALANCED | HIGH_ALT | MID_BODY | RANGE_STABLE | CLOSE_MID,0.3,0.6,0.3,1.6644893468383202,1.0600631337031228,1.0708408726811676,0.5555555555555556,0.6842105263157895,0.4444444444444444
1m,10,25724,25743,0.2013897150309097,FP-9E97C4C0DF,FP-3DA25DCE13,BALANCED | EXPANDING | LOWER_WICK | DIRECTION_BALANCED | MID_ALT | MID_BODY | COMP_TO_EXPAND | CLOSE_MID,0.2,0.6,0.5,1.0354260993684847,1.028023312425867,1.1381353699959855,0.3333333333333333,0.3684210526315789,0.5555555555555556
1m,11,26352,26371,0.20080522015889665,FP-9E97C4C0DF,FP-42C3274FA0,BALANCED | EXPANDING | UPPER_WICK | DIRECTION_BALANCED | HIGH_ALT | LARGE_BODY | COMP_TO_EXPAND | CLOSE_MID,0.5,0.35,0.2,0.9581237788490157,1.218880731116396,0.8482478483061506,0.6666666666666666,0.5789473684210527,0.3333333333333333
1m,12,7756,7775,0.20041989941314475,FP-9E97C4C0DF,FP-B4A6D5D48F,BALANCED | STABLE | UPPER_WICK | BULL_SHIFT | MID_ALT | LARGE_BODY | RANGE_STABLE | CLOSE_MID,0.3,0.45,0.5,1.6107079737062726,1.12674714590851,1.3377523211134263,0.5555555555555556,0.3684210526315789,0.5555555555555556
1m,13,29725,29744,0.2003521171479866,FP-9E97C4C0DF,FP-DA266F55A8,BALANCED | EXPANDING | WICK_BALANCED | DIRECTION_BALANCED | HIGH_ALT | LARGE_BODY | COMP_TO_EXPAND | CLOSE_MID,0.4,0.55,0.5,0.8730953638658606,1.0348702827443177,1.0126642039203593,0.5555555555555556,0.8421052631578947,0.4444444444444444
1m,14,29786,29805,0.1995406014649154,FP-9E97C4C0DF,FP-BF94BB1FBE,BALANCED | EXPANDING | UPPER_WICK | DIRECTION_BALANCED | MID_ALT | LARGE_BODY | COMP_TO_EXPAND | CLOSE_MID,0.8,0.55,0.6,1.6839806795002186,1.126288160826466,0.8936247831284657,0.3333333333333333,0.5263157894736842,0.6666666666666666
1m,15,11161,11180,0.19719585149129015,FP-9E97C4C0DF,FP-E2A45F424A,BALANCED | COMPRESSING | WICK_BALANCED | DIRECTION_BALANCED | LOW_ALT | MID_BODY | RANGE_STABLE | CLOSE_MID,0.5,0.55,0.5,1.0876987112060268,0.9492004044746153,1.4454901494082892,0.6666666666666666,0.2631578947368421,0.3333333333333333
1m,16,6328,6347,0.1970835649573064,FP-9E97C4C0DF,FP-B8EEB7D8B4,BULL_BIASED | STABLE | UPPER_WICK | BEAR_SHIFT | MID_ALT | MID_BODY | RANGE_STABLE | CLOSE_MID,0.4,0.7,0.5,1.211492385155805,0.9139811224934882,1.3667194295641398,0.6666666666666666,0.3684210526315789,0.3333333333333333
1m,17,6332,6351,0.19657197330789256,FP-9E97C4C0DF,FP-E811D839DD,BALANCED | EXPANDING | WICK_BALANCED | DIRECTION_BALANCED | MID_ALT | MID_BODY | RANGE_STABLE | CLOSE_MID,0.6,0.55,0.5,0.9440682380238371,0.9291601076488968,1.4306511720549069,0.5555555555555556,0.42105263157894735,0.3333333333333333
1m,18,15293,15312,0.19651736326416036,FP-9E97C4C0DF,FP-F5D0252F38,BALANCED | EXPANDING | LOWER_WICK | DIRECTION_BALANCED | HIGH_ALT | MID_BODY | COMP_TO_EXPAND | CLOSE_MID,0.4,0.6,0.5,1.5007163228924258,1.398212785036721,1.156364022201322,0.5555555555555556,0.5789473684210527,0.3333333333333333
1m,19,22326,22345,0.1959982126353152,FP-9E97C4C0DF,FP-A5206E6D31,BALANCED | STABLE | LOWER_WICK | DIRECTION_BALANCED | MID_ALT | MID_BODY | RANGE_STABLE | CLOSE_MID,0.9,0.5,0.6,0.8662034626892113,0.9232243275058509,0.8309751702419099,0.2222222222222222,0.42105263157894735,0.8888888888888888
1m,20,20435,20454,0.19560309562019873,FP-9E97C4C0DF,FP-3C5FA7EBF4,BALANCED | EXPANDING | WICK_BALANCED | DIRECTION_BALANCED | HIGH_ALT | LARGE_BODY | COMP_TO_EXPAND | CLOSE_MID,0.7,0.5,0.3,0.8376314595215189,1.694591967712666,1.4200092356235905,0.3333333333333333,0.5789473684210527,0.4444444444444444
1m,21,17266,17285,0.19544380172326437,FP-9E97C4C0DF,FP-8B9AA0C31F,BALANCED | STABLE | WICK_BALANCED | BULL_SHIFT | MID_ALT | LARGE_BODY | RANGE_STABLE | CLOSE_MID,0.4,0.65,0.5,0.8292298650491873,0.9855544503059452,0.764532422136527,0.7777777777777778,0.42105263157894735,0.4444444444444444
1m,22,16888,16907,0.19528382511589723,FP-9E97C4C0DF,FP-5D4682690C,BULL_BIASED | STABLE | WICK_BALANCED | DIRECTION_BALANCED | MID_ALT | MID_BODY | RANGE_STABLE | CLOSE_MID,0.3,0.7,0.5,0.8481673412827231,0.9532641145284844,0.7795062679413217,0.4444444444444444,0.3157894736842105,0.7777777777777778
1m,23,7576,7595,0.1951703855680882,FP-9E97C4C0DF,FP-B45CB586B0,BALANCED | EXPANDING | LOWER_WICK | DIRECTION_BALANCED | MID_ALT | MID_BODY | COMP_TO_EXPAND | CLOSE_MID,0.6,0.5,0.4,1.9685607106411838,1.0571471727016026,1.4590510831562353,0.6666666666666666,0.5263157894736842,0.3333333333333333
1m,24,6412,6431,0.19514865620956373,FP-9E97C4C0DF,FP-3F30925A0B,BALANCED | STABLE | LOWER_WICK | BEAR_SHIFT | HIGH_ALT | MID_BODY | RANGE_STABLE | CLOSE_MID,0.6,0.45,0.5,1.1848834548844989,0.9520614467385966,1.8472063233799525,0.4444444444444444,0.5789473684210527,0.5555555555555556
1m,25,17359,17378,0.1951051768103642,FP-9E97C4C0DF,FP-D17D07CD7C,BALANCED | STABLE | WICK_BALANCED | DIRECTION_BALANCED | MID_ALT | LARGE_BODY | RANGE_STABLE | CLOSE_MID,0.5,0.55,0.5,1.2471886767968239,0.9302188505529374,1.0444856458855967,0.5555555555555556,0.5263157894736842,0.5555555555555556
3m,1,21149,21168,0.3606024429579151,FP-4D23A4A299,FP-22871C4BD2,BALANCED | COMPRESSING | WICK_BALANCED | DIRECTION_BALANCED | HIGH_ALT | MID_BODY | RANGE_STABLE | CLOSE_MID,0.6,0.5,0.4,1.286607440378527,1.0160663506163945,0.8723754568795693,0.4444444444444444,0.6842105263157895,0.6666666666666666
3m,2,6938,6957,0.35843502662239035,FP-4D23A4A299,FP-E39B2AC29C,BEAR_BIASED | STABLE | WICK_BALANCED | DIRECTION_BALANCED | MID_ALT | MID_BODY | RANGE_STABLE | CLOSE_MID,0.3,0.3,0.6,1.340882248322308,0.8299665774762793,1.0403801486075337,0.3333333333333333,0.47368421052631576,0.6666666666666666
3m,3,6629,6648,0.35641327281381985,FP-4D23A4A299,FP-67EAE762FF,BALANCED | STABLE | WICK_BALANCED | DIRECTION_BALANCED | MID_ALT | MID_BODY | COMP_TO_EXPAND | CLOSE_MID,0.5,0.5,0.5,0.7862644139833714,1.053609923037778,1.3691142586066252,0.5555555555555556,0.3684210526315789,0.7777777777777778
3m,4,13910,13929,0.35456339709417184,FP-4D23A4A299,FP-C4C9A7FFB1,BALANCED | STABLE | UPPER_WICK | BULL_SHIFT | LOW_ALT | MID_BODY | RANGE_STABLE | CLOSE_MID,0.6,0.6,0.6,1.13597139651825,0.8567758471879714,1.2941341701791016,0.8888888888888888,0.2631578947368421,0.4444444444444444
3m,5,15843,15862,0.34713643275905137,FP-4D23A4A299,FP-DE6A3D976E,BALANCED | STABLE | WICK_BALANCED | DIRECTION_BALANCED | HIGH_ALT | MID_BODY | RANGE_STABLE | CLOSE_MID,0.5,0.5,0.3,1.205909685282776,0.8446485224452728,0.8555227000810426,0.8888888888888888,0.6842105263157895,0.2222222222222222
3m,6,2223,2242,0.3470751626272191,FP-4D23A4A299,FP-04E606B0C8,BALANCED | COMPRESSING | WICK_BALANCED | DIRECTION_BALANCED | MID_ALT | MID_BODY | EXP_TO_COMPRESS | CLOSE_MID,0.6,0.5,0.6,1.7603724357539268,1.0199179680940973,0.9497521176447619,0.4444444444444444,0.5263157894736842,0.4444444444444444
3m,7,2889,2908,0.34195020811267257,FP-4D23A4A299,FP-66839FC4A6,BALANCED | STABLE | WICK_BALANCED | DIRECTION_BALANCED | HIGH_ALT | MID_BODY | RANGE_STABLE | CLOSE_MID,0.7,0.5,0.6,1.1032912433615372,0.9178139077075185,1.2994488558372637,0.4444444444444444,0.6842105263157895,0.6666666666666666
3m,8,20164,20183,0.341199558578006,FP-4D23A4A299,FP-F2338FA7D1,BALANCED | COMPRESSING | WICK_BALANCED | DIRECTION_BALANCED | MID_ALT | MID_BODY | RANGE_STABLE | CLOSE_MID,0.7,0.55,0.5,1.010201903527449,1.0656647869176328,0.8701769501287313,0.5555555555555556,0.47368421052631576,0.2222222222222222
3m,9,717,736,0.3407102767385392,FP-4D23A4A299,FP-F8A8878CF9,BALANCED | COMPRESSING | WICK_BALANCED | DIRECTION_BALANCED | MID_ALT | MID_BODY | RANGE_STABLE | CLOSE_MID,0.4,0.5,0.4,1.2810856554835517,1.1055947738857825,0.919960691783863,0.4444444444444444,0.5263157894736842,0.3333333333333333
3m,10,24443,24462,0.3394089656411916,FP-4D23A4A299,FP-B2B4A41D85,BALANCED | EXPANDING | WICK_BALANCED | DIRECTION_BALANCED | HIGH_ALT | LARGE_BODY | COMP_TO_EXPAND | CLOSE_MID,0.5,0.5,0.6,2.0257227032346106,1.3150989805766051,0.42809371029374343,0.7777777777777778,0.631578947368421,0.2222222222222222
3m,11,27104,27123,0.3389083866351877,FP-4D23A4A299,FP-AE6AB0A0B0,BALANCED | EXPANDING | LOWER_WICK | DIRECTION_BALANCED | HIGH_ALT | MID_BODY | COMP_TO_EXPAND | CLOSE_MID,0.6,0.35,0.5,1.0611271951998007,0.9775186550581365,1.4542411943185036,0.6666666666666666,0.631578947368421,0.7777777777777778
3m,12,25475,25494,0.3386066452137425,FP-4D23A4A299,FP-0803DD3164,BALANCED | EXPANDING | WICK_BALANCED | DIRECTION_BALANCED | MID_ALT | MID_BODY | COMP_TO_EXPAND | CLOSE_MID,0.6,0.5,0.5,0.7750108185344402,1.147524492084342,1.1465632731134803,0.4444444444444444,0.3684210526315789,0.8888888888888888
3m,13,23834,23853,0.3381004943027936,FP-4D23A4A299,FP-72FAC849C2,BALANCED | STABLE | LOWER_WICK | BEAR_SHIFT | MID_ALT | MID_BODY | RANGE_STABLE | CLOSE_MID,0.4,0.65,0.5,1.247968595942933,0.9836547243797478,1.0076276722080801,0.4444444444444444,0.3684210526315789,0.4444444444444444
3m,14,6340,6359,0.33467721500550995,FP-4D23A4A299,FP-721ED88793,BALANCED | STABLE | WICK_BALANCED | DIRECTION_BALANCED | MID_ALT | MID_BODY | RANGE_STABLE | CLOSE_MID,0.4,0.5,0.5,1.0454731958589258,0.9032093190087513,1.0988269309563612,0.6666666666666666,0.5263157894736842,0.4444444444444444
3m,15,15844,15863,0.33309803238900393,FP-4D23A4A299,FP-DFFD5B5FE3,BALANCED | STABLE | WICK_BALANCED | DIRECTION_BALANCED | HIGH_ALT | MID_BODY | RANGE_STABLE | CLOSE_MID,0.5,0.5,0.4,1.24083217584386,0.8489025416150963,0.7981357972021934,0.7777777777777778,0.6842105263157895,0.2222222222222222
3m,16,1274,1293,0.3327662024106288,FP-4D23A4A299,FP-A36494396A,BALANCED | EXPANDING | LOWER_WICK | DIRECTION_BALANCED | HIGH_ALT | MID_BODY | RANGE_STABLE | CLOSE_MID,0.6,0.55,0.4,1.3732628659295982,0.9622166514929692,1.25208553850115,0.7777777777777778,0.5789473684210527,0.3333333333333333
3m,17,26015,26034,0.3299119250000479,FP-4D23A4A299,FP-F39A91E3FC,BALANCED | STABLE | WICK_BALANCED | DIRECTION_BALANCED | MID_ALT | LARGE_BODY | RANGE_STABLE | CLOSE_MID,0.4,0.5,0.6,1.094283494555104,0.9431245737312137,0.7799367070296327,0.7777777777777778,0.5263157894736842,0.6666666666666666
3m,18,5579,5598,0.329895674256261,FP-4D23A4A299,FP-039AAAD613,BALANCED | STABLE | UPPER_WICK | BULL_SHIFT | MID_ALT | MID_BODY | RANGE_STABLE | CLOSE_MID,0.5,0.6,0.5,1.0684387651963567,0.8651754105650747,1.0388725283734155,0.6666666666666666,0.42105263157894735,0.6666666666666666
3m,19,19556,19575,0.32979472102055435,FP-4D23A4A299,FP-AAA85242DF,BEAR_BIASED | EXPANDING | LOWER_WICK | DIRECTION_BALANCED | MID_ALT | MID_BODY | RANGE_STABLE | CLOSE_MID,0.4,0.3,0.6,0.9424741506075491,1.3090462751296161,0.7347007725397257,0.5555555555555556,0.3157894736842105,0.4444444444444444
3m,20,29492,29511,0.32909203104128637,FP-4D23A4A299,FP-CE60082AF6,BALANCED | STABLE | WICK_BALANCED | DIRECTION_BALANCED | MID_ALT | MID_BODY | RANGE_STABLE | CLOSE_MID,0.6,0.5,0.6,1.1690263877000924,1.1572393665523257,1.0398141851532283,0.4444444444444444,0.3684210526315789,0.4444444444444444
3m,21,21945,21964,0.32776386960985815,FP-4D23A4A299,FP-004626B0D1,BALANCED | STABLE | UPPER_WICK | DIRECTION_BALANCED | MID_ALT | MID_BODY | RANGE_STABLE | CLOSE_MID,0.6,0.5,0.4,0.9483578389950237,1.2735788595987532,0.9209753934756975,0.4444444444444444,0.42105263157894735,0.6666666666666666
3m,22,22942,22961,0.32686511407789137,FP-4D23A4A299,FP-DE82C99561,BALANCED | EXPANDING | LOWER_WICK | DIRECTION_BALANCED | MID_ALT | MID_BODY | COMP_TO_EXPAND | CLOSE_MID,0.6,0.5,0.6,0.9308821463950988,1.199177159565301,0.865279142773225,0.5555555555555556,0.47368421052631576,0.3333333333333333
3m,23,1653,1672,0.32663993553775844,FP-4D23A4A299,FP-FCE9AE9491,BALANCED | STABLE | WICK_BALANCED | DIRECTION_BALANCED | MID_ALT | MID_BODY | RANGE_STABLE | CLOSE_MID,0.4,0.45,0.6,1.1180264856354614,1.058808455121341,0.887503219169739,0.3333333333333333,0.3684210526315789,0.6666666666666666
3m,24,9631,9650,0.32641026383002075,FP-4D23A4A299,FP-857E8BF590,BALANCED | STABLE | WICK_BALANCED | DIRECTION_BALANCED | MID_ALT | MID_BODY | RANGE_STABLE | CLOSE_MID,0.9,0.4,1.0,1.6423926565290892,0.8679605855553554,2.042822951253225,0.2222222222222222,0.5263157894736842,0.0
3m,25,72,91,0.32617159514220734,FP-4D23A4A299,FP-4531A9DBEC,BALANCED | STABLE | LOWER_WICK | DIRECTION_BALANCED | HIGH_ALT | MID_BODY | RANGE_STABLE | CLOSE_MID,0.5,0.5,0.5,0.7230814548115052,0.9997605815336303,1.0629544456021642,0.4444444444444444,0.5789473684210527,0.3333333333333333
5m,1,2183,2202,0.3439495453366893,FP-F0E0054750,FP-E057387548,BULL_BIASED | STABLE | WICK_BALANCED | BULL_SHIFT | HIGH_ALT | MID_BODY | RANGE_STABLE | CLOSE_MID,0.4,0.7,0.5,1.1788021354794223,1.6748973413515849,1.4073148321003475,0.5555555555555556,0.631578947368421,0.5555555555555556
5m,2,14594,14613,0.34254098835346464,FP-F0E0054750,FP-CD0CB0CBD6,BALANCED | STABLE | UPPER_WICK | DIRECTION_BALANCED | HIGH_ALT | MID_BODY | RANGE_STABLE | CLOSE_MID,0.7,0.6,0.7,0.8636974704706588,1.1781723683631686,1.1396910416446109,0.5555555555555556,0.5789473684210527,0.4444444444444444
5m,3,7110,7129,0.34240731157337173,FP-F0E0054750,FP-78F973833B,BALANCED | EXPANDING | WICK_BALANCED | DIRECTION_BALANCED | MID_ALT | MID_BODY | RANGE_STABLE | CLOSE_MID,0.5,0.6,0.5,0.870052009782013,0.900741940821702,2.036418991228238,0.7777777777777778,0.5263157894736842,0.5555555555555556
5m,4,29956,29975,0.3380523925440677,FP-F0E0054750,FP-B1AA7F13F6,BALANCED | COMPRESSING | WICK_BALANCED | DIRECTION_BALANCED | HIGH_ALT | MID_BODY | EXP_TO_COMPRESS | CLOSE_MID,0.7,0.5,0.7,1.0348888754314518,1.0947913539291734,1.364234214800194,0.3333333333333333,0.5789473684210527,0.3333333333333333
5m,5,17394,17413,0.3367324550645847,FP-F0E0054750,FP-E11D53FB6F,BALANCED | STABLE | LOWER_WICK | BULL_SHIFT | HIGH_ALT | LARGE_BODY | RANGE_STABLE | CLOSE_MID,0.6,0.55,0.6,0.9433215249252382,0.9657321014577904,1.8617753628865543,0.4444444444444444,0.5789473684210527,0.7777777777777778
5m,6,6785,6804,0.33631628590053014,FP-F0E0054750,FP-0AC78C9E45,BALANCED | COMPRESSING | UPPER_WICK | DIRECTION_BALANCED | HIGH_ALT | MID_BODY | EXP_TO_COMPRESS | CLOSE_MID,0.4,0.5,0.7,1.215044707183137,1.2392159613135545,1.3133102270114734,0.6666666666666666,0.631578947368421,0.5555555555555556
5m,7,16322,16341,0.3350253965947196,FP-F0E0054750,FP-6129A20160,BALANCED | EXPANDING | LOWER_WICK | DIRECTION_BALANCED | MID_ALT | MID_BODY | RANGE_STABLE | CLOSE_MID,0.5,0.55,0.8,0.9341199809054587,0.7702876092491395,1.079937807204939,0.6666666666666666,0.47368421052631576,0.3333333333333333
5m,8,18018,18037,0.3337767548077475,FP-F0E0054750,FP-E089714DE3,BALANCED | STABLE | WICK_BALANCED | DIRECTION_BALANCED | HIGH_ALT | MID_BODY | RANGE_STABLE | CLOSE_MID,0.4,0.6,0.6,1.088349173739248,1.3678197962993721,1.6450744545364278,0.5555555555555556,0.6842105263157895,0.5555555555555556
5m,9,11360,11379,0.3337584141505599,FP-F0E0054750,FP-89CB37C423,BALANCED | EXPANDING | WICK_BALANCED | BULL_SHIFT | MID_ALT | MID_BODY | COMP_TO_EXPAND | CLOSE_MID,0.4,0.65,0.4,0.8801675833680734,1.4131344521060059,0.9019887466856433,0.6666666666666666,0.47368421052631576,0.5555555555555556
5m,10,20403,20422,0.33324386389300414,FP-F0E0054750,FP-53BA99408E,BALANCED | COMPRESSING | WICK_BALANCED | BEAR_SHIFT | MID_ALT | MID_BODY | EXP_TO_COMPRESS | CLOSE_MID,0.4,0.55,0.5,1.0620731248365591,0.8060518952774579,1.1758535500132958,0.6666666666666666,0.47368421052631576,0.5555555555555556
5m,11,29903,29922,0.3331451535416539,FP-F0E0054750,FP-4199925A86,BALANCED | COMPRESSING | WICK_BALANCED | DIRECTION_BALANCED | MID_ALT | MID_BODY | EXP_TO_COMPRESS | CLOSE_MID,0.5,0.6,0.4,2.284441937548682,0.7553262648345156,0.6532020486616136,0.5555555555555556,0.42105263157894735,0.6666666666666666
5m,12,3572,3591,0.33305563285081974,FP-F0E0054750,FP-646CF9599B,BALANCED | COMPRESSING | WICK_BALANCED | BEAR_SHIFT | MID_ALT | MID_BODY | RANGE_STABLE | CLOSE_MID,0.2,0.65,0.4,1.5635180031881208,0.9174073946981224,1.1408321541092659,0.4444444444444444,0.42105263157894735,0.6666666666666666
5m,13,9503,9522,0.3329739520693674,FP-F0E0054750,FP-383613D78E,BALANCED | EXPANDING | LOWER_WICK | DIRECTION_BALANCED | MID_ALT | MID_BODY | COMP_TO_EXPAND | CLOSE_MID,0.7,0.55,0.3,0.8926254478862805,1.0675175402337014,1.108317152315128,0.4444444444444444,0.47368421052631576,0.3333333333333333
5m,14,21723,21742,0.33274415557733444,FP-F0E0054750,FP-9D6B78E149,BALANCED | STABLE | LOWER_WICK | BULL_SHIFT | MID_ALT | MID_BODY | RANGE_STABLE | CLOSE_MID,0.6,0.55,0.6,1.6481841344010708,0.7422235478100289,1.8528828645440414,0.6666666666666666,0.47368421052631576,0.5555555555555556
5m,15,12051,12070,0.3323720595941882,FP-F0E0054750,FP-FD0AEF372F,BALANCED | COMPRESSING | LOWER_WICK | DIRECTION_BALANCED | HIGH_ALT | MID_BODY | RANGE_STABLE | CLOSE_MID,0.4,0.5,0.6,0.7877331366832828,0.8644862947383792,1.047971651318572,0.4444444444444444,0.6842105263157895,0.7777777777777778
5m,16,29701,29720,0.33189292258970804,FP-F0E0054750,FP-0929C518C0,BALANCED | STABLE | WICK_BALANCED | DIRECTION_BALANCED | HIGH_ALT | MID_BODY | RANGE_STABLE | CLOSE_MID,0.4,0.55,0.6,1.1530787213572973,0.9204067492509905,0.8678483988220153,0.4444444444444444,0.5789473684210527,0.8888888888888888
5m,17,6983,7002,0.33149973950723327,FP-F0E0054750,FP-84D91F1839,BALANCED | COMPRESSING | WICK_BALANCED | DIRECTION_BALANCED | MID_ALT | MID_BODY | EXP_TO_COMPRESS | CLOSE_MID,0.3,0.5,0.5,0.7842675034643123,1.374523543429713,0.9333074533256523,0.3333333333333333,0.3157894736842105,0.7777777777777778
5m,18,14348,14367,0.3309381342093979,FP-F0E0054750,FP-E95D81E8DF,BALANCED | COMPRESSING | WICK_BALANCED | DIRECTION_BALANCED | MID_ALT | MID_BODY | EXP_TO_COMPRESS | CLOSE_MID,0.6,0.5,0.3,0.841843231213581,0.9476002499651406,1.046782872904949,0.6666666666666666,0.42105263157894735,0.5555555555555556
5m,19,5487,5506,0.33055206331866166,FP-F0E0054750,FP-D5716D70D9,BALANCED | STABLE | LOWER_WICK | DIRECTION_BALANCED | HIGH_ALT | MID_BODY | RANGE_STABLE | CLOSE_MID,0.7,0.65,0.4,1.5212141160799821,1.3411714028814794,0.9326832362130139,0.5555555555555556,0.631578947368421,0.5555555555555556
5m,20,12953,12972,0.330489306446293,FP-F0E0054750,FP-E2CB786E27,BALANCED | STABLE | LOWER_WICK | DIRECTION_BALANCED | HIGH_ALT | MID_BODY | RANGE_STABLE | CLOSE_MID,0.6,0.5,0.4,2.339521636117803,1.0536076947012067,1.7370249333485996,0.4444444444444444,0.6842105263157895,0.3333333333333333
5m,21,25849,25868,0.3304885537188537,FP-F0E0054750,FP-1709FAA2BD,BALANCED | STABLE | WICK_BALANCED | DIRECTION_BALANCED | HIGH_ALT | MID_BODY | RANGE_STABLE | CLOSE_MID,0.4,0.65,0.4,0.9208083843241246,0.8081205286670631,0.9647278873361215,0.5555555555555556,0.5789473684210527,0.3333333333333333
5m,22,22326,22345,0.3304181601339829,FP-F0E0054750,FP-FA9AEBA037,BALANCED | COMPRESSING | WICK_BALANCED | BULL_SHIFT | HIGH_ALT | MID_BODY | EXP_TO_COMPRESS | CLOSE_MID,0.5,0.6,0.5,0.9576627591613729,1.1448774883383466,1.5416220775020342,0.4444444444444444,0.5789473684210527,0.5555555555555556
5m,23,2315,2334,0.32950854741948943,FP-F0E0054750,FP-9A4CB9E549,BALANCED | COMPRESSING | WICK_BALANCED | DIRECTION_BALANCED | HIGH_ALT | MID_BODY | RANGE_STABLE | CLOSE_MID,0.6,0.65,0.5,1.0400399015880244,0.9973615953874029,1.3245206387741442,0.7777777777777778,0.5789473684210527,0.3333333333333333
5m,24,20074,20093,0.32945723866436916,FP-F0E0054750,FP-8CA9CB6141,BALANCED | COMPRESSING | WICK_BALANCED | DIRECTION_BALANCED | HIGH_ALT | MID_BODY | EXP_TO_COMPRESS | CLOSE_MID,0.6,0.55,0.6,1.3068676811966093,1.4014399114638947,0.7801112957328626,0.5555555555555556,0.631578947368421,0.4444444444444444
5m,25,18360,18379,0.32945085309919186,FP-F0E0054750,FP-57229C4738,BALANCED | COMPRESSING | WICK_BALANCED | DIRECTION_BALANCED | HIGH_ALT | MID_BODY | EXP_TO_COMPRESS | CLOSE_MID,0.2,0.55,0.7,1.1334468535551754,0.893479814751539,1.1015856578219583,0.3333333333333333,0.631578947368421,0.5555555555555556
15m,1,14991,15010,0.3768985653935664,FP-26534D885B,FP-E70854DEE4,BULL_BIASED | EXPANDING | UPPER_WICK | DIRECTION_BALANCED | HIGH_ALT | MID_BODY | COMP_TO_EXPAND | CLOSE_MID,0.6,0.7,0.5,0.8834042446540126,1.5726422961090651,0.7482533592919067,0.6666666666666666,0.5789473684210527,0.5555555555555556
15m,2,2335,2354,0.37048035762095693,FP-26534D885B,FP-1C0C79538E,BALANCED | EXPANDING | WICK_BALANCED | DIRECTION_BALANCED | HIGH_ALT | MID_BODY | RANGE_STABLE | CLOSE_MID,0.5,0.5,0.6,1.1136245653848527,1.0848064409438396,0.9981539844215919,0.5555555555555556,0.5789473684210527,0.5555555555555556
15m,3,15095,15114,0.36404172962291714,FP-26534D885B,FP-83792021ED,BALANCED | EXPANDING | LOWER_WICK | DIRECTION_BALANCED | MID_ALT | MID_BODY | RANGE_STABLE | CLOSE_MID,0.4,0.65,0.4,0.9508057313789633,0.9872393383690348,0.9242896791294811,0.5555555555555556,0.5263157894736842,0.5555555555555556
15m,4,5617,5636,0.35297808673113307,FP-26534D885B,FP-FC419421B5,BALANCED | EXPANDING | UPPER_WICK | DIRECTION_BALANCED | MID_ALT | MID_BODY | COMP_TO_EXPAND | CLOSE_MID,0.6,0.45,0.7,1.111814418687793,1.0987895708306714,0.8200609052709277,0.4444444444444444,0.42105263157894735,0.4444444444444444
15m,5,27274,27293,0.35007080784301187,FP-26534D885B,FP-3E5EC4FBD3,BULL_BIASED | EXPANDING | UPPER_WICK | DIRECTION_BALANCED | MID_ALT | MID_BODY | COMP_TO_EXPAND | CLOSE_MID,0.6,0.75,0.6,2.606027046561576,1.6149621516140507,0.8707853605873652,0.5555555555555556,0.3684210526315789,0.5555555555555556
15m,6,12348,12367,0.3460577816936714,FP-26534D885B,FP-FE743920F1,BALANCED | STABLE | LOWER_WICK | DIRECTION_BALANCED | MID_ALT | MID_BODY | RANGE_STABLE | CLOSE_MID,0.6,0.5,0.6,0.9962917958429995,0.9650751419152375,0.870011797313618,0.5555555555555556,0.5263157894736842,0.4444444444444444
15m,7,22041,22060,0.34602206614787206,FP-26534D885B,FP-A1E80195FF,BALANCED | STABLE | WICK_BALANCED | BEAR_SHIFT | MID_ALT | MID_BODY | RANGE_STABLE | CLOSE_MID,0.5,0.45,0.5,1.38382913101852,0.9580635754064593,1.3999711581947163,0.3333333333333333,0.47368421052631576,0.7777777777777778
15m,8,23384,23403,0.34213439589873607,FP-26534D885B,FP-9D979B86DA,BALANCED | EXPANDING | WICK_BALANCED | DIRECTION_BALANCED | MID_ALT | MID_BODY | RANGE_STABLE | CLOSE_MID,0.6,0.5,0.5,1.0010584855115645,1.096290073121109,1.2598295779486746,0.5555555555555556,0.5263157894736842,0.6666666666666666
15m,9,12605,12624,0.33985607951297886,FP-26534D885B,FP-F255643100,BALANCED | STABLE | WICK_BALANCED | DIRECTION_BALANCED | HIGH_ALT | MID_BODY | RANGE_STABLE | CLOSE_MID,0.6,0.5,0.6,0.7926876477684666,1.0079023416086372,0.9942483344792447,0.7777777777777778,0.5789473684210527,0.6666666666666666
15m,10,18592,18611,0.33926839089900845,FP-26534D885B,FP-5661CC85BD,BALANCED | STABLE | WICK_BALANCED | BEAR_SHIFT | MID_ALT | MID_BODY | EXP_TO_COMPRESS | CLOSE_MID,0.2,0.35,0.5,1.273324895676842,1.3173122618328295,1.7324348258614717,0.4444444444444444,0.47368421052631576,0.6666666666666666
15m,11,561,580,0.33908320353689336,FP-26534D885B,FP-7AA3AC06B7,BALANCED | STABLE | WICK_BALANCED | BULL_SHIFT | HIGH_ALT | MID_BODY | RANGE_STABLE | CLOSE_MID,0.4,0.4,0.3,0.8668259849133865,1.4364522073217116,0.9382885056927567,0.3333333333333333,0.5789473684210527,0.5555555555555556
15m,12,10450,10469,0.3367689242114424,FP-26534D885B,FP-4B996DAE5A,BULL_BIASED | EXPANDING | UPPER_WICK | BEAR_SHIFT | MID_ALT | MID_BODY | COMP_TO_EXPAND | CLOSE_MID,0.6,0.8,0.7,1.044583237839889,1.7100588799699719,1.0374687206159527,0.6666666666666666,0.42105263157894735,0.4444444444444444
15m,13,12410,12429,0.3362532870106219,FP-26534D885B,FP-BC38CC4CF5,BALANCED | STABLE | WICK_BALANCED | BULL_SHIFT | MID_ALT | MID_BODY | RANGE_STABLE | CLOSE_MID,0.4,0.5,0.3,0.7730896022489537,0.9950925764349456,0.8846017820965131,0.5555555555555556,0.47368421052631576,0.3333333333333333
15m,14,1066,1085,0.3358549550033493,FP-26534D885B,FP-D651D7C329,BALANCED | EXPANDING | WICK_BALANCED | BULL_SHIFT | MID_ALT | MID_BODY | RANGE_STABLE | CLOSE_MID,0.3,0.5,0.5,1.9246165576555179,1.0004388198722167,0.9248751007889238,0.4444444444444444,0.47368421052631576,0.6666666666666666
15m,15,17073,17092,0.3345119601501895,FP-26534D885B,FP-B3F9C7DA8C,BALANCED | STABLE | LOWER_WICK | DIRECTION_BALANCED | MID_ALT | MID_BODY | RANGE_STABLE | CLOSE_MID,0.7,0.5,0.5,0.9137527996291575,1.4054450838355987,0.8320728550069987,0.5555555555555556,0.5263157894736842,0.4444444444444444
15m,16,2271,2290,0.33312193927045874,FP-26534D885B,FP-15AB6D528B,BALANCED | STABLE | WICK_BALANCED | DIRECTION_BALANCED | HIGH_ALT | MID_BODY | COMP_TO_EXPAND | CLOSE_MID,0.4,0.55,0.8,0.732280086696122,1.2465380368600978,1.1532684236648145,0.3333333333333333,0.5789473684210527,0.2222222222222222
15m,17,6351,6370,0.33195486825373216,FP-26534D885B,FP-46F8A3D023,BALANCED | EXPANDING | UPPER_WICK | DIRECTION_BALANCED | HIGH_ALT | MID_BODY | COMP_TO_EXPAND | CLOSE_MID,0.7,0.5,0.7,0.9210067343143145,1.4551558983693467,1.1379906166562541,0.5555555555555556,0.5789473684210527,0.4444444444444444
15m,18,11928,11947,0.3316362016150259,FP-26534D885B,FP-6B1F56B9A3,BALANCED | EXPANDING | WICK_BALANCED | DIRECTION_BALANCED | HIGH_ALT | MID_BODY | COMP_TO_EXPAND | CLOSE_MID,0.6,0.5,0.4,0.664621298622186,1.7301545743156788,0.7617647370048501,0.4444444444444444,0.5789473684210527,0.2222222222222222
15m,19,6816,6835,0.3305459367966874,FP-26534D885B,FP-A6DADA6723,BALANCED | EXPANDING | UPPER_WICK | BEAR_SHIFT | HIGH_ALT | MID_BODY | RANGE_STABLE | CLOSE_MID,0.4,0.5,0.3,2.0518648491847062,1.2139398056187136,1.139638630018826,0.5555555555555556,0.5789473684210527,0.6666666666666666
15m,20,9436,9455,0.3300336680682905,FP-26534D885B,FP-08B5727A33,BALANCED | EXPANDING | WICK_BALANCED | BULL_SHIFT | MID_ALT | MID_BODY | COMP_TO_EXPAND | CLOSE_MID,0.6,0.4,0.5,1.0626505278580196,1.4362878555789824,1.5208942322120749,0.4444444444444444,0.5263157894736842,0.5555555555555556
15m,21,12155,12174,0.32982904392333745,FP-26534D885B,FP-5810FC6479,BALANCED | EXPANDING | UPPER_WICK | DIRECTION_BALANCED | HIGH_ALT | MID_BODY | RANGE_STABLE | CLOSE_MID,0.6,0.55,0.4,1.154629002596074,1.0045988984741494,1.3904111540007418,0.5555555555555556,0.5789473684210527,0.6666666666666666
15m,22,26453,26472,0.3288774736712372,FP-26534D885B,FP-86EFD3669F,BALANCED | STABLE | WICK_BALANCED | DIRECTION_BALANCED | HIGH_ALT | MID_BODY | RANGE_STABLE | CLOSE_MID,0.6,0.5,0.6,0.64628523776499,1.248628337395066,1.2722711378685796,0.5555555555555556,0.6842105263157895,0.6666666666666666
15m,23,19125,19144,0.3287534638320484,FP-26534D885B,FP-5FD5C07D4A,BALANCED | STABLE | LOWER_WICK | DIRECTION_BALANCED | HIGH_ALT | MID_BODY | COMP_TO_EXPAND | CLOSE_MID,0.7,0.5,0.3,0.575169953058998,0.9290217549433839,1.1342303893479664,0.6666666666666666,0.6842105263157895,0.4444444444444444
15m,24,23639,23658,0.3285759288563902,FP-26534D885B,FP-AA4ADDDCFB,BEAR_BIASED | EXPANDING | LOWER_WICK | BULL_SHIFT | MID_ALT | MID_BODY | COMP_TO_EXPAND | CLOSE_MID,0.7,0.3,0.4,0.7291504869475374,2.1197267716784265,1.1587469810924875,0.6666666666666666,0.47368421052631576,0.6666666666666666
15m,25,24145,24164,0.3283240018960676,FP-26534D885B,FP-9897D75625,BALANCED | EXPANDING | WICK_BALANCED | DIRECTION_BALANCED | HIGH_ALT | MID_BODY | RANGE_STABLE | CLOSE_MID,0.5,0.5,0.5,0.9227407667085592,1.0060266016379265,0.8601387045678249,0.5555555555555556,0.7368421052631579,0.5555555555555556
30m,1,10361,10380,0.3154677046288155,FP-4044EBB595,FP-1D733A9CCC,BALANCED | COMPRESSING | WICK_BALANCED | DIRECTION_BALANCED | HIGH_ALT | MID_BODY | EXP_TO_COMPRESS | CLOSE_MID,0.6,0.5,0.7,1.2625513345719506,1.0214401661755423,1.5086348583643805,0.4444444444444444,0.5789473684210527,0.5555555555555556
30m,2,10217,10236,0.3131077521097864,FP-4044EBB595,FP-E696176FB9,BALANCED | STABLE | LOWER_WICK | DIRECTION_BALANCED | MID_ALT | MID_BODY | RANGE_STABLE | CLOSE_MID,0.2,0.45,0.6,1.0411043164300657,1.2813625503144146,1.4016737654588352,0.4444444444444444,0.3684210526315789,0.5555555555555556
30m,3,14180,14199,0.31077214103167244,FP-4044EBB595,FP-2E942F63E6,BALANCED | COMPRESSING | WICK_BALANCED | DIRECTION_BALANCED | HIGH_ALT | MID_BODY | EXP_TO_COMPRESS | CLOSE_MID,0.5,0.4,0.8,1.3839142376842801,1.4973928402339312,0.6281901195639985,0.3333333333333333,0.631578947368421,0.3333333333333333
30m,4,23299,23318,0.30195901305476625,FP-4044EBB595,FP-D5A3EF8545,BALANCED | COMPRESSING | UPPER_WICK | BULL_SHIFT | HIGH_ALT | MID_BODY | EXP_TO_COMPRESS | CLOSE_MID,0.5,0.4,0.7,1.0154990426843544,0.9955969246183679,1.138767000658261,0.6666666666666666,0.5789473684210527,0.5555555555555556
30m,5,24691,24710,0.30150823873315796,FP-4044EBB595,FP-8316303682,BALANCED | COMPRESSING | UPPER_WICK | BEAR_SHIFT | MID_ALT | MID_BODY | EXP_TO_COMPRESS | CLOSE_MID,0.2,0.4,0.4,1.0396525514555677,1.7107042564484476,0.532581341412506,0.4444444444444444,0.47368421052631576,0.6666666666666666
30m,6,20852,20871,0.2992395450990151,FP-4044EBB595,FP-D3FE30360C,BALANCED | COMPRESSING | WICK_BALANCED | BEAR_SHIFT | MID_ALT | MID_BODY | EXP_TO_COMPRESS | CLOSE_MID,0.4,0.35,0.4,0.947420417277718,1.4540842827862765,0.7518404958101674,0.5555555555555556,0.3684210526315789,0.2222222222222222
30m,7,24164,24183,0.29635495108764665,FP-4044EBB595,FP-39877628CA,BALANCED | COMPRESSING | LOWER_WICK | DIRECTION_BALANCED | MID_ALT | MID_BODY | EXP_TO_COMPRESS | CLOSE_MID,0.6,0.5,0.4,1.1081241162277202,1.3801907527478665,0.8341688846151651,0.2222222222222222,0.42105263157894735,0.5555555555555556
30m,8,18748,18767,0.2961231166735066,FP-4044EBB595,FP-4E51496247,BALANCED | COMPRESSING | LOWER_WICK | BULL_SHIFT | MID_ALT | MID_BODY | EXP_TO_COMPRESS | CLOSE_MID,0.6,0.45,0.7,1.7537477162066692,1.657091935446618,0.7479883851447063,0.6666666666666666,0.42105263157894735,0.3333333333333333
30m,9,16254,16273,0.29430117439419545,FP-4044EBB595,FP-1607E19B10,BALANCED | COMPRESSING | UPPER_WICK | DIRECTION_BALANCED | MID_ALT | MID_BODY | EXP_TO_COMPRESS | CLOSE_MID,0.5,0.45,0.3,2.0843442690313387,0.9487906986436657,0.8912276556810934,0.5555555555555556,0.5263157894736842,0.2222222222222222
30m,10,13713,13732,0.2929332422967969,FP-4044EBB595,FP-E23A837675,BALANCED | COMPRESSING | WICK_BALANCED | BEAR_SHIFT | MID_ALT | MID_BODY | EXP_TO_COMPRESS | CLOSE_MID,0.6,0.4,0.5,2.5263559315358353,0.9754447769673987,0.9472234674382746,0.4444444444444444,0.5263157894736842,0.6666666666666666
30m,11,17972,17991,0.29148531122382865,FP-4044EBB595,FP-0A54D9D887,BALANCED | COMPRESSING | WICK_BALANCED | DIRECTION_BALANCED | HIGH_ALT | MID_BODY | EXP_TO_COMPRESS | CLOSE_MID,0.4,0.5,0.4,1.2701170554437544,1.7189381956430967,0.4531746771661953,0.4444444444444444,0.7368421052631579,0.3333333333333333
30m,12,4249,4268,0.2907851054214705,FP-4044EBB595,FP-85064687D1,BALANCED | COMPRESSING | LOWER_WICK | BULL_SHIFT | HIGH_ALT | MID_BODY | EXP_TO_COMPRESS | CLOSE_MID,0.3,0.4,0.6,1.5072713975119139,1.183982498173001,0.7643392555474746,0.4444444444444444,0.5789473684210527,0.4444444444444444
30m,13,26897,26916,0.28777827542768275,FP-4044EBB595,FP-5F19941843,BALANCED | COMPRESSING | WICK_BALANCED | DIRECTION_BALANCED | MID_ALT | MID_BODY | EXP_TO_COMPRESS | CLOSE_MID,0.6,0.5,0.5,1.0584486549928624,1.5921392692582659,1.2215578230307451,0.7777777777777778,0.47368421052631576,0.4444444444444444
30m,14,16049,16068,0.2870436722740265,FP-4044EBB595,FP-1F7F60450C,BALANCED | COMPRESSING | LOWER_WICK | BEAR_SHIFT | MID_ALT | MID_BODY | EXP_TO_COMPRESS | CLOSE_MID,0.7,0.4,0.5,0.9912982936321286,1.261018308501044,2.216145998588073,0.3333333333333333,0.5263157894736842,0.3333333333333333
30m,15,2518,2537,0.2869499061809444,FP-4044EBB595,FP-ACCD75E2BF,BALANCED | COMPRESSING | LOWER_WICK | BULL_SHIFT | MID_ALT | MID_BODY | EXP_TO_COMPRESS | CLOSE_MID,0.7,0.35,0.5,2.3146225167990244,1.7628120459579328,0.5442012074863871,0.4444444444444444,0.47368421052631576,0.6666666666666666
30m,16,14233,14252,0.28653577257284263,FP-4044EBB595,FP-BCE32CB3A3,BALANCED | COMPRESSING | WICK_BALANCED | BULL_SHIFT | MID_ALT | MID_BODY | EXP_TO_COMPRESS | CLOSE_MID,0.4,0.45,0.7,1.4955691484595508,1.0144193285816194,1.3329532889609221,0.5555555555555556,0.47368421052631576,0.6666666666666666
30m,17,16102,16121,0.28648590174737437,FP-4044EBB595,FP-544704FDBD,BALANCED | COMPRESSING | UPPER_WICK | BULL_SHIFT | MID_ALT | MID_BODY | EXP_TO_COMPRESS | CLOSE_MID,0.4,0.5,0.5,1.080035878897022,1.4374597307660177,0.9027771612530145,0.6666666666666666,0.47368421052631576,0.6666666666666666
30m,18,5576,5595,0.28498674854743067,FP-4044EBB595,FP-F2FEDB5C04,BALANCED | COMPRESSING | WICK_BALANCED | DIRECTION_BALANCED | HIGH_ALT | MID_BODY | EXP_TO_COMPRESS | CLOSE_MID,0.5,0.45,0.5,0.8203903869412039,1.40340336744586,0.9344471081185667,0.7777777777777778,0.7894736842105263,0.7777777777777778
30m,19,22776,22795,0.2848392436462831,FP-4044EBB595,FP-02AD1C160F,BALANCED | COMPRESSING | WICK_BALANCED | DIRECTION_BALANCED | HIGH_ALT | MID_BODY | EXP_TO_COMPRESS | CLOSE_MID,0.7,0.4,0.6,1.143155228207617,1.3086027491361676,0.8662903482898594,0.5555555555555556,0.5789473684210527,0.6666666666666666
30m,20,22778,22797,0.2842909045817305,FP-4044EBB595,FP-2EAC8B8158,BALANCED | COMPRESSING | WICK_BALANCED | DIRECTION_BALANCED | HIGH_ALT | MID_BODY | EXP_TO_COMPRESS | CLOSE_MID,0.5,0.5,0.6,1.288944155841446,1.2323517408037787,0.9452708640860326,0.5555555555555556,0.5789473684210527,0.5555555555555556
30m,21,23201,23220,0.28365008375669837,FP-4044EBB595,FP-979C3EA989,BALANCED | COMPRESSING | WICK_BALANCED | DIRECTION_BALANCED | HIGH_ALT | MID_BODY | EXP_TO_COMPRESS | CLOSE_MID,0.6,0.45,0.4,1.1311503378809646,1.2097868353313521,0.9348090444557957,0.6666666666666666,0.7368421052631579,0.7777777777777778
30m,22,9151,9170,0.2833594003883669,FP-4044EBB595,FP-70C7769E5C,BALANCED | COMPRESSING | WICK_BALANCED | BEAR_SHIFT | MID_ALT | MID_BODY | EXP_TO_COMPRESS | CLOSE_MID,0.6,0.45,0.6,1.7623407931673967,1.348778871215643,1.1272534264988656,0.3333333333333333,0.3157894736842105,0.1111111111111111
30m,23,26537,26556,0.2832571308770032,FP-4044EBB595,FP-5EA87E23FF,BALANCED | STABLE | LOWER_WICK | BULL_SHIFT | HIGH_ALT | MID_BODY | EXP_TO_COMPRESS | CLOSE_MID,0.5,0.4,0.6,0.9853621696699797,1.043826551308045,1.255246578820262,0.3333333333333333,0.5789473684210527,0.4444444444444444
30m,24,18035,18054,0.2830701711383585,FP-4044EBB595,FP-5EA06C147E,BALANCED | COMPRESSING | WICK_BALANCED | DIRECTION_BALANCED | MID_ALT | MID_BODY | EXP_TO_COMPRESS | CLOSE_MID,0.5,0.45,0.7,0.9006530289913706,1.3035235855471448,1.2527579839019434,0.7777777777777778,0.5263157894736842,0.5555555555555556
30m,25,10156,10175,0.282825276690335,FP-4044EBB595,FP-3D04F6AC80,BULL_BIASED | COMPRESSING | LOWER_WICK | DIRECTION_BALANCED | MID_ALT | MID_BODY | EXP_TO_COMPRESS | CLOSE_MID,0.6,0.75,0.4,1.3501168640984638,1.1021716104357213,0.6553018869829996,0.5555555555555556,0.42105263157894735,0.6666666666666666
1h,1,2337,2356,0.3469396595048701,FP-1221234D37,FP-0072AF3226,BALANCED | EXPANDING | LOWER_WICK | DIRECTION_BALANCED | MID_ALT | MID_BODY | RANGE_STABLE | CLOSE_MID,0.3,0.55,0.7,0.8340647346409936,1.3949606353006943,1.2554748471391701,0.5555555555555556,0.47368421052631576,0.4444444444444444
1h,2,20761,20780,0.32963494706688234,FP-1221234D37,FP-114E044A2F,BALANCED | EXPANDING | WICK_BALANCED | DIRECTION_BALANCED | MID_ALT | MID_BODY | RANGE_STABLE | CLOSE_MID,0.3,0.55,0.4,1.1792971781023267,0.9854974873214684,1.164271886645158,0.5555555555555556,0.5263157894736842,0.5555555555555556
1h,3,15506,15525,0.3264616344767954,FP-1221234D37,FP-CA76728F52,BALANCED | EXPANDING | WICK_BALANCED | DIRECTION_BALANCED | MID_ALT | MID_BODY | RANGE_STABLE | CLOSE_MID,0.5,0.65,0.4,0.8706955206079897,0.841816008372408,0.7319991956755676,0.5555555555555556,0.47368421052631576,0.7777777777777778
1h,4,18791,18810,0.3228648242563793,FP-1221234D37,FP-878EE57801,BULL_BIASED | STABLE | UPPER_WICK | DIRECTION_BALANCED | LOW_ALT | MID_BODY | RANGE_STABLE | CLOSE_MID,0.3,0.8,0.6,0.8833401895500479,0.8028395667118916,0.9262080109169256,0.6666666666666666,0.21052631578947367,0.6666666666666666
1h,5,17447,17466,0.3220890508222792,FP-1221234D37,FP-F46BA78502,BULL_BIASED | EXPANDING | UPPER_WICK | BEAR_SHIFT | MID_ALT | MID_BODY | COMP_TO_EXPAND | CLOSE_MID,0.6,0.7,0.4,0.8190623239719992,1.3045420898227622,0.9233573234004855,0.5555555555555556,0.42105263157894735,0.5555555555555556
1h,6,25464,25483,0.3215883423269641,FP-1221234D37,FP-95F513CFE9,BALANCED | EXPANDING | WICK_BALANCED | BEAR_SHIFT | MID_ALT | MID_BODY | RANGE_STABLE | CLOSE_MID,0.4,0.55,0.6,0.927831589825705,1.2185651482284754,1.2826253856303849,0.5555555555555556,0.47368421052631576,0.4444444444444444
1h,7,12192,12211,0.3206679373255908,FP-1221234D37,FP-5C1864A20F,BALANCED | STABLE | LOWER_WICK | BULL_SHIFT | MID_ALT | MID_BODY | RANGE_STABLE | CLOSE_MID,0.5,0.4,0.4,0.9771235868665376,1.3194717518227446,1.0824875344598315,0.4444444444444444,0.5263157894736842,0.3333333333333333
1h,8,12143,12162,0.3203199883977145,FP-1221234D37,FP-9B1FE5450C,BALANCED | EXPANDING | UPPER_WICK | DIRECTION_BALANCED | MID_ALT | MID_BODY | COMP_TO_EXPAND | CLOSE_MID,0.6,0.55,0.4,1.0194254942542063,1.3581342643959584,1.7452841310274323,0.5555555555555556,0.47368421052631576,0.3333333333333333
1h,9,24145,24164,0.31767735787299184,FP-1221234D37,FP-9765848430,BALANCED | EXPANDING | WICK_BALANCED | DIRECTION_BALANCED | MID_ALT | MID_BODY | RANGE_STABLE | CLOSE_MID,0.4,0.55,0.5,0.8735446809225866,1.0293652098149457,0.6142533774316886,0.4444444444444444,0.47368421052631576,0.5555555555555556
1h,10,25187,25206,0.3142213884703696,FP-1221234D37,FP-CF118F54CE,BALANCED | COMPRESSING | LOWER_WICK | BEAR_SHIFT | MID_ALT | MID_BODY | EXP_TO_COMPRESS | CLOSE_MID,0.6,0.5,0.3,1.7534652206308272,1.2881944977750643,1.2584309750543974,0.6666666666666666,0.42105263157894735,0.5555555555555556
1h,11,25656,25675,0.3131734194912714,FP-1221234D37,FP-FC47BB5C07,BALANCED | STABLE | UPPER_WICK | BULL_SHIFT | MID_ALT | MID_BODY | RANGE_STABLE | CLOSE_MID,0.6,0.55,0.4,0.9288118824622039,1.1337019131628276,0.49692672310356895,0.5555555555555556,0.42105263157894735,0.6666666666666666
1h,12,25751,25770,0.31283302520117967,FP-1221234D37,FP-8B5D55E5F9,BALANCED | EXPANDING | WICK_BALANCED | DIRECTION_BALANCED | HIGH_ALT | MID_BODY | COMP_TO_EXPAND | CLOSE_MID,0.4,0.45,0.6,0.8927749656822401,1.0156561525783196,0.7975664261279564,0.3333333333333333,0.6842105263157895,0.5555555555555556
1h,13,16780,16799,0.3127619714288004,FP-1221234D37,FP-5B1F3D08E7,BALANCED | EXPANDING | WICK_BALANCED | DIRECTION_BALANCED | MID_ALT | MID_BODY | COMP_TO_EXPAND | CLOSE_MID,0.6,0.5,0.3,0.8305646544268447,0.9988472456894302,1.2119796368992843,0.7777777777777778,0.5263157894736842,0.4444444444444444
1h,14,7584,7603,0.31262242528287354,FP-1221234D37,FP-CBD53D2E88,BULL_BIASED | EXPANDING | LOWER_WICK | DIRECTION_BALANCED | MID_ALT | MID_BODY | COMP_TO_EXPAND | CLOSE_MID,0.7,0.7,0.5,1.2105569735008852,1.3053863220244306,1.0704114814207792,0.3333333333333333,0.5263157894736842,0.5555555555555556
1h,15,23160,23179,0.3070998553024255,FP-1221234D37,FP-F7C8657C99,BALANCED | EXPANDING | WICK_BALANCED | DIRECTION_BALANCED | HIGH_ALT | MID_BODY | COMP_TO_EXPAND | CLOSE_MID,0.6,0.6,0.4,0.9584773297422634,0.9280342494583624,0.8313451167225467,0.6666666666666666,0.5789473684210527,0.6666666666666666
1h,16,11831,11850,0.3070448639612116,FP-1221234D37,FP-D208364177,BULL_BIASED | EXPANDING | WICK_BALANCED | DIRECTION_BALANCED | MID_ALT | MID_BODY | COMP_TO_EXPAND | CLOSE_MID,0.6,0.75,0.4,1.0737608743806994,1.3054483562559893,0.7575516767784911,0.5555555555555556,0.42105263157894735,0.3333333333333333
1h,17,6971,6990,0.3066415487328908,FP-1221234D37,FP-6E5E5C9A0C,BALANCED | COMPRESSING | LOWER_WICK | DIRECTION_BALANCED | HIGH_ALT | MID_BODY | EXP_TO_COMPRESS | CLOSE_MID,0.4,0.5,0.7,1.0179975277162476,1.070133566435672,1.314591425910655,0.3333333333333333,0.631578947368421,0.6666666666666666
1h,18,19704,19723,0.3055487612137304,FP-1221234D37,FP-7B5B4C5DA7,BALANCED | EXPANDING | LOWER_WICK | DIRECTION_BALANCED | MID_ALT | MID_BODY | COMP_TO_EXPAND | CLOSE_MID,0.5,0.65,0.7,0.8275668987483874,1.4006532074309583,0.7997124064966948,0.2222222222222222,0.3684210526315789,0.4444444444444444
1h,19,15532,15551,0.3050155904049879,FP-1221234D37,FP-7BEF0BB427,BALANCED | STABLE | LOWER_WICK | DIRECTION_BALANCED | HIGH_ALT | MID_BODY | COMP_TO_EXPAND | CLOSE_MID,0.5,0.45,0.5,0.7887783402904448,1.1429345786360612,1.043565924370926,0.7777777777777778,0.7368421052631579,0.7777777777777778
1h,20,27336,27355,0.30473047749930343,FP-1221234D37,FP-6447580B21,BALANCED | EXPANDING | WICK_BALANCED | DIRECTION_BALANCED | MID_ALT | MID_BODY | COMP_TO_EXPAND | CLOSE_MID,0.5,0.55,0.6,0.9384424910187239,1.3630941450358436,0.6450162439595679,0.5555555555555556,0.42105263157894735,0.3333333333333333
1h,21,6697,6716,0.3041861280432216,FP-1221234D37,FP-63C6FBA887,BALANCED | EXPANDING | WICK_BALANCED | DIRECTION_BALANCED | HIGH_ALT | MID_BODY | RANGE_STABLE | CLOSE_MID,0.5,0.5,0.4,1.1886907987359403,0.877317183306849,0.8180566943571101,0.5555555555555556,0.631578947368421,0.5555555555555556
1h,22,25397,25416,0.3041004258053452,FP-1221234D37,FP-B11DDB015A,BALANCED | STABLE | WICK_BALANCED | DIRECTION_BALANCED | MID_ALT | MID_BODY | RANGE_STABLE | CLOSE_MID,0.4,0.6,0.4,1.651658416399475,1.1135367468625408,0.9493946304172354,0.6666666666666666,0.47368421052631576,0.3333333333333333
1h,23,19754,19773,0.30343727095639916,FP-1221234D37,FP-0E439ED2A0,BALANCED | EXPANDING | WICK_BALANCED | DIRECTION_BALANCED | MID_ALT | MID_BODY | COMP_TO_EXPAND | CLOSE_MID,0.5,0.6,0.4,1.2091987494975296,1.205540063728388,1.025832247903209,0.6666666666666666,0.42105263157894735,0.5555555555555556
1h,24,8327,8346,0.3032958613630696,FP-1221234D37,FP-F48C2F03F4,BALANCED | STABLE | WICK_BALANCED | BEAR_SHIFT | MID_ALT | MID_BODY | RANGE_STABLE | CLOSE_MID,0.5,0.55,0.6,0.9796561718657385,0.9649209638184125,1.0413540476260912,0.7777777777777778,0.42105263157894735,0.7777777777777778
1h,25,27286,27305,0.30205866634994916,FP-1221234D37,FP-2E2E4DECEC,BALANCED | EXPANDING | WICK_BALANCED | DIRECTION_BALANCED | MID_ALT | MID_BODY | COMP_TO_EXPAND | CLOSE_MID,0.4,0.55,0.4,1.2245496074994004,1.2248316052108073,1.4686381368584986,0.3333333333333333,0.47368421052631576,0.7777777777777778
4h,1,6175,6194,0.33667401151723175,FP-5397945395,FP-EEB264A8F8,BEAR_BIASED | COMPRESSING | LOWER_WICK | DIRECTION_BALANCED | MID_ALT | MID_BODY | EXP_TO_COMPRESS | CLOSE_MID,0.4,0.3,0.5,1.204254136604491,1.4291343530016394,0.9266532848655966,0.7777777777777778,0.3157894736842105,0.7777777777777778
4h,2,9307,9326,0.3136913652893642,FP-5397945395,FP-F011BF7056,BEAR_BIASED | STABLE | UPPER_WICK | DIRECTION_BALANCED | MID_ALT | MID_BODY | RANGE_STABLE | CLOSE_MID,0.9,0.3,0.4,1.2376336757089914,1.2114755566615363,1.100399252281485,0.2222222222222222,0.5263157894736842,0.6666666666666666
4h,3,2679,2698,0.3136568170942352,FP-5397945395,FP-036EDBD694,BALANCED | STABLE | WICK_BALANCED | BULL_SHIFT | HIGH_ALT | MID_BODY | RANGE_STABLE | CLOSE_MID,0.7,0.45,0.8,1.0871175238558228,1.1365261980916639,0.6883090842412358,0.6666666666666666,0.5789473684210527,0.4444444444444444
4h,4,9326,9345,0.3112080729793453,FP-5397945395,FP-B179ADF186,BALANCED | COMPRESSING | WICK_BALANCED | DIRECTION_BALANCED | HIGH_ALT | MID_BODY | EXP_TO_COMPRESS | CLOSE_MID,0.3,0.45,0.4,1.2398849437364021,0.9844451893216883,1.3187226390532658,0.4444444444444444,0.631578947368421,0.5555555555555556
4h,5,8798,8817,0.3111648688882593,FP-5397945395,FP-A1071BF1D6,BALANCED | STABLE | WICK_BALANCED | DIRECTION_BALANCED | MID_ALT | MID_BODY | EXP_TO_COMPRESS | CLOSE_MID,0.3,0.45,0.5,1.2186718202871707,1.1914966176917803,1.1846285650505797,0.4444444444444444,0.47368421052631576,0.4444444444444444
4h,6,8147,8166,0.3109807064625408,FP-5397945395,FP-FA7278B29D,BALANCED | COMPRESSING | LOWER_WICK | DIRECTION_BALANCED | MID_ALT | MID_BODY | EXP_TO_COMPRESS | CLOSE_MID,0.5,0.4,0.6,1.2473469291497552,1.3406054084788477,0.8782847171295993,0.5555555555555556,0.5263157894736842,0.4444444444444444
4h,7,2900,2919,0.31054588855822524,FP-5397945395,FP-BDE5F1EDC8,BALANCED | COMPRESSING | WICK_BALANCED | DIRECTION_BALANCED | HIGH_ALT | MID_BODY | EXP_TO_COMPRESS | CLOSE_MID,0.7,0.45,0.7,1.968743500570529,1.1935916943752205,1.2067035877103498,0.3333333333333333,0.6842105263157895,0.6666666666666666
4h,8,7223,7242,0.306785361404897,FP-5397945395,FP-1DCF3C1D12,BALANCED | STABLE | LOWER_WICK | BULL_SHIFT | MID_ALT | MID_BODY | EXP_TO_COMPRESS | CLOSE_MID,0.6,0.35,0.4,2.3227995152761007,1.028692073607568,0.8654298223150116,0.6666666666666666,0.42105263157894735,0.5555555555555556
4h,9,4939,4958,0.3062930836026302,FP-5397945395,FP-3EBE66A446,BALANCED | COMPRESSING | WICK_BALANCED | BEAR_SHIFT | HIGH_ALT | MID_BODY | EXP_TO_COMPRESS | CLOSE_MID,0.7,0.4,0.6,0.527157994521201,1.2926203988406488,0.9395024456357135,0.5555555555555556,0.5789473684210527,0.6666666666666666
4h,10,6762,6781,0.3060926861932875,FP-5397945395,FP-4967D0D2CD,BEAR_BIASED | EXPANDING | WICK_BALANCED | DIRECTION_BALANCED | LOW_ALT | MID_BODY | RANGE_STABLE | CLOSE_MID,0.4,0.25,0.5,1.1388206484025116,1.2679212968106222,1.2256306809941309,0.5555555555555556,0.21052631578947367,0.5555555555555556
4h,11,3274,3293,0.3060018420674329,FP-5397945395,FP-C16D56F17C,BALANCED | COMPRESSING | WICK_BALANCED | BULL_SHIFT | MID_ALT | MID_BODY | EXP_TO_COMPRESS | CLOSE_MID,0.4,0.45,0.8,1.4464467949077071,1.0501965643478959,0.7830860837051775,0.6666666666666666,0.5263157894736842,0.3333333333333333
4h,12,8091,8110,0.3025347724007012,FP-5397945395,FP-1FE011165B,BALANCED | COMPRESSING | LOWER_WICK | DIRECTION_BALANCED | HIGH_ALT | MID_BODY | EXP_TO_COMPRESS | CLOSE_MID,0.5,0.45,0.6,0.6272828146167466,1.8384158096596512,1.0733069468773322,0.5555555555555556,0.631578947368421,0.7777777777777778
4h,13,4783,4802,0.30232305820650707,FP-5397945395,FP-D974FEB4F7,BALANCED | COMPRESSING | LOWER_WICK | DIRECTION_BALANCED | HIGH_ALT | MID_BODY | EXP_TO_COMPRESS | CLOSE_MID,0.4,0.45,0.6,1.5969769515460084,1.0809641470734976,0.8465911282320132,0.4444444444444444,0.7368421052631579,0.6666666666666666
4h,14,5353,5372,0.3021690943548673,FP-5397945395,FP-7036C530F0,BALANCED | STABLE | LOWER_WICK | BULL_SHIFT | HIGH_ALT | MID_BODY | RANGE_STABLE | CLOSE_MID,0.4,0.45,0.4,1.3160110324684726,1.6856807293255514,0.8229209189795983,0.4444444444444444,0.631578947368421,0.5555555555555556
4h,15,6474,6493,0.30119770414292935,FP-5397945395,FP-CF78CC115D,BEAR_BIASED | COMPRESSING | WICK_BALANCED | DIRECTION_BALANCED | MID_ALT | MID_BODY | RANGE_STABLE | CLOSE_MID,0.6,0.25,0.7,0.7539585237689632,0.8383191820234135,1.0910990224881503,0.3333333333333333,0.5263157894736842,0.5555555555555556
4h,16,3147,3166,0.3006036084050496,FP-5397945395,FP-8CB9B0C2CE,BALANCED | STABLE | WICK_BALANCED | DIRECTION_BALANCED | HIGH_ALT | MID_BODY | EXP_TO_COMPRESS | CLOSE_MID,0.4,0.45,0.6,1.9308397293504953,1.035327968101356,0.707598369347455,0.5555555555555556,0.631578947368421,0.5555555555555556
4h,17,529,548,0.3005878781476463,FP-5397945395,FP-06B59114BD,BALANCED | COMPRESSING | WICK_BALANCED | DIRECTION_BALANCED | MID_ALT | MID_BODY | RANGE_STABLE | CLOSE_MID,0.6,0.45,0.3,0.6716651555221934,1.233718377596912,1.733103962394906,0.5555555555555556,0.5263157894736842,0.5555555555555556
4h,18,1728,1747,0.296204025641452,FP-5397945395,FP-FC2BDD01FE,BALANCED | COMPRESSING | LOWER_WICK | DIRECTION_BALANCED | HIGH_ALT | MID_BODY | EXP_TO_COMPRESS | CLOSE_MID,0.5,0.5,0.5,1.156859351888972,0.9184000818677092,1.2490590654982103,0.5555555555555556,0.5789473684210527,0.5555555555555556
4h,19,8006,8025,0.2959883142294938,FP-5397945395,FP-B122AC39D6,BALANCED | EXPANDING | LOWER_WICK | DIRECTION_BALANCED | MID_ALT | MID_BODY | RANGE_STABLE | CLOSE_MID,0.6,0.35,0.5,0.8719550682860918,1.3466435760513047,0.9382039687226891,0.6666666666666666,0.5263157894736842,0.5555555555555556
4h,20,9321,9340,0.29596488452121533,FP-5397945395,FP-0F1188D936,BALANCED | STABLE | WICK_BALANCED | BULL_SHIFT | HIGH_ALT | MID_BODY | RANGE_STABLE | CLOSE_MID,0.4,0.35,0.4,1.2195191153409017,1.0934731024022393,0.7444065278506022,0.5555555555555556,0.5789473684210527,0.4444444444444444
4h,21,6995,7014,0.295415198889369,FP-5397945395,FP-B5822DE9C1,BALANCED | STABLE | WICK_BALANCED | DIRECTION_BALANCED | MID_ALT | MID_BODY | RANGE_STABLE | CLOSE_MID,0.4,0.5,0.7,0.8590490612197555,1.2630012202375627,2.0148414501569056,0.5555555555555556,0.47368421052631576,0.2222222222222222
4h,22,4944,4963,0.2945715490571879,FP-5397945395,FP-9C00592E57,BALANCED | COMPRESSING | WICK_BALANCED | DIRECTION_BALANCED | HIGH_ALT | MID_BODY | EXP_TO_COMPRESS | CLOSE_MID,0.7,0.45,0.4,0.9938584634061123,1.1862213490012565,0.9829047838817704,0.5555555555555556,0.5789473684210527,0.8888888888888888
4h,23,2769,2788,0.2944653126117805,FP-5397945395,FP-826A12B724,BALANCED | STABLE | WICK_BALANCED | BULL_SHIFT | MID_ALT | MID_BODY | EXP_TO_COMPRESS | CLOSE_MID,0.6,0.45,0.7,1.3323767354157536,1.0434307540703516,0.7954009429449312,0.7777777777777778,0.42105263157894735,0.4444444444444444
4h,24,9109,9128,0.293969646000924,FP-5397945395,FP-DE9145DFF0,BALANCED | COMPRESSING | LOWER_WICK | DIRECTION_BALANCED | MID_ALT | MID_BODY | EXP_TO_COMPRESS | CLOSE_MID,0.7,0.5,0.5,1.1378633334622772,0.9964835281987314,0.5522662980930244,0.3333333333333333,0.5263157894736842,0.5555555555555556
4h,25,1700,1719,0.2939434656237131,FP-5397945395,FP-C5833CAA88,BALANCED | STABLE | WICK_BALANCED | BEAR_SHIFT | MID_ALT | MID_BODY | RANGE_STABLE | CLOSE_MID,0.5,0.45,0.6,1.0333890167533257,1.1536996992322217,1.0743897461067662,0.5555555555555556,0.3157894736842105,0.3333333333333333
1d,1,1065,1084,0.27433409943675846,FP-4B1A8AFF2B,FP-FF4DBA1ECB,BALANCED | STABLE | WICK_BALANCED | DIRECTION_BALANCED | HIGH_ALT | MID_BODY | RANGE_STABLE | CLOSE_MID,0.4,0.45,0.7,0.8898460012352594,0.719562855002976,1.0303483718920032,0.3333333333333333,0.5789473684210527,0.4444444444444444
1d,2,1891,1910,0.2738171051226423,FP-4B1A8AFF2B,FP-F45A1AB1AF,BALANCED | STABLE | WICK_BALANCED | DIRECTION_BALANCED | MID_ALT | MID_BODY | RANGE_STABLE | CLOSE_MID,0.3,0.5,0.7,1.167057524241858,1.0454557101676436,1.3301098592693155,0.6666666666666666,0.47368421052631576,0.2222222222222222
1d,3,391,410,0.2734563558174049,FP-4B1A8AFF2B,FP-63C79293E8,BALANCED | EXPANDING | LOWER_WICK | BEAR_SHIFT | HIGH_ALT | MID_BODY | COMP_TO_EXPAND | CLOSE_MID,0.5,0.35,0.5,0.7798100880920076,0.9913453680339085,1.0024498811051032,0.5555555555555556,0.5789473684210527,0.4444444444444444
1d,4,144,163,0.2721544206195058,FP-4B1A8AFF2B,FP-9FE7F94D64,BALANCED | COMPRESSING | WICK_BALANCED | DIRECTION_BALANCED | HIGH_ALT | MID_BODY | EXP_TO_COMPRESS | CLOSE_MID,0.3,0.35,0.5,2.4217141133616247,1.0043666422821074,0.9665769746929739,0.4444444444444444,0.631578947368421,0.5555555555555556
1d,5,2714,2733,0.2714769692971006,FP-4B1A8AFF2B,FP-B39D5B516F,BALANCED | STABLE | WICK_BALANCED | BEAR_SHIFT | MID_ALT | MID_BODY | EXP_TO_COMPRESS | CLOSE_MID,0.6,0.45,0.7,0.7578193925515635,0.9041996019773408,0.7453219317863715,0.7777777777777778,0.42105263157894735,0.5555555555555556
1d,6,981,1000,0.2688190496102354,FP-4B1A8AFF2B,FP-D320B7BF76,BALANCED | STABLE | LOWER_WICK | DIRECTION_BALANCED | MID_ALT | MID_BODY | RANGE_STABLE | CLOSE_MID,0.5,0.5,0.8,0.9938995465941771,0.8801291237510522,1.235308015935899,0.7777777777777778,0.5263157894736842,0.3333333333333333
1d,7,1072,1091,0.26519060866981164,FP-4B1A8AFF2B,FP-F15DA2C579,BALANCED | EXPANDING | LOWER_WICK | DIRECTION_BALANCED | HIGH_ALT | MID_BODY | RANGE_STABLE | CLOSE_MID,0.5,0.45,0.8,0.6747364764076551,0.8737935085371579,0.899060110522629,0.5555555555555556,0.5789473684210527,0.4444444444444444
1d,8,2896,2915,0.2647747289045391,FP-4B1A8AFF2B,FP-EC667E0ACC,BALANCED | STABLE | WICK_BALANCED | DIRECTION_BALANCED | MID_ALT | MID_BODY | EXP_TO_COMPRESS | CLOSE_MID,0.2,0.4,0.6,1.162863916614352,1.1413946108681683,1.0321096129441685,0.2222222222222222,0.5263157894736842,0.5555555555555556
1d,9,662,681,0.2638811950598586,FP-4B1A8AFF2B,FP-0499A92291,BALANCED | STABLE | UPPER_WICK | BEAR_SHIFT | MID_ALT | MID_BODY | RANGE_STABLE | CLOSE_MID,0.5,0.45,0.6,1.3986752957027022,1.1782621633103578,1.0086153383463052,0.7777777777777778,0.42105263157894735,0.4444444444444444
1d,10,1068,1087,0.26183563727713444,FP-4B1A8AFF2B,FP-645798FD96,BALANCED | EXPANDING | WICK_BALANCED | DIRECTION_BALANCED | HIGH_ALT | MID_BODY | RANGE_STABLE | CLOSE_MID,0.6,0.4,0.8,0.7155107342361351,0.8294954668885619,0.893885426871506,0.4444444444444444,0.5789473684210527,0.4444444444444444
1d,11,1234,1253,0.26182512670138164,FP-4B1A8AFF2B,FP-7FBFBC320C,BALANCED | STABLE | LOWER_WICK | DIRECTION_BALANCED | HIGH_ALT | MID_BODY | RANGE_STABLE | CLOSE_MID,0.4,0.5,0.6,1.0048658507404142,1.3936147960613208,1.093462054936101,0.3333333333333333,0.5789473684210527,0.6666666666666666
1d,12,1795,1814,0.26131651866956906,FP-4B1A8AFF2B,FP-F392D17F80,BALANCED | STABLE | WICK_BALANCED | BULL_SHIFT | HIGH_ALT | MID_BODY | RANGE_STABLE | CLOSE_MID,0.7,0.4,0.6,0.9492662797713113,1.204467703149632,1.208820163879667,0.5555555555555556,0.5789473684210527,0.8888888888888888
1d,13,2444,2463,0.2608597763334945,FP-4B1A8AFF2B,FP-B8089DFFB5,BALANCED | STABLE | WICK_BALANCED | BEAR_SHIFT | MID_ALT | MID_BODY | RANGE_STABLE | CLOSE_MID,0.4,0.45,0.3,1.4369350385201929,0.769659307059046,1.5758146248085816,0.6666666666666666,0.42105263157894735,0.4444444444444444
1d,14,2231,2250,0.26057492887255074,FP-4B1A8AFF2B,FP-814BF3A060,BALANCED | STABLE | UPPER_WICK | DIRECTION_BALANCED | HIGH_ALT | MID_BODY | RANGE_STABLE | CLOSE_MID,0.2,0.45,0.3,1.781552849744989,0.8745077283132277,1.1607501581246253,0.3333333333333333,0.6842105263157895,0.5555555555555556
1d,15,1791,1810,0.26017771827303643,FP-4B1A8AFF2B,FP-BB9EDAC4C6,BALANCED | STABLE | WICK_BALANCED | DIRECTION_BALANCED | HIGH_ALT | MID_BODY | RANGE_STABLE | CLOSE_MID,0.6,0.4,0.7,0.7902948078614156,1.2089800532987947,1.1889908546248151,0.5555555555555556,0.631578947368421,0.6666666666666666
1d,16,1321,1340,0.25983361705314156,FP-4B1A8AFF2B,FP-2CADB649DF,BALANCED | EXPANDING | WICK_BALANCED | BULL_SHIFT | MID_ALT | MID_BODY | RANGE_STABLE | CLOSE_MID,0.7,0.4,0.4,0.9609175728315067,1.112734046953852,0.8813863651878122,0.5555555555555556,0.42105263157894735,0.5555555555555556
1d,17,1446,1465,0.2593606741549332,FP-4B1A8AFF2B,FP-1E02861990,BALANCED | COMPRESSING | WICK_BALANCED | BEAR_SHIFT | MID_ALT | MID_BODY | RANGE_STABLE | CLOSE_MID,0.2,0.4,0.6,1.5116038159984364,0.9025325163256136,1.0185615539439055,0.2222222222222222,0.42105263157894735,0.4444444444444444
1d,18,23,42,0.2587049972105805,FP-4B1A8AFF2B,FP-28AF11ADD3,BEAR_BIASED | STABLE | LOWER_WICK | BULL_SHIFT | MID_ALT | MID_BODY | COMP_TO_EXPAND | CLOSE_MID,0.5,0.3,0.5,1.1423316210656265,0.9963344786775981,1.1942947339296102,0.3333333333333333,0.5263157894736842,0.6666666666666666
1d,19,281,300,0.25775985473890634,FP-4B1A8AFF2B,FP-339A31586B,BALANCED | COMPRESSING | WICK_BALANCED | DIRECTION_BALANCED | HIGH_ALT | MID_BODY | EXP_TO_COMPRESS | CLOSE_MID,0.5,0.5,0.4,2.364177473706829,1.1918192897476665,1.1618232199822116,0.4444444444444444,0.631578947368421,0.6666666666666666
1d,20,979,998,0.2577281015079168,FP-4B1A8AFF2B,FP-7DD8882A06,BALANCED | STABLE | LOWER_WICK | DIRECTION_BALANCED | MID_ALT | MID_BODY | RANGE_STABLE | CLOSE_MID,0.4,0.5,0.8,1.1712251957230626,0.8795871115041661,1.1793123038396975,0.7777777777777778,0.5263157894736842,0.4444444444444444
1d,21,68,87,0.2574517554701999,FP-4B1A8AFF2B,FP-73C56AB860,BALANCED | COMPRESSING | LOWER_WICK | BULL_SHIFT | MID_ALT | MID_BODY | EXP_TO_COMPRESS | CLOSE_MID,0.3,0.4,0.5,1.1233076433086946,1.18521799797793,0.6768703443629484,0.4444444444444444,0.5263157894736842,0.5555555555555556
1d,22,2782,2801,0.2568240925431699,FP-4B1A8AFF2B,FP-D8CEDCC3C0,BALANCED | EXPANDING | WICK_BALANCED | DIRECTION_BALANCED | HIGH_ALT | MID_BODY | COMP_TO_EXPAND | CLOSE_MID,0.5,0.45,0.5,1.3321750151288565,0.9374931627620645,0.9841702347608642,0.4444444444444444,0.5789473684210527,0.3333333333333333
1d,23,1055,1074,0.25656555663145875,FP-4B1A8AFF2B,FP-9D66419C09,BALANCED | STABLE | LOWER_WICK | DIRECTION_BALANCED | MID_ALT | MID_BODY | RANGE_STABLE | CLOSE_MID,0.4,0.45,0.4,1.9227284999388694,0.8002498244602615,0.7284720623206886,0.6666666666666666,0.47368421052631576,0.4444444444444444
1d,24,1571,1590,0.2555745519677011,FP-4B1A8AFF2B,FP-E198CE3D4F,BALANCED | COMPRESSING | UPPER_WICK | DIRECTION_BALANCED | MID_ALT | MID_BODY | RANGE_STABLE | CLOSE_MID,0.5,0.5,0.3,0.9700992625957593,1.5914406618098111,1.7508503101231416,0.7777777777777778,0.5263157894736842,0.4444444444444444
1d,25,1873,1892,0.254708755165269,FP-4B1A8AFF2B,FP-05F6E333A3,BALANCED | COMPRESSING | LOWER_WICK | DIRECTION_BALANCED | HIGH_ALT | MID_BODY | EXP_TO_COMPRESS | CLOSE_MID,0.3,0.35,0.5,0.9092207983146443,1.4888648823305464,1.1708743121763832,0.6666666666666666,0.5789473684210527,0.3333333333333333
