reference_timestamp,screen_rank,timeframe,candidate_start,candidate_end,candle_structure_similarity,story_similarity,family_story,story
1789516800000,1,1m,28361,28380,0.3669311929725987,0.4,INITIAL_CONTEXT -> REJECTION,INITIAL_BALANCED_BEHAVIOUR -> REJECTION_CLUSTER
1789516800000,1,3m,29441,29460,0.43451297678690376,0.625,INITIAL_CONTEXT -> DIRECTION_CHANGE -> LEVEL_INTERACTION,INITIAL_BULLISH_BIAS -> DIRECTIONAL_SHIFT -> REPEATED_TEST_CLUSTER
1789516800000,1,5m,29656,29675,0.13238258642501977,0.5,INITIAL_CONTEXT -> RANGE_CHANGE -> DIRECTION_CHANGE -> BODY_CHANGE -> REJECTION,INITIAL_BULLISH_BIAS -> RANGE_COMPRESSION -> DIRECTIONAL_SHIFT -> BODY_COMPRESSION -> REJECTION_CLUSTER
1789516800000,1,15m,29872,29891,0.2846451536629243,0.2142857142857143,INITIAL_CONTEXT -> REJECTION,INITIAL_BALANCED_BEHAVIOUR -> REJECTION_CLUSTER
1789516800000,1,30m,29926,29945,0.4322856109030824,0.6,INITIAL_CONTEXT -> RANGE_CHANGE -> DIRECTION_CHANGE -> BODY_CHANGE -> HOLD,INITIAL_BEARISH_BIAS -> RANGE_COMPRESSION -> DIRECTIONAL_SHIFT -> BODY_COMPRESSION -> HOLD_CLUSTER
1789516800000,1,1h,29953,29972,0.14135931986189293,0.3125,INITIAL_CONTEXT -> RANGE_CHANGE -> BODY_CHANGE,INITIAL_BALANCED_BEHAVIOUR -> RANGE_EXPANSION -> BODY_EXPANSION
1789516800000,1,4h,9974,9993,0.26966979298467614,0.5,INITIAL_CONTEXT -> RANGE_CHANGE -> DIRECTION_CHANGE -> LEVEL_INTERACTION -> REJECTION -> EXPANSION_AFTER_TEST,INITIAL_BALANCED_BEHAVIOUR -> RANGE_EXPANSION -> DIRECTION_CHANGE_IN_CHARACTER -> REPEATED_TEST_CLUSTER -> REJECTION_CLUSTER -> EXPANSION_AFTER_TEST
1789516800000,1,1d,2979,2998,0.699655191769579,0.9166666666666666,INITIAL_CONTEXT -> LEVEL_INTERACTION -> REJECTION -> LEVEL_INTERACTION -> EXPANSION_AFTER_TEST -> HOLD,INITIAL_BALANCED_BEHAVIOUR -> REPEATED_TEST_CLUSTER -> REJECTION_CLUSTER -> REPEATED_TEST_CLUSTER -> EXPANSION_AFTER_TEST -> HOLD_CLUSTER
1789430400000,2,1m,26921,26940,0.4543497108361254,0.7,INITIAL_CONTEXT -> RANGE_CHANGE -> BODY_CHANGE -> LEVEL_INTERACTION,INITIAL_BEARISH_BIAS -> RANGE_EXPANSION -> BODY_EXPANSION -> REPEATED_TEST_CLUSTER
1789430400000,2,3m,28961,28980,0.3292389074434219,0.375,INITIAL_CONTEXT -> RANGE_CHANGE -> BODY_CHANGE,INITIAL_BEARISH_BIAS -> RANGE_EXPANSION -> BODY_EXPANSION
1789430400000,2,5m,29368,29387,0.17815185455141852,0.33333333333333337,INITIAL_CONTEXT -> RANGE_CHANGE -> BODY_CHANGE,INITIAL_BEARISH_BIAS -> RANGE_COMPRESSION -> BODY_COMPRESSION
1789430400000,2,15m,29776,29795,0.18392371512340194,0.5,INITIAL_CONTEXT -> RANGE_CHANGE -> DIRECTION_CHANGE -> BODY_CHANGE -> LEVEL_INTERACTION -> REJECTION -> EXPANSION_AFTER_TEST -> REJECTION,INITIAL_BALANCED_BEHAVIOUR -> RANGE_COMPRESSION -> DIRECTION_CHANGE_IN_CHARACTER -> BODY_COMPRESSION -> LEVEL_INTERACTION_CLUSTER -> REJECTION_CLUSTER -> EXPANSION_AFTER_TEST -> REJECTION_CLUSTER
1789430400000,2,30m,29878,29897,0.20287465449202124,0.5625,INITIAL_CONTEXT -> RANGE_CHANGE -> DIRECTION_CHANGE -> BODY_CHANGE -> REJECTION -> EXPANSION_AFTER_TEST -> HOLD -> LEVEL_INTERACTION,INITIAL_BULLISH_BIAS -> RANGE_EXPANSION -> DIRECTIONAL_SHIFT -> BODY_EXPANSION -> REJECTION_CLUSTER -> EXPANSION_AFTER_TEST -> HOLD_CLUSTER -> LEVEL_INTERACTION_CLUSTER
1789430400000,2,1h,29929,29948,0.3468594729919121,0.6666666666666667,INITIAL_CONTEXT -> RANGE_CHANGE -> DIRECTION_CHANGE -> BODY_CHANGE -> DIRECTION_CHANGE -> REJECTION -> HOLD -> EXPANSION_AFTER_TEST -> HOLD,INITIAL_BALANCED_BEHAVIOUR -> RANGE_EXPANSION -> DIRECTIONAL_SHIFT -> BODY_EXPANSION -> COUNTERMOVE_AND_RENEWAL -> REJECTION_CLUSTER -> HOLD_CLUSTER -> EXPANSION_AFTER_TEST -> HOLD_CLUSTER
1789430400000,2,4h,9968,9987,0.3321261605948054,0.4444444444444444,INITIAL_CONTEXT -> RANGE_CHANGE -> DIRECTION_CHANGE -> BODY_CHANGE -> LEVEL_INTERACTION -> EXPANSION_AFTER_TEST -> PULLBACK -> EXPANSION_AFTER_TEST -> REJECTION,INITIAL_BEARISH_BIAS -> RANGE_EXPANSION -> DIRECTION_CHANGE_IN_CHARACTER -> BODY_EXPANSION -> LEVEL_INTERACTION_CLUSTER -> REPEATED_TEST_CLUSTER -> EXPANSION_AFTER_TEST -> PULLBACK_CLUSTER -> EXPANSION_AFTER_TEST -> REJECTION_CLUSTER
1789430400000,2,1d,2978,2997,0.5967280487858494,0.5714285714285714,INITIAL_CONTEXT -> BODY_CHANGE -> LEVEL_INTERACTION -> EXPANSION_AFTER_TEST -> REJECTION -> LEVEL_INTERACTION -> EXPANSION_AFTER_TEST,INITIAL_BALANCED_BEHAVIOUR -> BODY_COMPRESSION -> REPEATED_TEST_CLUSTER -> EXPANSION_AFTER_TEST -> REJECTION_CLUSTER -> REPEATED_TEST_CLUSTER -> EXPANSION_AFTER_TEST
1789171200000,3,1m,22601,22620,0.2707009700446635,0.75,INITIAL_CONTEXT -> RANGE_CHANGE -> DIRECTION_CHANGE -> BODY_CHANGE -> HOLD -> EXPANSION_AFTER_TEST,INITIAL_BEARISH_BIAS -> RANGE_COMPRESSION -> DIRECTIONAL_SHIFT -> BODY_COMPRESSION -> HOLD_CLUSTER -> EXPANSION_AFTER_TEST
1789171200000,3,3m,27521,27540,0.36787317284439297,0.375,INITIAL_CONTEXT -> RANGE_CHANGE -> DIRECTION_CHANGE,INITIAL_BALANCED_BEHAVIOUR -> RANGE_COMPRESSION -> DIRECTION_CHANGE_IN_CHARACTER -> COUNTERMOVE_AND_RENEWAL
1789171200000,3,5m,28504,28523,0.20586336118667958,0.7142857142857143,INITIAL_CONTEXT -> RANGE_CHANGE -> DIRECTION_CHANGE -> BODY_CHANGE -> REJECTION -> EXPANSION_AFTER_TEST -> HOLD,INITIAL_BALANCED_BEHAVIOUR -> RANGE_COMPRESSION -> DIRECTIONAL_SHIFT -> BODY_COMPRESSION -> REJECTION_CLUSTER -> EXPANSION_AFTER_TEST -> HOLD_CLUSTER
1789171200000,3,15m,29488,29507,0.42147979709838435,0.5,INITIAL_CONTEXT -> DIRECTION_CHANGE -> LEVEL_INTERACTION -> EXPANSION_AFTER_TEST -> LEVEL_INTERACTION,INITIAL_BALANCED_BEHAVIOUR -> DIRECTION_CHANGE_IN_CHARACTER -> REPEATED_TEST_CLUSTER -> EXPANSION_AFTER_TEST -> REPEATED_TEST_CLUSTER
1789171200000,3,30m,29734,29753,0.38229068878018,0.5,INITIAL_CONTEXT -> RANGE_CHANGE -> DIRECTION_CHANGE -> BODY_CHANGE -> HOLD -> EXPANSION_AFTER_TEST,INITIAL_BEARISH_BIAS -> RANGE_COMPRESSION -> DIRECTION_CHANGE_IN_CHARACTER -> BODY_COMPRESSION -> HOLD_CLUSTER -> EXPANSION_AFTER_TEST
1789171200000,3,1h,29857,29876,0.13867518752485528,0.375,INITIAL_CONTEXT -> DIRECTION_CHANGE -> BODY_CHANGE -> LEVEL_INTERACTION,INITIAL_BALANCED_BEHAVIOUR -> DIRECTIONAL_SHIFT -> BODY_COMPRESSION -> LEVEL_INTERACTION_CLUSTER
1789171200000,3,4h,9950,9969,0.28527474953890425,0.4,INITIAL_CONTEXT -> RANGE_CHANGE -> BODY_CHANGE -> LEVEL_INTERACTION -> EXPANSION_AFTER_TEST -> HOLD -> PULLBACK -> HOLD -> PULLBACK -> EXPANSION_AFTER_TEST,INITIAL_BALANCED_BEHAVIOUR -> RANGE_EXPANSION -> BODY_EXPANSION -> LEVEL_INTERACTION_CLUSTER -> EXPANSION_AFTER_TEST -> HOLD_CLUSTER -> PULLBACK_CLUSTER -> HOLD_CLUSTER -> PULLBACK_CLUSTER -> EXPANSION_AFTER_TEST
1789171200000,3,1d,2975,2994,0.3920704278793682,0.4285714285714286,INITIAL_CONTEXT -> DIRECTION_CHANGE -> HOLD -> EXPANSION_AFTER_TEST -> HOLD -> REJECTION -> EXPANSION_AFTER_TEST,INITIAL_BALANCED_BEHAVIOUR -> DIRECTIONAL_SHIFT -> HOLD_CLUSTER -> EXPANSION_AFTER_TEST -> HOLD_CLUSTER -> REJECTION_CLUSTER -> EXPANSION_AFTER_TEST
1789344000000,4,1m,25481,25500,0.4676931963974289,0.8,INITIAL_CONTEXT -> BODY_CHANGE -> REJECTION -> EXPANSION_AFTER_TEST,INITIAL_BALANCED_BEHAVIOUR -> BODY_EXPANSION -> REJECTION_CLUSTER -> EXPANSION_AFTER_TEST
1789344000000,4,3m,28481,28500,0.2675929903409873,0.6666666666666667,INITIAL_CONTEXT -> DIRECTION_CHANGE -> BODY_CHANGE -> HOLD -> LEVEL_INTERACTION -> EXPANSION_AFTER_TEST,INITIAL_BEARISH_BIAS -> DIRECTIONAL_SHIFT -> BODY_EXPANSION -> HOLD_CLUSTER -> REPEATED_TEST_CLUSTER -> EXPANSION_AFTER_TEST
1789344000000,4,5m,29080,29099,0.26861553296561047,0.6666666666666667,INITIAL_CONTEXT -> DIRECTION_CHANGE -> LEVEL_INTERACTION -> HOLD -> REJECTION,INITIAL_BEARISH_BIAS -> DIRECTIONAL_SHIFT -> LEVEL_INTERACTION_CLUSTER -> HOLD_CLUSTER -> REJECTION_CLUSTER
1789344000000,4,15m,29680,29699,0.20085057387714178,0.2857142857142857,INITIAL_CONTEXT -> RANGE_CHANGE -> DIRECTION_CHANGE -> BODY_CHANGE -> REJECTION -> EXPANSION_AFTER_TEST,INITIAL_BALANCED_BEHAVIOUR -> RANGE_EXPANSION -> DIRECTIONAL_SHIFT -> BODY_EXPANSION -> REJECTION_CLUSTER -> EXPANSION_AFTER_TEST
1789344000000,4,30m,29830,29849,0.153524332756637,0.5,INITIAL_CONTEXT -> RANGE_CHANGE -> DIRECTION_CHANGE -> REJECTION -> EXPANSION_AFTER_TEST -> LEVEL_INTERACTION -> EXPANSION_AFTER_TEST,INITIAL_BULLISH_BIAS -> RANGE_EXPANSION -> DIRECTIONAL_SHIFT -> REJECTION_CLUSTER -> EXPANSION_AFTER_TEST -> LEVEL_INTERACTION_CLUSTER -> EXPANSION_AFTER_TEST
1789344000000,4,1h,29905,29924,0.1191828884703605,0.6875,INITIAL_CONTEXT -> DIRECTION_CHANGE -> LEVEL_INTERACTION -> REJECTION -> LEVEL_INTERACTION -> EXPANSION_AFTER_TEST -> REJECTION,INITIAL_BALANCED_BEHAVIOUR -> DIRECTIONAL_SHIFT -> LEVEL_INTERACTION_CLUSTER -> REJECTION_CLUSTER -> REPEATED_TEST_CLUSTER -> EXPANSION_AFTER_TEST -> REJECTION_CLUSTER
1789344000000,4,4h,9962,9981,0.30559411944754167,0.5,INITIAL_CONTEXT -> RANGE_CHANGE -> BODY_CHANGE -> REJECTION -> EXPANSION_AFTER_TEST,INITIAL_BALANCED_BEHAVIOUR -> RANGE_COMPRESSION -> BODY_COMPRESSION -> REJECTION_CLUSTER -> EXPANSION_AFTER_TEST
1789344000000,4,1d,2977,2996,0.5691543989269499,0.6428571428571428,INITIAL_CONTEXT -> BODY_CHANGE -> HOLD -> LEVEL_INTERACTION -> EXPANSION_AFTER_TEST -> REJECTION -> PULLBACK,INITIAL_BALANCED_BEHAVIOUR -> BODY_COMPRESSION -> HOLD_CLUSTER -> REPEATED_TEST_CLUSTER -> EXPANSION_AFTER_TEST -> REJECTION_CLUSTER -> PULLBACK_CLUSTER
1788307200000,5,1m,8201,8220,0.16369431212914382,0.6,INITIAL_CONTEXT -> DIRECTION_CHANGE -> HOLD -> EXPANSION_AFTER_TEST,INITIAL_BALANCED_BEHAVIOUR -> DIRECTION_CHANGE_IN_CHARACTER -> HOLD_CLUSTER -> EXPANSION_AFTER_TEST
1788307200000,5,3m,22721,22740,0.5461326141464258,0.375,INITIAL_CONTEXT -> RANGE_CHANGE -> DIRECTION_CHANGE,INITIAL_BALANCED_BEHAVIOUR -> RANGE_EXPANSION -> COUNTERMOVE_AND_RENEWAL
1788307200000,5,5m,25624,25643,0.2870894399231241,0.6666666666666667,INITIAL_CONTEXT -> DIRECTION_CHANGE -> LEVEL_INTERACTION -> EXPANSION_AFTER_TEST,INITIAL_BALANCED_BEHAVIOUR -> DIRECTIONAL_SHIFT -> REPEATED_TEST_CLUSTER -> EXPANSION_AFTER_TEST
1788307200000,5,15m,28528,28547,0.3751377013716097,0.44999999999999996,INITIAL_CONTEXT -> RANGE_CHANGE -> HOLD -> REJECTION -> EXPANSION_AFTER_TEST -> REJECTION -> EXPANSION_AFTER_TEST -> REJECTION -> EXPANSION_AFTER_TEST -> PULLBACK,INITIAL_BALANCED_BEHAVIOUR -> RANGE_COMPRESSION -> HOLD_CLUSTER -> REJECTION_CLUSTER -> EXPANSION_AFTER_TEST -> REJECTION_CLUSTER -> EXPANSION_AFTER_TEST -> REJECTION_CLUSTER -> EXPANSION_AFTER_TEST -> PULLBACK_CLUSTER
1788307200000,5,30m,29254,29273,0.2459825611186587,0.41666666666666663,INITIAL_CONTEXT -> RANGE_CHANGE -> DIRECTION_CHANGE -> BODY_CHANGE -> LEVEL_INTERACTION -> EXPANSION_AFTER_TEST,INITIAL_BEARISH_BIAS -> RANGE_COMPRESSION -> DIRECTIONAL_SHIFT -> BODY_COMPRESSION -> REPEATED_TEST_CLUSTER -> EXPANSION_AFTER_TEST
1788307200000,5,1h,29617,29636,0.26213133464417104,0.625,INITIAL_CONTEXT -> RANGE_CHANGE -> BODY_CHANGE -> HOLD -> EXPANSION_AFTER_TEST -> LEVEL_INTERACTION -> EXPANSION_AFTER_TEST,INITIAL_BALANCED_BEHAVIOUR -> RANGE_EXPANSION -> BODY_COMPRESSION -> HOLD_CLUSTER -> EXPANSION_AFTER_TEST -> LEVEL_INTERACTION_CLUSTER -> EXPANSION_AFTER_TEST
1788307200000,5,4h,9890,9909,0.2131573013311826,0.4545454545454546,INITIAL_CONTEXT -> DIRECTION_CHANGE -> BODY_CHANGE -> REJECTION -> EXPANSION_AFTER_TEST -> HOLD -> LEVEL_INTERACTION -> REJECTION -> PULLBACK -> EXPANSION_AFTER_TEST -> LEVEL_INTERACTION,INITIAL_BULLISH_BIAS -> DIRECTION_CHANGE_IN_CHARACTER -> BODY_COMPRESSION -> REJECTION_CLUSTER -> EXPANSION_AFTER_TEST -> HOLD_CLUSTER -> REPEATED_TEST_CLUSTER -> REJECTION_CLUSTER -> PULLBACK_CLUSTER -> EXPANSION_AFTER_TEST -> LEVEL_INTERACTION_CLUSTER
1788307200000,5,1d,2965,2984,0.20328620878924697,0.5714285714285714,INITIAL_CONTEXT -> BODY_CHANGE -> LEVEL_INTERACTION -> HOLD -> REJECTION -> EXPANSION_AFTER_TEST -> PULLBACK,INITIAL_BULLISH_BIAS -> BODY_COMPRESSION -> LEVEL_INTERACTION_CLUSTER -> REPEATED_TEST_CLUSTER -> HOLD_CLUSTER -> REJECTION_CLUSTER -> EXPANSION_AFTER_TEST -> PULLBACK_CLUSTER
1789257600000,6,1m,24041,24060,0.07384256663391665,0.5,INITIAL_CONTEXT -> RANGE_CHANGE -> DIRECTION_CHANGE -> BODY_CHANGE,INITIAL_BULLISH_BIAS -> RANGE_EXPANSION -> DIRECTIONAL_SHIFT -> BODY_EXPANSION
1789257600000,6,3m,28001,28020,0.31465000221481304,0.875,INITIAL_CONTEXT -> BODY_CHANGE -> REJECTION -> EXPANSION_AFTER_TEST,INITIAL_BULLISH_BIAS -> BODY_EXPANSION -> REJECTION_CLUSTER -> EXPANSION_AFTER_TEST
1789257600000,6,5m,28792,28811,0.25787264366399104,0.5,INITIAL_CONTEXT -> RANGE_CHANGE -> BODY_CHANGE -> REJECTION,INITIAL_BALANCED_BEHAVIOUR -> RANGE_COMPRESSION -> BODY_COMPRESSION -> REJECTION_CLUSTER
1789257600000,6,15m,29584,29603,0.3859823851991847,0.3571428571428571,INITIAL_CONTEXT -> RANGE_CHANGE -> BODY_CHANGE -> DIRECTION_CHANGE -> LEVEL_INTERACTION -> EXPANSION_AFTER_TEST,INITIAL_BALANCED_BEHAVIOUR -> RANGE_COMPRESSION -> BODY_COMPRESSION -> COUNTERMOVE_AND_RENEWAL -> REPEATED_TEST_CLUSTER -> EXPANSION_AFTER_TEST
1789257600000,6,30m,29782,29801,0.21640991592526007,0.19999999999999996,INITIAL_CONTEXT -> DIRECTION_CHANGE,INITIAL_BEARISH_BIAS -> DIRECTION_CHANGE_IN_CHARACTER
1789257600000,6,1h,29881,29900,0.17949986770360193,0.5625,INITIAL_CONTEXT -> DIRECTION_CHANGE -> HOLD -> EXPANSION_AFTER_TEST -> LEVEL_INTERACTION -> REJECTION,INITIAL_BALANCED_BEHAVIOUR -> DIRECTIONAL_SHIFT -> HOLD_CLUSTER -> EXPANSION_AFTER_TEST -> LEVEL_INTERACTION_CLUSTER -> REJECTION_CLUSTER
1789257600000,6,4h,9956,9975,0.3581413361060391,0.33333333333333337,INITIAL_CONTEXT -> RANGE_CHANGE -> BODY_CHANGE -> DIRECTION_CHANGE -> HOLD -> EXPANSION_AFTER_TEST,INITIAL_BALANCED_BEHAVIOUR -> RANGE_EXPANSION -> BODY_EXPANSION -> COUNTERMOVE_AND_RENEWAL -> HOLD_CLUSTER -> EXPANSION_AFTER_TEST
1789257600000,6,1d,2976,2995,0.42550552494268085,0.41666666666666663,INITIAL_CONTEXT -> HOLD -> REJECTION,INITIAL_BALANCED_BEHAVIOUR -> HOLD_CLUSTER -> REJECTION_CLUSTER
1787875200000,7,1m,1001,1020,0.27255688262372213,0.30000000000000004,INITIAL_CONTEXT -> LEVEL_INTERACTION -> EXPANSION_AFTER_TEST -> LEVEL_INTERACTION,INITIAL_BALANCED_BEHAVIOUR -> REPEATED_TEST_CLUSTER -> EXPANSION_AFTER_TEST -> REPEATED_TEST_CLUSTER
1787875200000,7,3m,20321,20340,0.5413516614285762,0.8,INITIAL_CONTEXT -> RANGE_CHANGE -> BODY_CHANGE -> LEVEL_INTERACTION -> EXPANSION_AFTER_TEST,INITIAL_BALANCED_BEHAVIOUR -> RANGE_COMPRESSION -> BODY_COMPRESSION -> REPEATED_TEST_CLUSTER -> EXPANSION_AFTER_TEST
1787875200000,7,5m,24184,24203,0.2476607134847677,0.5833333333333333,INITIAL_CONTEXT -> BODY_CHANGE -> REJECTION -> EXPANSION_AFTER_TEST,INITIAL_BALANCED_BEHAVIOUR -> BODY_EXPANSION -> REJECTION_CLUSTER -> EXPANSION_AFTER_TEST
1787875200000,7,15m,28048,28067,0.30982316525722564,0.375,INITIAL_CONTEXT -> RANGE_CHANGE -> DIRECTION_CHANGE -> BODY_CHANGE -> REJECTION -> EXPANSION_AFTER_TEST -> HOLD -> REJECTION,INITIAL_BALANCED_BEHAVIOUR -> RANGE_COMPRESSION -> DIRECTION_CHANGE_IN_CHARACTER -> BODY_COMPRESSION -> REJECTION_CLUSTER -> EXPANSION_AFTER_TEST -> HOLD_CLUSTER -> REJECTION_CLUSTER
1787875200000,7,30m,29014,29033,0.21705093700627193,0.5,INITIAL_CONTEXT -> RANGE_CHANGE -> BODY_CHANGE -> LEVEL_INTERACTION -> EXPANSION_AFTER_TEST,INITIAL_BULLISH_BIAS -> RANGE_COMPRESSION -> BODY_COMPRESSION -> REPEATED_TEST_CLUSTER -> EXPANSION_AFTER_TEST
1787875200000,7,1h,29497,29516,0.2892686262886197,0.5,INITIAL_CONTEXT -> RANGE_CHANGE -> BODY_CHANGE -> LEVEL_INTERACTION -> EXPANSION_AFTER_TEST -> LEVEL_INTERACTION -> PULLBACK,INITIAL_BALANCED_BEHAVIOUR -> RANGE_COMPRESSION -> BODY_COMPRESSION -> REPEATED_TEST_CLUSTER -> EXPANSION_AFTER_TEST -> REPEATED_TEST_CLUSTER -> PULLBACK_CLUSTER
1787875200000,7,4h,9860,9879,0.24503715741147983,0.5714285714285714,INITIAL_CONTEXT -> DIRECTION_CHANGE -> REJECTION -> EXPANSION_AFTER_TEST -> HOLD -> EXPANSION_AFTER_TEST -> HOLD,INITIAL_BALANCED_BEHAVIOUR -> DIRECTIONAL_SHIFT -> REJECTION_CLUSTER -> EXPANSION_AFTER_TEST -> HOLD_CLUSTER -> EXPANSION_AFTER_TEST -> HOLD_CLUSTER
1787875200000,7,1d,2960,2979,0.08602476182589239,0.16666666666666663,INITIAL_CONTEXT -> RANGE_CHANGE -> DIRECTION_CHANGE -> BODY_CHANGE,INITIAL_BALANCED_BEHAVIOUR -> RANGE_EXPANSION -> DIRECTION_CHANGE_IN_CHARACTER -> BODY_EXPANSION
1788652800000,8,1m,13961,13980,0.33068514397524557,0.5,INITIAL_CONTEXT -> BODY_CHANGE -> LEVEL_INTERACTION -> HOLD,INITIAL_BALANCED_BEHAVIOUR -> BODY_EXPANSION -> REPEATED_TEST_CLUSTER -> HOLD_CLUSTER
1788652800000,8,3m,24641,24660,0.39170026912751515,0.8,INITIAL_CONTEXT -> RANGE_CHANGE -> BODY_CHANGE -> LEVEL_INTERACTION -> EXPANSION_AFTER_TEST,INITIAL_BALANCED_BEHAVIOUR -> RANGE_EXPANSION -> BODY_EXPANSION -> REPEATED_TEST_CLUSTER -> EXPANSION_AFTER_TEST
1788652800000,8,5m,26776,26795,0.26683376450896035,0.5,INITIAL_CONTEXT -> RANGE_CHANGE -> DIRECTION_CHANGE -> HOLD -> EXPANSION_AFTER_TEST -> HOLD,INITIAL_BEARISH_BIAS -> RANGE_EXPANSION -> DIRECTIONAL_SHIFT -> HOLD_CLUSTER -> EXPANSION_AFTER_TEST -> HOLD_CLUSTER
1788652800000,8,15m,28912,28931,0.48260944386139104,0.2857142857142857,INITIAL_CONTEXT -> BODY_CHANGE -> LEVEL_INTERACTION,INITIAL_BALANCED_BEHAVIOUR -> BODY_EXPANSION -> REPEATED_TEST_CLUSTER
1788652800000,8,30m,29446,29465,0.14324802298385553,0.4375,INITIAL_CONTEXT -> DIRECTION_CHANGE -> BODY_CHANGE -> REJECTION -> EXPANSION_AFTER_TEST -> LEVEL_INTERACTION -> PULLBACK -> REJECTION,INITIAL_BULLISH_BIAS -> DIRECTIONAL_SHIFT -> BODY_COMPRESSION -> REJECTION_CLUSTER -> EXPANSION_AFTER_TEST -> REPEATED_TEST_CLUSTER -> PULLBACK_CLUSTER -> REJECTION_CLUSTER
1788652800000,8,1h,29713,29732,0.28412800674437155,0.5625,INITIAL_CONTEXT -> RANGE_CHANGE -> BODY_CHANGE -> LEVEL_INTERACTION -> EXPANSION_AFTER_TEST,INITIAL_BALANCED_BEHAVIOUR -> RANGE_EXPANSION -> BODY_EXPANSION -> REPEATED_TEST_CLUSTER -> EXPANSION_AFTER_TEST
1788652800000,8,4h,9914,9933,0.18957780574732785,0.6428571428571428,INITIAL_CONTEXT -> RANGE_CHANGE -> DIRECTION_CHANGE -> HOLD -> EXPANSION_AFTER_TEST -> LEVEL_INTERACTION -> EXPANSION_AFTER_TEST,INITIAL_BALANCED_BEHAVIOUR -> RANGE_COMPRESSION -> COUNTERMOVE_AND_RENEWAL -> HOLD_CLUSTER -> EXPANSION_AFTER_TEST -> REPEATED_TEST_CLUSTER -> EXPANSION_AFTER_TEST
1788652800000,8,1d,2969,2988,0.10600503016593381,0.4,INITIAL_CONTEXT -> RANGE_CHANGE -> DIRECTION_CHANGE -> BODY_CHANGE -> REJECTION -> EXPANSION_AFTER_TEST -> REJECTION -> HOLD -> EXPANSION_AFTER_TEST -> HOLD,INITIAL_BULLISH_BIAS -> RANGE_COMPRESSION -> DIRECTION_CHANGE_IN_CHARACTER -> BODY_COMPRESSION -> REJECTION_CLUSTER -> EXPANSION_AFTER_TEST -> REJECTION_CLUSTER -> HOLD_CLUSTER -> EXPANSION_AFTER_TEST -> HOLD_CLUSTER
1788220800000,9,1m,6761,6780,0.3307777194298283,1.0,INITIAL_CONTEXT -> RANGE_CHANGE -> BODY_CHANGE -> REJECTION -> EXPANSION_AFTER_TEST,INITIAL_BALANCED_BEHAVIOUR -> RANGE_EXPANSION -> BODY_EXPANSION -> REJECTION_CLUSTER -> EXPANSION_AFTER_TEST
1788220800000,9,3m,22241,22260,0.31422218553887293,0.8,INITIAL_CONTEXT -> RANGE_CHANGE -> BODY_CHANGE -> LEVEL_INTERACTION -> EXPANSION_AFTER_TEST,INITIAL_BALANCED_BEHAVIOUR -> RANGE_COMPRESSION -> BODY_COMPRESSION -> REPEATED_TEST_CLUSTER -> EXPANSION_AFTER_TEST
1788220800000,9,5m,25336,25355,0.21840458047183106,0.6666666666666667,INITIAL_CONTEXT -> RANGE_CHANGE -> BODY_CHANGE -> LEVEL_INTERACTION -> EXPANSION_AFTER_TEST,INITIAL_BALANCED_BEHAVIOUR -> RANGE_COMPRESSION -> BODY_COMPRESSION -> REPEATED_TEST_CLUSTER -> EXPANSION_AFTER_TEST
1788220800000,9,15m,28432,28451,0.3317447471473288,0.4285714285714286,INITIAL_CONTEXT -> RANGE_CHANGE -> BODY_CHANGE -> HOLD -> PULLBACK -> LEVEL_INTERACTION -> EXPANSION_AFTER_TEST,INITIAL_BALANCED_BEHAVIOUR -> RANGE_COMPRESSION -> BODY_COMPRESSION -> HOLD_CLUSTER -> PULLBACK_CLUSTER -> REPEATED_TEST_CLUSTER -> EXPANSION_AFTER_TEST
1788220800000,9,30m,29206,29225,0.2660211266178863,0.5,INITIAL_CONTEXT -> RANGE_CHANGE -> DIRECTION_CHANGE -> BODY_CHANGE -> LEVEL_INTERACTION -> REJECTION,INITIAL_BALANCED_BEHAVIOUR -> RANGE_COMPRESSION -> DIRECTIONAL_SHIFT -> BODY_COMPRESSION -> REPEATED_TEST_CLUSTER -> REJECTION_CLUSTER
1788220800000,9,1h,29593,29612,0.3415619212573738,0.25,INITIAL_CONTEXT -> LEVEL_INTERACTION,INITIAL_BULLISH_BIAS -> REPEATED_TEST_CLUSTER
1788220800000,9,4h,9884,9903,0.17872522703623586,0.2857142857142857,INITIAL_CONTEXT -> RANGE_CHANGE -> DIRECTION_CHANGE -> BODY_CHANGE -> HOLD -> EXPANSION_AFTER_TEST -> HOLD,INITIAL_BALANCED_BEHAVIOUR -> RANGE_EXPANSION -> DIRECTION_CHANGE_IN_CHARACTER -> BODY_EXPANSION -> HOLD_CLUSTER -> EXPANSION_AFTER_TEST -> HOLD_CLUSTER
1788220800000,9,1d,2964,2983,0.20848785987243726,0.5,INITIAL_CONTEXT -> BODY_CHANGE -> LEVEL_INTERACTION -> EXPANSION_AFTER_TEST,INITIAL_BULLISH_BIAS -> BODY_COMPRESSION -> REPEATED_TEST_CLUSTER -> EXPANSION_AFTER_TEST
1788393600000,10,1m,9641,9660,0.1416112251521256,0.6,INITIAL_CONTEXT -> RANGE_CHANGE -> BODY_CHANGE,INITIAL_BULLISH_BIAS -> RANGE_EXPANSION -> BODY_EXPANSION
1788393600000,10,3m,23201,23220,0.36669856741272955,0.875,INITIAL_CONTEXT -> BODY_CHANGE -> REJECTION -> EXPANSION_AFTER_TEST,INITIAL_BULLISH_BIAS -> BODY_COMPRESSION -> REJECTION_CLUSTER -> EXPANSION_AFTER_TEST
1788393600000,10,5m,25912,25931,0.3020724094713203,0.75,INITIAL_CONTEXT -> DIRECTION_CHANGE -> BODY_CHANGE -> REJECTION -> EXPANSION_AFTER_TEST,INITIAL_BALANCED_BEHAVIOUR -> DIRECTIONAL_SHIFT -> BODY_COMPRESSION -> REJECTION_CLUSTER -> EXPANSION_AFTER_TEST
1788393600000,10,15m,28624,28643,0.3964548487211503,0.4285714285714286,INITIAL_CONTEXT -> BODY_CHANGE -> LEVEL_INTERACTION -> EXPANSION_AFTER_TEST,INITIAL_BALANCED_BEHAVIOUR -> BODY_EXPANSION -> REPEATED_TEST_CLUSTER -> EXPANSION_AFTER_TEST
1788393600000,10,30m,29302,29321,0.3275688323007966,0.5,INITIAL_CONTEXT -> RANGE_CHANGE -> BODY_CHANGE -> LEVEL_INTERACTION -> EXPANSION_AFTER_TEST,INITIAL_BALANCED_BEHAVIOUR -> RANGE_COMPRESSION -> BODY_COMPRESSION -> REPEATED_TEST_CLUSTER -> EXPANSION_AFTER_TEST
1788393600000,10,1h,29641,29660,0.25723224790723886,0.6875,INITIAL_CONTEXT -> RANGE_CHANGE -> BODY_CHANGE -> REJECTION -> LEVEL_INTERACTION -> EXPANSION_AFTER_TEST,INITIAL_BALANCED_BEHAVIOUR -> RANGE_COMPRESSION -> BODY_COMPRESSION -> REJECTION_CLUSTER -> REPEATED_TEST_CLUSTER -> EXPANSION_AFTER_TEST
1788393600000,10,4h,9896,9915,0.1779014186492267,0.5,INITIAL_CONTEXT -> DIRECTION_CHANGE -> BODY_CHANGE -> REJECTION -> EXPANSION_AFTER_TEST -> REJECTION -> LEVEL_INTERACTION -> REJECTION -> EXPANSION_AFTER_TEST -> REJECTION,INITIAL_BULLISH_BIAS -> DIRECTIONAL_SHIFT -> BODY_COMPRESSION -> REJECTION_CLUSTER -> EXPANSION_AFTER_TEST -> REJECTION_CLUSTER -> LEVEL_INTERACTION_CLUSTER -> REJECTION_CLUSTER -> EXPANSION_AFTER_TEST -> REJECTION_CLUSTER
1788393600000,10,1d,2966,2985,0.19970107877196952,0.40909090909090906,INITIAL_CONTEXT -> RANGE_CHANGE -> DIRECTION_CHANGE -> BODY_CHANGE -> LEVEL_INTERACTION -> EXPANSION_AFTER_TEST -> HOLD -> REJECTION -> EXPANSION_AFTER_TEST -> PULLBACK -> LEVEL_INTERACTION,INITIAL_BULLISH_BIAS -> RANGE_COMPRESSION -> DIRECTION_CHANGE_IN_CHARACTER -> BODY_COMPRESSION -> REPEATED_TEST_CLUSTER -> LEVEL_INTERACTION_CLUSTER -> EXPANSION_AFTER_TEST -> HOLD_CLUSTER -> REJECTION_CLUSTER -> EXPANSION_AFTER_TEST -> PULLBACK_CLUSTER -> REPEATED_TEST_CLUSTER
1788825600000,11,1m,16841,16860,0.16333379635810497,0.4,INITIAL_CONTEXT -> DIRECTION_CHANGE -> LEVEL_INTERACTION,INITIAL_BULLISH_BIAS -> DIRECTIONAL_SHIFT -> REPEATED_TEST_CLUSTER -> LEVEL_INTERACTION_CLUSTER
1788825600000,11,3m,25601,25620,0.4566430700342869,0.375,INITIAL_CONTEXT -> RANGE_CHANGE -> BODY_CHANGE -> REJECTION,INITIAL_BALANCED_BEHAVIOUR -> RANGE_COMPRESSION -> BODY_COMPRESSION -> REJECTION_CLUSTER
1788825600000,11,5m,27352,27371,0.24934489975514612,0.6428571428571428,INITIAL_CONTEXT -> RANGE_CHANGE -> BODY_CHANGE -> LEVEL_INTERACTION -> EXPANSION_AFTER_TEST -> HOLD -> EXPANSION_AFTER_TEST,INITIAL_BALANCED_BEHAVIOUR -> RANGE_COMPRESSION -> BODY_COMPRESSION -> REPEATED_TEST_CLUSTER -> EXPANSION_AFTER_TEST -> HOLD_CLUSTER -> EXPANSION_AFTER_TEST
1788825600000,11,15m,29104,29123,0.46672974696591524,0.5555555555555556,INITIAL_CONTEXT -> RANGE_CHANGE -> DIRECTION_CHANGE -> BODY_CHANGE -> REJECTION -> EXPANSION_AFTER_TEST -> HOLD -> EXPANSION_AFTER_TEST -> REJECTION,INITIAL_BULLISH_BIAS -> RANGE_EXPANSION -> DIRECTIONAL_SHIFT -> BODY_EXPANSION -> REJECTION_CLUSTER -> EXPANSION_AFTER_TEST -> HOLD_CLUSTER -> EXPANSION_AFTER_TEST -> REJECTION_CLUSTER
1788825600000,11,30m,29542,29561,0.28062410900815216,0.5833333333333333,INITIAL_CONTEXT -> RANGE_CHANGE -> BODY_CHANGE -> LEVEL_INTERACTION -> EXPANSION_AFTER_TEST -> REJECTION,INITIAL_BALANCED_BEHAVIOUR -> RANGE_COMPRESSION -> BODY_COMPRESSION -> REPEATED_TEST_CLUSTER -> EXPANSION_AFTER_TEST -> REJECTION_CLUSTER
1788825600000,11,1h,29761,29780,0.17316087846101272,0.625,INITIAL_CONTEXT -> DIRECTION_CHANGE -> BODY_CHANGE -> REJECTION -> HOLD -> EXPANSION_AFTER_TEST -> REJECTION -> HOLD,INITIAL_BALANCED_BEHAVIOUR -> DIRECTIONAL_SHIFT -> BODY_EXPANSION -> REJECTION_CLUSTER -> HOLD_CLUSTER -> EXPANSION_AFTER_TEST -> REJECTION_CLUSTER -> HOLD_CLUSTER
1788825600000,11,4h,9926,9945,0.2514022536492733,0.4285714285714286,INITIAL_CONTEXT -> RANGE_CHANGE -> DIRECTION_CHANGE -> BODY_CHANGE -> REJECTION -> EXPANSION_AFTER_TEST -> LEVEL_INTERACTION,INITIAL_BULLISH_BIAS -> RANGE_EXPANSION -> DIRECTIONAL_SHIFT -> BODY_EXPANSION -> REJECTION_CLUSTER -> EXPANSION_AFTER_TEST -> LEVEL_INTERACTION_CLUSTER -> REPEATED_TEST_CLUSTER
1788825600000,11,1d,2971,2990,0.10089542885153546,0.25,INITIAL_CONTEXT -> RANGE_CHANGE -> DIRECTION_CHANGE -> BODY_CHANGE -> REJECTION -> HOLD,INITIAL_BULLISH_BIAS -> RANGE_COMPRESSION -> DIRECTION_CHANGE_IN_CHARACTER -> BODY_COMPRESSION -> REJECTION_CLUSTER -> HOLD_CLUSTER
1789084800000,12,1m,21161,21180,0.44724639504617614,0.30000000000000004,INITIAL_CONTEXT -> DIRECTION_CHANGE,INITIAL_BEARISH_BIAS -> DIRECTION_CHANGE_IN_CHARACTER
1789084800000,12,3m,27041,27060,0.2877086863321178,0.5,INITIAL_CONTEXT -> RANGE_CHANGE -> DIRECTION_CHANGE -> BODY_CHANGE -> REJECTION -> EXPANSION_AFTER_TEST -> HOLD,INITIAL_BALANCED_BEHAVIOUR -> RANGE_COMPRESSION -> DIRECTIONAL_SHIFT -> BODY_COMPRESSION -> REJECTION_CLUSTER -> EXPANSION_AFTER_TEST -> HOLD_CLUSTER
1789084800000,12,5m,28216,28235,0.11335136104540797,0.6666666666666667,INITIAL_CONTEXT -> RANGE_CHANGE -> DIRECTION_CHANGE -> BODY_CHANGE -> LEVEL_INTERACTION -> EXPANSION_AFTER_TEST,INITIAL_BEARISH_BIAS -> RANGE_COMPRESSION -> DIRECTION_CHANGE_IN_CHARACTER -> BODY_COMPRESSION -> REPEATED_TEST_CLUSTER -> EXPANSION_AFTER_TEST
1789084800000,12,15m,29392,29411,0.27067356717325153,0.2857142857142857,INITIAL_CONTEXT -> RANGE_CHANGE -> DIRECTION_CHANGE -> BODY_CHANGE -> HOLD -> EXPANSION_AFTER_TEST,INITIAL_BALANCED_BEHAVIOUR -> RANGE_EXPANSION -> DIRECTION_CHANGE_IN_CHARACTER -> BODY_EXPANSION -> HOLD_CLUSTER -> EXPANSION_AFTER_TEST
1789084800000,12,30m,29686,29705,0.14006482340366666,0.44999999999999996,INITIAL_CONTEXT -> RANGE_CHANGE -> DIRECTION_CHANGE -> BODY_CHANGE -> LEVEL_INTERACTION -> EXPANSION_AFTER_TEST -> HOLD -> EXPANSION_AFTER_TEST -> REJECTION -> EXPANSION_AFTER_TEST,INITIAL_BULLISH_BIAS -> RANGE_COMPRESSION -> DIRECTIONAL_SHIFT -> BODY_COMPRESSION -> REPEATED_TEST_CLUSTER -> EXPANSION_AFTER_TEST -> HOLD_CLUSTER -> EXPANSION_AFTER_TEST -> REJECTION_CLUSTER -> EXPANSION_AFTER_TEST
1789084800000,12,1h,29833,29852,0.2723822311907241,0.6875,INITIAL_CONTEXT -> BODY_CHANGE -> REJECTION -> HOLD -> LEVEL_INTERACTION -> EXPANSION_AFTER_TEST -> LEVEL_INTERACTION,INITIAL_BEARISH_BIAS -> BODY_COMPRESSION -> REJECTION_CLUSTER -> HOLD_CLUSTER -> REPEATED_TEST_CLUSTER -> EXPANSION_AFTER_TEST -> LEVEL_INTERACTION_CLUSTER
1789084800000,12,4h,9944,9963,0.29524873184706074,0.40909090909090906,INITIAL_CONTEXT -> RANGE_CHANGE -> DIRECTION_CHANGE -> HOLD -> REJECTION -> EXPANSION_AFTER_TEST -> HOLD -> EXPANSION_AFTER_TEST -> HOLD -> EXPANSION_AFTER_TEST -> HOLD,INITIAL_BALANCED_BEHAVIOUR -> RANGE_EXPANSION -> DIRECTION_CHANGE_IN_CHARACTER -> HOLD_CLUSTER -> REJECTION_CLUSTER -> EXPANSION_AFTER_TEST -> HOLD_CLUSTER -> EXPANSION_AFTER_TEST -> HOLD_CLUSTER -> EXPANSION_AFTER_TEST -> HOLD_CLUSTER
1789084800000,12,1d,2974,2993,0.3063974751786523,0.5,INITIAL_CONTEXT -> DIRECTION_CHANGE -> HOLD -> EXPANSION_AFTER_TEST -> HOLD -> REJECTION,INITIAL_BALANCED_BEHAVIOUR -> DIRECTIONAL_SHIFT -> HOLD_CLUSTER -> EXPANSION_AFTER_TEST -> HOLD_CLUSTER -> REJECTION_CLUSTER
1788998400000,13,1m,19721,19740,0.28308316707384673,0.5,INITIAL_CONTEXT -> RANGE_CHANGE -> LEVEL_INTERACTION,INITIAL_BULLISH_BIAS -> RANGE_EXPANSION -> REPEATED_TEST_CLUSTER
1788998400000,13,3m,26561,26580,0.26897588717399284,0.6666666666666667,INITIAL_CONTEXT -> RANGE_CHANGE -> DIRECTION_CHANGE -> BODY_CHANGE -> LEVEL_INTERACTION -> EXPANSION_AFTER_TEST,INITIAL_BULLISH_BIAS -> RANGE_COMPRESSION -> DIRECTION_CHANGE_IN_CHARACTER -> BODY_COMPRESSION -> LEVEL_INTERACTION_CLUSTER -> EXPANSION_AFTER_TEST
1788998400000,13,5m,27928,27947,0.232218492239211,0.33333333333333337,INITIAL_CONTEXT -> RANGE_CHANGE -> BODY_CHANGE,INITIAL_BALANCED_BEHAVIOUR -> RANGE_COMPRESSION -> BODY_COMPRESSION
1788998400000,13,15m,29296,29315,0.3142847785823457,0.6428571428571428,INITIAL_CONTEXT -> BODY_CHANGE -> HOLD -> EXPANSION_AFTER_TEST -> REJECTION -> HOLD,INITIAL_BALANCED_BEHAVIOUR -> BODY_EXPANSION -> HOLD_CLUSTER -> EXPANSION_AFTER_TEST -> REJECTION_CLUSTER -> HOLD_CLUSTER
1788998400000,13,30m,29638,29657,0.2832042481389398,0.4,INITIAL_CONTEXT -> LEVEL_INTERACTION -> EXPANSION_AFTER_TEST -> PULLBACK,INITIAL_BALANCED_BEHAVIOUR -> REPEATED_TEST_CLUSTER -> EXPANSION_AFTER_TEST -> PULLBACK_CLUSTER
1788998400000,13,1h,29809,29828,0.13216315680942137,0.5,INITIAL_CONTEXT -> DIRECTION_CHANGE -> BODY_CHANGE -> REJECTION -> EXPANSION_AFTER_TEST -> REJECTION -> LEVEL_INTERACTION -> HOLD -> EXPANSION_AFTER_TEST,INITIAL_BALANCED_BEHAVIOUR -> DIRECTIONAL_SHIFT -> BODY_COMPRESSION -> REJECTION_CLUSTER -> EXPANSION_AFTER_TEST -> REJECTION_CLUSTER -> REPEATED_TEST_CLUSTER -> HOLD_CLUSTER -> EXPANSION_AFTER_TEST
1788998400000,13,4h,9938,9957,0.3096468011126533,0.5625,INITIAL_CONTEXT -> DIRECTION_CHANGE -> REJECTION -> EXPANSION_AFTER_TEST -> HOLD -> EXPANSION_AFTER_TEST -> REJECTION -> EXPANSION_AFTER_TEST,INITIAL_BEARISH_BIAS -> DIRECTION_CHANGE_IN_CHARACTER -> REJECTION_CLUSTER -> EXPANSION_AFTER_TEST -> HOLD_CLUSTER -> EXPANSION_AFTER_TEST -> REJECTION_CLUSTER -> EXPANSION_AFTER_TEST
1788998400000,13,1d,2973,2992,0.21728561952626577,0.25,INITIAL_CONTEXT -> RANGE_CHANGE -> DIRECTION_CHANGE -> BODY_CHANGE -> HOLD,INITIAL_BALANCED_BEHAVIOUR -> RANGE_COMPRESSION -> DIRECTIONAL_SHIFT -> BODY_COMPRESSION -> HOLD_CLUSTER
1788739200000,14,1m,15401,15420,0.23188164902218475,0.5,INITIAL_CONTEXT -> RANGE_CHANGE -> DIRECTION_CHANGE -> BODY_CHANGE -> HOLD,INITIAL_BALANCED_BEHAVIOUR -> RANGE_COMPRESSION -> DIRECTIONAL_SHIFT -> BODY_COMPRESSION -> HOLD_CLUSTER
1788739200000,14,3m,25121,25140,0.25748981793881753,0.5714285714285714,INITIAL_CONTEXT -> RANGE_CHANGE -> BODY_CHANGE -> LEVEL_INTERACTION -> EXPANSION_AFTER_TEST -> HOLD -> EXPANSION_AFTER_TEST,INITIAL_BULLISH_BIAS -> RANGE_EXPANSION -> BODY_EXPANSION -> LEVEL_INTERACTION_CLUSTER -> EXPANSION_AFTER_TEST -> HOLD_CLUSTER -> EXPANSION_AFTER_TEST
1788739200000,14,5m,27064,27083,0.1658312226425898,0.5,INITIAL_CONTEXT -> DIRECTION_CHANGE -> REJECTION -> EXPANSION_AFTER_TEST -> LEVEL_INTERACTION -> EXPANSION_AFTER_TEST,INITIAL_BULLISH_BIAS -> DIRECTION_CHANGE_IN_CHARACTER -> REJECTION_CLUSTER -> EXPANSION_AFTER_TEST -> REPEATED_TEST_CLUSTER -> EXPANSION_AFTER_TEST
1788739200000,14,15m,29008,29027,0.2329638193057487,0.3571428571428571,INITIAL_CONTEXT -> RANGE_CHANGE -> BODY_CHANGE -> REJECTION -> EXPANSION_AFTER_TEST -> REJECTION,INITIAL_BULLISH_BIAS -> RANGE_EXPANSION -> BODY_EXPANSION -> REJECTION_CLUSTER -> EXPANSION_AFTER_TEST -> REJECTION_CLUSTER
1788739200000,14,30m,29494,29513,0.2685406520210756,0.7,INITIAL_CONTEXT -> BODY_CHANGE -> HOLD -> EXPANSION_AFTER_TEST,INITIAL_BULLISH_BIAS -> BODY_EXPANSION -> HOLD_CLUSTER -> EXPANSION_AFTER_TEST
1788739200000,14,1h,29737,29756,0.48441620929242646,0.625,INITIAL_CONTEXT -> RANGE_CHANGE -> DIRECTION_CHANGE -> BODY_CHANGE -> LEVEL_INTERACTION -> EXPANSION_AFTER_TEST,INITIAL_BALANCED_BEHAVIOUR -> RANGE_EXPANSION -> DIRECTIONAL_SHIFT -> BODY_EXPANSION -> REPEATED_TEST_CLUSTER -> EXPANSION_AFTER_TEST
1788739200000,14,4h,9920,9939,0.23328685950603315,0.5555555555555556,INITIAL_CONTEXT -> DIRECTION_CHANGE -> REJECTION -> EXPANSION_AFTER_TEST -> LEVEL_INTERACTION -> EXPANSION_AFTER_TEST -> LEVEL_INTERACTION -> EXPANSION_AFTER_TEST -> LEVEL_INTERACTION,INITIAL_BALANCED_BEHAVIOUR -> DIRECTIONAL_SHIFT -> REJECTION_CLUSTER -> EXPANSION_AFTER_TEST -> LEVEL_INTERACTION_CLUSTER -> EXPANSION_AFTER_TEST -> LEVEL_INTERACTION_CLUSTER -> EXPANSION_AFTER_TEST -> REPEATED_TEST_CLUSTER
1788739200000,14,1d,2970,2989,0.09519862426830335,0.4,INITIAL_CONTEXT -> RANGE_CHANGE -> DIRECTION_CHANGE -> BODY_CHANGE -> REJECTION -> EXPANSION_AFTER_TEST -> REJECTION -> HOLD -> EXPANSION_AFTER_TEST -> HOLD,INITIAL_BULLISH_BIAS -> RANGE_COMPRESSION -> DIRECTION_CHANGE_IN_CHARACTER -> BODY_COMPRESSION -> REJECTION_CLUSTER -> EXPANSION_AFTER_TEST -> REJECTION_CLUSTER -> HOLD_CLUSTER -> EXPANSION_AFTER_TEST -> HOLD_CLUSTER
1788912000000,15,1m,18281,18300,0.24717368980018753,0.6428571428571428,INITIAL_CONTEXT -> RANGE_CHANGE -> DIRECTION_CHANGE -> BODY_CHANGE -> HOLD -> EXPANSION_AFTER_TEST -> HOLD,INITIAL_BALANCED_BEHAVIOUR -> RANGE_EXPANSION -> DIRECTIONAL_SHIFT -> BODY_EXPANSION -> HOLD_CLUSTER -> EXPANSION_AFTER_TEST -> HOLD_CLUSTER
1788912000000,15,3m,26081,26100,0.29002052204658146,0.6666666666666667,INITIAL_CONTEXT -> RANGE_CHANGE -> DIRECTION_CHANGE -> BODY_CHANGE -> LEVEL_INTERACTION -> EXPANSION_AFTER_TEST,INITIAL_BALANCED_BEHAVIOUR -> RANGE_COMPRESSION -> DIRECTIONAL_SHIFT -> BODY_COMPRESSION -> REPEATED_TEST_CLUSTER -> EXPANSION_AFTER_TEST
1788912000000,15,5m,27640,27659,0.32645741630218517,0.5,INITIAL_CONTEXT -> RANGE_CHANGE -> BODY_CHANGE -> DIRECTION_CHANGE -> LEVEL_INTERACTION -> EXPANSION_AFTER_TEST,INITIAL_BALANCED_BEHAVIOUR -> RANGE_COMPRESSION -> BODY_COMPRESSION -> COUNTERMOVE_AND_RENEWAL -> REPEATED_TEST_CLUSTER -> EXPANSION_AFTER_TEST
1788912000000,15,15m,29200,29219,0.22478609876448355,0.2857142857142857,INITIAL_CONTEXT -> RANGE_CHANGE -> DIRECTION_CHANGE -> BODY_CHANGE -> REJECTION -> EXPANSION_AFTER_TEST,INITIAL_BALANCED_BEHAVIOUR -> RANGE_COMPRESSION -> DIRECTIONAL_SHIFT -> BODY_COMPRESSION -> REJECTION_CLUSTER -> EXPANSION_AFTER_TEST
1788912000000,15,30m,29590,29609,0.20926240308001554,0.5,INITIAL_CONTEXT -> RANGE_CHANGE -> BODY_CHANGE -> REJECTION -> EXPANSION_AFTER_TEST,INITIAL_BALANCED_BEHAVIOUR -> RANGE_COMPRESSION -> BODY_COMPRESSION -> REJECTION_CLUSTER -> EXPANSION_AFTER_TEST
1788912000000,15,1h,29785,29804,0.16989735101351083,0.625,INITIAL_CONTEXT -> DIRECTION_CHANGE -> HOLD -> REJECTION -> EXPANSION_AFTER_TEST -> REJECTION,INITIAL_BEARISH_BIAS -> DIRECTION_CHANGE_IN_CHARACTER -> HOLD_CLUSTER -> REJECTION_CLUSTER -> EXPANSION_AFTER_TEST -> REJECTION_CLUSTER
1788912000000,15,4h,9932,9951,0.3072861294216124,0.5625,INITIAL_CONTEXT -> DIRECTION_CHANGE -> BODY_CHANGE -> REJECTION -> EXPANSION_AFTER_TEST -> HOLD -> REJECTION -> EXPANSION_AFTER_TEST,INITIAL_BALANCED_BEHAVIOUR -> DIRECTIONAL_SHIFT -> BODY_COMPRESSION -> REJECTION_CLUSTER -> EXPANSION_AFTER_TEST -> HOLD_CLUSTER -> REJECTION_CLUSTER -> EXPANSION_AFTER_TEST
1788912000000,15,1d,2972,2991,0.1766400343357585,0.25,INITIAL_CONTEXT -> RANGE_CHANGE -> DIRECTION_CHANGE -> BODY_CHANGE -> REJECTION -> HOLD,INITIAL_BULLISH_BIAS -> RANGE_COMPRESSION -> DIRECTIONAL_SHIFT -> BODY_COMPRESSION -> REJECTION_CLUSTER -> HOLD_CLUSTER
1788566400000,16,1m,12521,12540,0.22134729433580771,0.75,INITIAL_CONTEXT -> RANGE_CHANGE -> DIRECTION_CHANGE -> BODY_CHANGE -> HOLD -> EXPANSION_AFTER_TEST,INITIAL_BULLISH_BIAS -> RANGE_EXPANSION -> DIRECTIONAL_SHIFT -> BODY_EXPANSION -> HOLD_CLUSTER -> EXPANSION_AFTER_TEST
1788566400000,16,3m,24161,24180,0.4449578370229258,0.8,INITIAL_CONTEXT -> RANGE_CHANGE -> BODY_CHANGE -> LEVEL_INTERACTION -> EXPANSION_AFTER_TEST,INITIAL_BALANCED_BEHAVIOUR -> RANGE_COMPRESSION -> BODY_COMPRESSION -> REPEATED_TEST_CLUSTER -> EXPANSION_AFTER_TEST
1788566400000,16,5m,26488,26507,0.32183112680484766,0.6666666666666667,INITIAL_CONTEXT -> BODY_CHANGE -> LEVEL_INTERACTION -> EXPANSION_AFTER_TEST,INITIAL_BALANCED_BEHAVIOUR -> BODY_EXPANSION -> REPEATED_TEST_CLUSTER -> EXPANSION_AFTER_TEST
1788566400000,16,15m,28816,28835,0.3038103680978842,0.3571428571428571,INITIAL_CONTEXT -> RANGE_CHANGE -> LEVEL_INTERACTION -> EXPANSION_AFTER_TEST,INITIAL_BALANCED_BEHAVIOUR -> RANGE_COMPRESSION -> REPEATED_TEST_CLUSTER -> EXPANSION_AFTER_TEST
1788566400000,16,30m,29398,29417,0.20580518734906625,0.6,INITIAL_CONTEXT -> RANGE_CHANGE -> BODY_CHANGE -> REJECTION -> HOLD,INITIAL_BALANCED_BEHAVIOUR -> RANGE_COMPRESSION -> BODY_COMPRESSION -> REJECTION_CLUSTER -> HOLD_CLUSTER
1788566400000,16,1h,29689,29708,0.10187518049490682,0.5,INITIAL_CONTEXT -> RANGE_CHANGE -> DIRECTION_CHANGE -> BODY_CHANGE -> HOLD,INITIAL_BALANCED_BEHAVIOUR -> RANGE_COMPRESSION -> DIRECTIONAL_SHIFT -> BODY_COMPRESSION -> HOLD_CLUSTER
1788566400000,16,4h,9908,9927,0.1876045328916371,0.5,INITIAL_CONTEXT -> BODY_CHANGE -> DIRECTION_CHANGE -> REJECTION -> EXPANSION_AFTER_TEST -> LEVEL_INTERACTION,INITIAL_BALANCED_BEHAVIOUR -> BODY_EXPANSION -> COUNTERMOVE_AND_RENEWAL -> REJECTION_CLUSTER -> EXPANSION_AFTER_TEST -> LEVEL_INTERACTION_CLUSTER
1788566400000,16,1d,2968,2987,0.1325041529819721,0.55,INITIAL_CONTEXT -> RANGE_CHANGE -> DIRECTION_CHANGE -> BODY_CHANGE -> LEVEL_INTERACTION -> EXPANSION_AFTER_TEST -> REJECTION -> LEVEL_INTERACTION -> EXPANSION_AFTER_TEST -> HOLD,INITIAL_BULLISH_BIAS -> RANGE_COMPRESSION -> DIRECTION_CHANGE_IN_CHARACTER -> BODY_COMPRESSION -> REPEATED_TEST_CLUSTER -> EXPANSION_AFTER_TEST -> REJECTION_CLUSTER -> REPEATED_TEST_CLUSTER -> EXPANSION_AFTER_TEST -> HOLD_CLUSTER
1788480000000,17,1m,11081,11100,0.2834459278309335,1.0,INITIAL_CONTEXT -> RANGE_CHANGE -> BODY_CHANGE -> REJECTION -> EXPANSION_AFTER_TEST,INITIAL_BALANCED_BEHAVIOUR -> RANGE_COMPRESSION -> BODY_COMPRESSION -> REJECTION_CLUSTER -> EXPANSION_AFTER_TEST
1788480000000,17,3m,23681,23700,0.3650646394707925,0.5,INITIAL_CONTEXT -> RANGE_CHANGE -> BODY_CHANGE -> LEVEL_INTERACTION,INITIAL_BALANCED_BEHAVIOUR -> RANGE_EXPANSION -> BODY_EXPANSION -> LEVEL_INTERACTION_CLUSTER
1788480000000,17,5m,26200,26219,0.21604211189190453,0.33333333333333337,INITIAL_CONTEXT -> REJECTION -> EXPANSION_AFTER_TEST -> HOLD -> EXPANSION_AFTER_TEST,INITIAL_BALANCED_BEHAVIOUR -> REJECTION_CLUSTER -> EXPANSION_AFTER_TEST -> HOLD_CLUSTER -> EXPANSION_AFTER_TEST
1788480000000,17,15m,28720,28739,0.3305547618020006,0.2142857142857143,INITIAL_CONTEXT -> REJECTION,INITIAL_BALANCED_BEHAVIOUR -> REJECTION_CLUSTER
1788480000000,17,30m,29350,29369,0.23490576692012646,0.5714285714285714,INITIAL_CONTEXT -> RANGE_CHANGE -> DIRECTION_CHANGE -> BODY_CHANGE -> REJECTION -> EXPANSION_AFTER_TEST -> REJECTION,INITIAL_BULLISH_BIAS -> RANGE_COMPRESSION -> DIRECTION_CHANGE_IN_CHARACTER -> BODY_COMPRESSION -> REJECTION_CLUSTER -> EXPANSION_AFTER_TEST -> REJECTION_CLUSTER
1788480000000,17,1h,29665,29684,0.13647777623165214,0.3125,INITIAL_CONTEXT -> RANGE_CHANGE -> BODY_CHANGE,INITIAL_BULLISH_BIAS -> RANGE_EXPANSION -> BODY_EXPANSION
1788480000000,17,4h,9902,9921,0.20725943027470925,0.3571428571428571,INITIAL_CONTEXT -> RANGE_CHANGE -> DIRECTION_CHANGE -> BODY_CHANGE -> HOLD -> REJECTION -> EXPANSION_AFTER_TEST,INITIAL_BALANCED_BEHAVIOUR -> RANGE_EXPANSION -> DIRECTIONAL_SHIFT -> BODY_EXPANSION -> HOLD_CLUSTER -> REJECTION_CLUSTER -> EXPANSION_AFTER_TEST
1788480000000,17,1d,2967,2986,0.1438575261924795,0.41666666666666663,INITIAL_CONTEXT -> RANGE_CHANGE -> DIRECTION_CHANGE -> BODY_CHANGE -> LEVEL_INTERACTION -> EXPANSION_AFTER_TEST -> HOLD -> REJECTION -> EXPANSION_AFTER_TEST -> PULLBACK -> REJECTION -> EXPANSION_AFTER_TEST,INITIAL_BULLISH_BIAS -> RANGE_COMPRESSION -> DIRECTION_CHANGE_IN_CHARACTER -> BODY_COMPRESSION -> REPEATED_TEST_CLUSTER -> LEVEL_INTERACTION_CLUSTER -> EXPANSION_AFTER_TEST -> HOLD_CLUSTER -> REJECTION_CLUSTER -> EXPANSION_AFTER_TEST -> PULLBACK_CLUSTER -> REJECTION_CLUSTER -> EXPANSION_AFTER_TEST
1787961600000,18,1m,2441,2460,0.3065537900170996,0.6428571428571428,INITIAL_CONTEXT -> RANGE_CHANGE -> DIRECTION_CHANGE -> BODY_CHANGE -> DIRECTION_CHANGE -> LEVEL_INTERACTION -> EXPANSION_AFTER_TEST,INITIAL_BALANCED_BEHAVIOUR -> RANGE_EXPANSION -> DIRECTIONAL_SHIFT -> BODY_EXPANSION -> COUNTERMOVE_AND_RENEWAL -> LEVEL_INTERACTION_CLUSTER -> EXPANSION_AFTER_TEST
1787961600000,18,3m,20801,20820,0.29420296894099385,0.5,INITIAL_CONTEXT -> RANGE_CHANGE -> DIRECTION_CHANGE -> BODY_CHANGE -> HOLD -> EXPANSION_AFTER_TEST,INITIAL_BALANCED_BEHAVIOUR -> RANGE_COMPRESSION -> DIRECTIONAL_SHIFT -> BODY_COMPRESSION -> HOLD_CLUSTER -> EXPANSION_AFTER_TEST
1787961600000,18,5m,24472,24491,0.11503032326676017,0.5,INITIAL_CONTEXT -> RANGE_CHANGE -> DIRECTION_CHANGE -> BODY_CHANGE -> REJECTION -> LEVEL_INTERACTION,INITIAL_BULLISH_BIAS -> RANGE_COMPRESSION -> DIRECTION_CHANGE_IN_CHARACTER -> BODY_COMPRESSION -> REJECTION_CLUSTER -> REPEATED_TEST_CLUSTER
1787961600000,18,15m,28144,28163,0.21857288758274204,0.5625,INITIAL_CONTEXT -> BODY_CHANGE -> REJECTION -> EXPANSION_AFTER_TEST -> LEVEL_INTERACTION -> REJECTION -> PULLBACK -> HOLD,INITIAL_BALANCED_BEHAVIOUR -> BODY_EXPANSION -> REJECTION_CLUSTER -> EXPANSION_AFTER_TEST -> LEVEL_INTERACTION_CLUSTER -> REJECTION_CLUSTER -> PULLBACK_CLUSTER -> HOLD_CLUSTER
1787961600000,18,30m,29062,29081,0.2763813658899777,0.4,INITIAL_CONTEXT -> RANGE_CHANGE -> BODY_CHANGE,INITIAL_BALANCED_BEHAVIOUR -> RANGE_COMPRESSION -> BODY_COMPRESSION
1787961600000,18,1h,29521,29540,0.2919747151440458,0.4375,INITIAL_CONTEXT -> RANGE_CHANGE -> BODY_CHANGE -> HOLD,INITIAL_BALANCED_BEHAVIOUR -> RANGE_EXPANSION -> BODY_EXPANSION -> HOLD_CLUSTER
1787961600000,18,4h,9866,9885,0.24908753362545505,0.4285714285714286,INITIAL_CONTEXT -> RANGE_CHANGE -> LEVEL_INTERACTION -> HOLD -> REJECTION -> EXPANSION_AFTER_TEST -> REJECTION,INITIAL_BALANCED_BEHAVIOUR -> RANGE_EXPANSION -> REPEATED_TEST_CLUSTER -> HOLD_CLUSTER -> REJECTION_CLUSTER -> EXPANSION_AFTER_TEST -> REJECTION_CLUSTER
1787961600000,18,1d,2961,2980,0.09702037939686864,0.16666666666666663,INITIAL_CONTEXT -> RANGE_CHANGE -> DIRECTION_CHANGE -> BODY_CHANGE,INITIAL_BALANCED_BEHAVIOUR -> RANGE_EXPANSION -> DIRECTION_CHANGE_IN_CHARACTER -> BODY_EXPANSION
1788048000000,19,1m,3881,3900,0.18269607698217064,0.5,INITIAL_CONTEXT -> DIRECTION_CHANGE -> BODY_CHANGE -> HOLD -> EXPANSION_AFTER_TEST -> HOLD -> EXPANSION_AFTER_TEST,INITIAL_BULLISH_BIAS -> DIRECTIONAL_SHIFT -> BODY_COMPRESSION -> HOLD_CLUSTER -> EXPANSION_AFTER_TEST -> HOLD_CLUSTER -> EXPANSION_AFTER_TEST
1788048000000,19,3m,21281,21300,0.19927516935949877,0.625,INITIAL_CONTEXT -> DIRECTION_CHANGE -> HOLD -> EXPANSION_AFTER_TEST,INITIAL_BULLISH_BIAS -> DIRECTION_CHANGE_IN_CHARACTER -> COUNTERMOVE_AND_RENEWAL -> HOLD_CLUSTER -> EXPANSION_AFTER_TEST
1788048000000,19,5m,24760,24779,0.12325872685439182,0.5,INITIAL_CONTEXT -> RANGE_CHANGE -> DIRECTION_CHANGE -> BODY_CHANGE -> HOLD -> EXPANSION_AFTER_TEST,INITIAL_BULLISH_BIAS -> RANGE_EXPANSION -> DIRECTIONAL_SHIFT -> BODY_EXPANSION -> HOLD_CLUSTER -> EXPANSION_AFTER_TEST
1788048000000,19,15m,28240,28259,0.27584993979581307,0.3571428571428571,INITIAL_CONTEXT -> RANGE_CHANGE -> DIRECTION_CHANGE -> BODY_CHANGE -> LEVEL_INTERACTION -> EXPANSION_AFTER_TEST,INITIAL_BALANCED_BEHAVIOUR -> RANGE_COMPRESSION -> DIRECTIONAL_SHIFT -> BODY_COMPRESSION -> REPEATED_TEST_CLUSTER -> EXPANSION_AFTER_TEST
1788048000000,19,30m,29110,29129,0.4105179048043493,0.625,INITIAL_CONTEXT -> RANGE_CHANGE -> BODY_CHANGE -> HOLD -> LEVEL_INTERACTION -> EXPANSION_AFTER_TEST -> HOLD -> EXPANSION_AFTER_TEST,INITIAL_BALANCED_BEHAVIOUR -> RANGE_COMPRESSION -> BODY_COMPRESSION -> HOLD_CLUSTER -> REPEATED_TEST_CLUSTER -> EXPANSION_AFTER_TEST -> HOLD_CLUSTER -> EXPANSION_AFTER_TEST
1788048000000,19,1h,29545,29564,0.1834175290388339,0.375,INITIAL_CONTEXT -> RANGE_CHANGE -> BODY_CHANGE -> PULLBACK,INITIAL_BALANCED_BEHAVIOUR -> RANGE_EXPANSION -> BODY_EXPANSION -> PULLBACK_CLUSTER
1788048000000,19,4h,9872,9891,0.21958827451474366,0.6428571428571428,INITIAL_CONTEXT -> RANGE_CHANGE -> BODY_CHANGE -> REJECTION -> EXPANSION_AFTER_TEST -> REJECTION -> EXPANSION_AFTER_TEST,INITIAL_BULLISH_BIAS -> RANGE_COMPRESSION -> BODY_COMPRESSION -> REJECTION_CLUSTER -> EXPANSION_AFTER_TEST -> REJECTION_CLUSTER -> EXPANSION_AFTER_TEST
1788048000000,19,1d,2962,2981,0.15661080325551555,0.16666666666666663,INITIAL_CONTEXT -> RANGE_CHANGE -> BODY_CHANGE,INITIAL_BALANCED_BEHAVIOUR -> RANGE_EXPANSION -> BODY_EXPANSION
1788134400000,20,1m,5321,5340,0.3441106250967586,0.5714285714285714,INITIAL_CONTEXT -> RANGE_CHANGE -> DIRECTION_CHANGE -> HOLD -> LEVEL_INTERACTION -> EXPANSION_AFTER_TEST -> HOLD,INITIAL_BALANCED_BEHAVIOUR -> RANGE_COMPRESSION -> DIRECTION_CHANGE_IN_CHARACTER -> HOLD_CLUSTER -> REPEATED_TEST_CLUSTER -> EXPANSION_AFTER_TEST -> HOLD_CLUSTER
1788134400000,20,3m,21761,21780,0.14639847779458406,0.375,INITIAL_CONTEXT -> RANGE_CHANGE -> DIRECTION_CHANGE -> REJECTION,INITIAL_BEARISH_BIAS -> RANGE_EXPANSION -> DIRECTION_CHANGE_IN_CHARACTER -> REJECTION_CLUSTER
1788134400000,20,5m,25048,25067,0.09015868138609384,0.33333333333333337,INITIAL_CONTEXT -> RANGE_CHANGE -> BODY_CHANGE,INITIAL_BEARISH_BIAS -> RANGE_EXPANSION -> BODY_EXPANSION
1788134400000,20,15m,28336,28355,0.30368901338214366,0.3571428571428571,INITIAL_CONTEXT -> RANGE_CHANGE -> BODY_CHANGE -> REJECTION -> EXPANSION_AFTER_TEST -> REJECTION,INITIAL_BALANCED_BEHAVIOUR -> RANGE_EXPANSION -> BODY_EXPANSION -> REJECTION_CLUSTER -> EXPANSION_AFTER_TEST -> REJECTION_CLUSTER
1788134400000,20,30m,29158,29177,0.18781273470520574,0.6,INITIAL_CONTEXT -> RANGE_CHANGE -> DIRECTION_CHANGE -> HOLD -> EXPANSION_AFTER_TEST,INITIAL_BULLISH_BIAS -> RANGE_EXPANSION -> DIRECTIONAL_SHIFT -> HOLD_CLUSTER -> EXPANSION_AFTER_TEST
1788134400000,20,1h,29569,29588,0.11706749619959135,0.6666666666666667,INITIAL_CONTEXT -> RANGE_CHANGE -> DIRECTION_CHANGE -> BODY_CHANGE -> REJECTION -> EXPANSION_AFTER_TEST -> LEVEL_INTERACTION -> EXPANSION_AFTER_TEST -> LEVEL_INTERACTION,INITIAL_BULLISH_BIAS -> RANGE_EXPANSION -> DIRECTIONAL_SHIFT -> BODY_EXPANSION -> REJECTION_CLUSTER -> EXPANSION_AFTER_TEST -> REPEATED_TEST_CLUSTER -> EXPANSION_AFTER_TEST -> REPEATED_TEST_CLUSTER
1788134400000,20,4h,9878,9897,0.3142227530089571,0.6,INITIAL_CONTEXT -> LEVEL_INTERACTION -> EXPANSION_AFTER_TEST,INITIAL_BALANCED_BEHAVIOUR -> REPEATED_TEST_CLUSTER -> EXPANSION_AFTER_TEST
1788134400000,20,1d,2963,2982,0.17993874747519428,0.16666666666666663,INITIAL_CONTEXT -> RANGE_CHANGE,INITIAL_BULLISH_BIAS -> RANGE_EXPANSION
