timeframe,transition_from,transition_to,occurrences,stories_with_transition,story_count,story_presence_pct,transition_label,source_set
1m,INITIAL_BALANCED_BEHAVIOUR,RANGE_EXPANSION,21,21,25,84.0,INITIAL_BALANCED_BEHAVIOUR -> RANGE_EXPANSION,top_historical_matches
1m,RANGE_EXPANSION,BODY_EXPANSION,20,20,25,80.0,RANGE_EXPANSION -> BODY_EXPANSION,top_historical_matches
1m,BODY_EXPANSION,REJECTION_CLUSTER,8,8,25,32.0,BODY_EXPANSION -> REJECTION_CLUSTER,top_historical_matches
1m,REJECTION_CLUSTER,EXPANSION_AFTER_TEST,9,9,25,36.0,REJECTION_CLUSTER -> EXPANSION_AFTER_TEST,top_historical_matches
1m,BODY_EXPANSION,REPEATED_TEST_CLUSTER,6,6,25,24.0,BODY_EXPANSION -> REPEATED_TEST_CLUSTER,top_historical_matches
1m,REPEATED_TEST_CLUSTER,EXPANSION_AFTER_TEST,6,6,25,24.0,REPEATED_TEST_CLUSTER -> EXPANSION_AFTER_TEST,top_historical_matches
1m,BODY_EXPANSION,HOLD_CLUSTER,5,5,25,20.0,BODY_EXPANSION -> HOLD_CLUSTER,top_historical_matches
1m,HOLD_CLUSTER,EXPANSION_AFTER_TEST,8,8,25,32.0,HOLD_CLUSTER -> EXPANSION_AFTER_TEST,top_historical_matches
1m,INITIAL_BALANCED_BEHAVIOUR,DIRECTIONAL_SHIFT,2,2,25,8.0,INITIAL_BALANCED_BEHAVIOUR -> DIRECTIONAL_SHIFT,top_historical_matches
1m,DIRECTIONAL_SHIFT,BODY_EXPANSION,2,2,25,8.0,DIRECTIONAL_SHIFT -> BODY_EXPANSION,top_historical_matches
1m,EXPANSION_AFTER_TEST,PULLBACK_CLUSTER,1,1,25,4.0,EXPANSION_AFTER_TEST -> PULLBACK_CLUSTER,top_historical_matches
1m,BODY_EXPANSION,LEVEL_INTERACTION_CLUSTER,2,2,25,8.0,BODY_EXPANSION -> LEVEL_INTERACTION_CLUSTER,top_historical_matches
1m,LEVEL_INTERACTION_CLUSTER,EXPANSION_AFTER_TEST,2,2,25,8.0,LEVEL_INTERACTION_CLUSTER -> EXPANSION_AFTER_TEST,top_historical_matches
1m,EXPANSION_AFTER_TEST,REJECTION_CLUSTER,1,1,25,4.0,EXPANSION_AFTER_TEST -> REJECTION_CLUSTER,top_historical_matches
1m,BODY_EXPANSION,COUNTERMOVE_AND_RENEWAL,4,4,25,16.0,BODY_EXPANSION -> COUNTERMOVE_AND_RENEWAL,top_historical_matches
1m,COUNTERMOVE_AND_RENEWAL,HOLD_CLUSTER,4,4,25,16.0,COUNTERMOVE_AND_RENEWAL -> HOLD_CLUSTER,top_historical_matches
1m,INITIAL_BALANCED_BEHAVIOUR,BODY_EXPANSION,2,2,25,8.0,INITIAL_BALANCED_BEHAVIOUR -> BODY_EXPANSION,top_historical_matches
1m,EXPANSION_AFTER_TEST,HOLD_CLUSTER,2,2,25,8.0,EXPANSION_AFTER_TEST -> HOLD_CLUSTER,top_historical_matches
1m,RANGE_EXPANSION,DIRECTION_CHANGE_IN_CHARACTER,1,1,25,4.0,RANGE_EXPANSION -> DIRECTION_CHANGE_IN_CHARACTER,top_historical_matches
1m,DIRECTION_CHANGE_IN_CHARACTER,BODY_EXPANSION,1,1,25,4.0,DIRECTION_CHANGE_IN_CHARACTER -> BODY_EXPANSION,top_historical_matches
1m,HOLD_CLUSTER,PULLBACK_CLUSTER,1,1,25,4.0,HOLD_CLUSTER -> PULLBACK_CLUSTER,top_historical_matches
3m,INITIAL_BALANCED_BEHAVIOUR,BODY_COMPRESSION,14,14,25,56.0,INITIAL_BALANCED_BEHAVIOUR -> BODY_COMPRESSION,top_historical_matches
3m,BODY_COMPRESSION,REPEATED_TEST_CLUSTER,10,10,25,40.0,BODY_COMPRESSION -> REPEATED_TEST_CLUSTER,top_historical_matches
3m,REPEATED_TEST_CLUSTER,EXPANSION_AFTER_TEST,15,15,25,60.0,REPEATED_TEST_CLUSTER -> EXPANSION_AFTER_TEST,top_historical_matches
3m,INITIAL_BALANCED_BEHAVIOUR,RANGE_COMPRESSION,6,6,25,24.0,INITIAL_BALANCED_BEHAVIOUR -> RANGE_COMPRESSION,top_historical_matches
3m,RANGE_COMPRESSION,REPEATED_TEST_CLUSTER,1,1,25,4.0,RANGE_COMPRESSION -> REPEATED_TEST_CLUSTER,top_historical_matches
3m,EXPANSION_AFTER_TEST,HOLD_CLUSTER,1,1,25,4.0,EXPANSION_AFTER_TEST -> HOLD_CLUSTER,top_historical_matches
3m,REPEATED_TEST_CLUSTER,REJECTION_CLUSTER,1,1,25,4.0,REPEATED_TEST_CLUSTER -> REJECTION_CLUSTER,top_historical_matches
3m,REJECTION_CLUSTER,EXPANSION_AFTER_TEST,5,5,25,20.0,REJECTION_CLUSTER -> EXPANSION_AFTER_TEST,top_historical_matches
3m,BODY_COMPRESSION,REJECTION_CLUSTER,3,3,25,12.0,BODY_COMPRESSION -> REJECTION_CLUSTER,top_historical_matches
3m,INITIAL_BALANCED_BEHAVIOUR,COUNTERMOVE_AND_RENEWAL,1,1,25,4.0,INITIAL_BALANCED_BEHAVIOUR -> COUNTERMOVE_AND_RENEWAL,top_historical_matches
3m,COUNTERMOVE_AND_RENEWAL,REPEATED_TEST_CLUSTER,1,1,25,4.0,COUNTERMOVE_AND_RENEWAL -> REPEATED_TEST_CLUSTER,top_historical_matches
3m,INITIAL_BALANCED_BEHAVIOUR,HOLD_CLUSTER,1,1,25,4.0,INITIAL_BALANCED_BEHAVIOUR -> HOLD_CLUSTER,top_historical_matches
3m,HOLD_CLUSTER,REPEATED_TEST_CLUSTER,1,1,25,4.0,HOLD_CLUSTER -> REPEATED_TEST_CLUSTER,top_historical_matches
3m,BODY_COMPRESSION,LEVEL_INTERACTION_CLUSTER,2,2,25,8.0,BODY_COMPRESSION -> LEVEL_INTERACTION_CLUSTER,top_historical_matches
3m,LEVEL_INTERACTION_CLUSTER,EXPANSION_AFTER_TEST,1,1,25,4.0,LEVEL_INTERACTION_CLUSTER -> EXPANSION_AFTER_TEST,top_historical_matches
3m,EXPANSION_AFTER_TEST,REPEATED_TEST_CLUSTER,1,1,25,4.0,EXPANSION_AFTER_TEST -> REPEATED_TEST_CLUSTER,top_historical_matches
3m,RANGE_COMPRESSION,BODY_COMPRESSION,3,3,25,12.0,RANGE_COMPRESSION -> BODY_COMPRESSION,top_historical_matches
3m,EXPANSION_AFTER_TEST,REJECTION_CLUSTER,1,1,25,4.0,EXPANSION_AFTER_TEST -> REJECTION_CLUSTER,top_historical_matches
3m,RANGE_COMPRESSION,REJECTION_CLUSTER,1,1,25,4.0,RANGE_COMPRESSION -> REJECTION_CLUSTER,top_historical_matches
3m,BODY_COMPRESSION,PULLBACK_CLUSTER,1,1,25,4.0,BODY_COMPRESSION -> PULLBACK_CLUSTER,top_historical_matches
3m,PULLBACK_CLUSTER,REJECTION_CLUSTER,1,1,25,4.0,PULLBACK_CLUSTER -> REJECTION_CLUSTER,top_historical_matches
3m,INITIAL_BALANCED_BEHAVIOUR,DIRECTIONAL_SHIFT,1,1,25,4.0,INITIAL_BALANCED_BEHAVIOUR -> DIRECTIONAL_SHIFT,top_historical_matches
3m,DIRECTIONAL_SHIFT,REPEATED_TEST_CLUSTER,1,1,25,4.0,DIRECTIONAL_SHIFT -> REPEATED_TEST_CLUSTER,top_historical_matches
3m,INITIAL_BALANCED_BEHAVIOUR,REPEATED_TEST_CLUSTER,2,2,25,8.0,INITIAL_BALANCED_BEHAVIOUR -> REPEATED_TEST_CLUSTER,top_historical_matches
3m,RANGE_COMPRESSION,DIRECTIONAL_SHIFT,1,1,25,4.0,RANGE_COMPRESSION -> DIRECTIONAL_SHIFT,top_historical_matches
3m,DIRECTIONAL_SHIFT,BODY_COMPRESSION,1,1,25,4.0,DIRECTIONAL_SHIFT -> BODY_COMPRESSION,top_historical_matches
3m,LEVEL_INTERACTION_CLUSTER,REJECTION_CLUSTER,1,1,25,4.0,LEVEL_INTERACTION_CLUSTER -> REJECTION_CLUSTER,top_historical_matches
3m,REJECTION_CLUSTER,HOLD_CLUSTER,1,1,25,4.0,REJECTION_CLUSTER -> HOLD_CLUSTER,top_historical_matches
3m,HOLD_CLUSTER,EXPANSION_AFTER_TEST,1,1,25,4.0,HOLD_CLUSTER -> EXPANSION_AFTER_TEST,top_historical_matches
5m,INITIAL_BALANCED_BEHAVIOUR,DIRECTIONAL_SHIFT,11,11,25,44.0,INITIAL_BALANCED_BEHAVIOUR -> DIRECTIONAL_SHIFT,top_historical_matches
5m,DIRECTIONAL_SHIFT,BODY_COMPRESSION,17,17,25,68.0,DIRECTIONAL_SHIFT -> BODY_COMPRESSION,top_historical_matches
5m,BODY_COMPRESSION,REPEATED_TEST_CLUSTER,11,11,25,44.0,BODY_COMPRESSION -> REPEATED_TEST_CLUSTER,top_historical_matches
5m,REPEATED_TEST_CLUSTER,EXPANSION_AFTER_TEST,16,14,25,56.0,REPEATED_TEST_CLUSTER -> EXPANSION_AFTER_TEST,top_historical_matches
5m,EXPANSION_AFTER_TEST,REJECTION_CLUSTER,13,11,25,44.0,EXPANSION_AFTER_TEST -> REJECTION_CLUSTER,top_historical_matches
5m,REJECTION_CLUSTER,EXPANSION_AFTER_TEST,7,5,25,20.0,REJECTION_CLUSTER -> EXPANSION_AFTER_TEST,top_historical_matches
5m,INITIAL_BALANCED_BEHAVIOUR,DIRECTION_CHANGE_IN_CHARACTER,6,6,25,24.0,INITIAL_BALANCED_BEHAVIOUR -> DIRECTION_CHANGE_IN_CHARACTER,top_historical_matches
5m,DIRECTION_CHANGE_IN_CHARACTER,BODY_COMPRESSION,6,6,25,24.0,DIRECTION_CHANGE_IN_CHARACTER -> BODY_COMPRESSION,top_historical_matches
5m,BODY_COMPRESSION,LEVEL_INTERACTION_CLUSTER,2,2,25,8.0,BODY_COMPRESSION -> LEVEL_INTERACTION_CLUSTER,top_historical_matches
5m,LEVEL_INTERACTION_CLUSTER,EXPANSION_AFTER_TEST,2,2,25,8.0,LEVEL_INTERACTION_CLUSTER -> EXPANSION_AFTER_TEST,top_historical_matches
5m,REPEATED_TEST_CLUSTER,HOLD_CLUSTER,1,1,25,4.0,REPEATED_TEST_CLUSTER -> HOLD_CLUSTER,top_historical_matches
5m,INITIAL_BEARISH_BIAS,DIRECTIONAL_SHIFT,7,7,25,28.0,INITIAL_BEARISH_BIAS -> DIRECTIONAL_SHIFT,top_historical_matches
5m,DIRECTIONAL_SHIFT,REJECTION_CLUSTER,1,1,25,4.0,DIRECTIONAL_SHIFT -> REJECTION_CLUSTER,top_historical_matches
5m,REJECTION_CLUSTER,REPEATED_TEST_CLUSTER,3,3,25,12.0,REJECTION_CLUSTER -> REPEATED_TEST_CLUSTER,top_historical_matches
5m,EXPANSION_AFTER_TEST,REPEATED_TEST_CLUSTER,1,1,25,4.0,EXPANSION_AFTER_TEST -> REPEATED_TEST_CLUSTER,top_historical_matches
5m,EXPANSION_AFTER_TEST,HOLD_CLUSTER,5,5,25,20.0,EXPANSION_AFTER_TEST -> HOLD_CLUSTER,top_historical_matches
5m,HOLD_CLUSTER,EXPANSION_AFTER_TEST,5,5,25,20.0,HOLD_CLUSTER -> EXPANSION_AFTER_TEST,top_historical_matches
5m,EXPANSION_AFTER_TEST,LEVEL_INTERACTION_CLUSTER,1,1,25,4.0,EXPANSION_AFTER_TEST -> LEVEL_INTERACTION_CLUSTER,top_historical_matches
5m,BODY_COMPRESSION,HOLD_CLUSTER,5,5,25,20.0,BODY_COMPRESSION -> HOLD_CLUSTER,top_historical_matches
5m,HOLD_CLUSTER,REJECTION_CLUSTER,1,1,25,4.0,HOLD_CLUSTER -> REJECTION_CLUSTER,top_historical_matches
5m,BODY_COMPRESSION,COUNTERMOVE_AND_RENEWAL,1,1,25,4.0,BODY_COMPRESSION -> COUNTERMOVE_AND_RENEWAL,top_historical_matches
5m,COUNTERMOVE_AND_RENEWAL,REPEATED_TEST_CLUSTER,2,2,25,8.0,COUNTERMOVE_AND_RENEWAL -> REPEATED_TEST_CLUSTER,top_historical_matches
5m,DIRECTION_CHANGE_IN_CHARACTER,COUNTERMOVE_AND_RENEWAL,1,1,25,4.0,DIRECTION_CHANGE_IN_CHARACTER -> COUNTERMOVE_AND_RENEWAL,top_historical_matches
5m,REJECTION_CLUSTER,HOLD_CLUSTER,1,1,25,4.0,REJECTION_CLUSTER -> HOLD_CLUSTER,top_historical_matches
5m,INITIAL_BALANCED_BEHAVIOUR,RANGE_COMPRESSION,1,1,25,4.0,INITIAL_BALANCED_BEHAVIOUR -> RANGE_COMPRESSION,top_historical_matches
5m,RANGE_COMPRESSION,DIRECTION_CHANGE_IN_CHARACTER,1,1,25,4.0,RANGE_COMPRESSION -> DIRECTION_CHANGE_IN_CHARACTER,top_historical_matches
5m,BODY_COMPRESSION,REJECTION_CLUSTER,4,4,25,16.0,BODY_COMPRESSION -> REJECTION_CLUSTER,top_historical_matches
5m,REJECTION_CLUSTER,PULLBACK_CLUSTER,1,1,25,4.0,REJECTION_CLUSTER -> PULLBACK_CLUSTER,top_historical_matches
5m,PULLBACK_CLUSTER,EXPANSION_AFTER_TEST,1,1,25,4.0,PULLBACK_CLUSTER -> EXPANSION_AFTER_TEST,top_historical_matches
15m,INITIAL_BALANCED_BEHAVIOUR,REJECTION_CLUSTER,2,2,25,8.0,INITIAL_BALANCED_BEHAVIOUR -> REJECTION_CLUSTER,top_historical_matches
15m,REJECTION_CLUSTER,EXPANSION_AFTER_TEST,18,14,25,56.0,REJECTION_CLUSTER -> EXPANSION_AFTER_TEST,top_historical_matches
15m,EXPANSION_AFTER_TEST,PULLBACK_CLUSTER,6,6,25,24.0,EXPANSION_AFTER_TEST -> PULLBACK_CLUSTER,top_historical_matches
15m,PULLBACK_CLUSTER,EXPANSION_AFTER_TEST,3,3,25,12.0,PULLBACK_CLUSTER -> EXPANSION_AFTER_TEST,top_historical_matches
15m,EXPANSION_AFTER_TEST,HOLD_CLUSTER,8,8,25,32.0,EXPANSION_AFTER_TEST -> HOLD_CLUSTER,top_historical_matches
15m,INITIAL_BALANCED_BEHAVIOUR,DIRECTIONAL_SHIFT,16,16,25,64.0,INITIAL_BALANCED_BEHAVIOUR -> DIRECTIONAL_SHIFT,top_historical_matches
15m,DIRECTIONAL_SHIFT,HOLD_CLUSTER,8,8,25,32.0,DIRECTIONAL_SHIFT -> HOLD_CLUSTER,top_historical_matches
15m,HOLD_CLUSTER,EXPANSION_AFTER_TEST,16,13,25,52.0,HOLD_CLUSTER -> EXPANSION_AFTER_TEST,top_historical_matches
15m,EXPANSION_AFTER_TEST,REJECTION_CLUSTER,10,10,25,40.0,EXPANSION_AFTER_TEST -> REJECTION_CLUSTER,top_historical_matches
15m,HOLD_CLUSTER,REJECTION_CLUSTER,3,2,25,8.0,HOLD_CLUSTER -> REJECTION_CLUSTER,top_historical_matches
15m,REJECTION_CLUSTER,HOLD_CLUSTER,3,3,25,12.0,REJECTION_CLUSTER -> HOLD_CLUSTER,top_historical_matches
15m,DIRECTIONAL_SHIFT,REJECTION_CLUSTER,6,6,25,24.0,DIRECTIONAL_SHIFT -> REJECTION_CLUSTER,top_historical_matches
15m,EXPANSION_AFTER_TEST,REPEATED_TEST_CLUSTER,4,3,25,12.0,EXPANSION_AFTER_TEST -> REPEATED_TEST_CLUSTER,top_historical_matches
15m,REPEATED_TEST_CLUSTER,EXPANSION_AFTER_TEST,3,3,25,12.0,REPEATED_TEST_CLUSTER -> EXPANSION_AFTER_TEST,top_historical_matches
15m,INITIAL_BALANCED_BEHAVIOUR,DIRECTION_CHANGE_IN_CHARACTER,3,3,25,12.0,INITIAL_BALANCED_BEHAVIOUR -> DIRECTION_CHANGE_IN_CHARACTER,top_historical_matches
15m,DIRECTION_CHANGE_IN_CHARACTER,REJECTION_CLUSTER,1,1,25,4.0,DIRECTION_CHANGE_IN_CHARACTER -> REJECTION_CLUSTER,top_historical_matches
15m,PULLBACK_CLUSTER,HOLD_CLUSTER,3,3,25,12.0,PULLBACK_CLUSTER -> HOLD_CLUSTER,top_historical_matches
15m,INITIAL_BALANCED_BEHAVIOUR,COUNTERMOVE_AND_RENEWAL,1,1,25,4.0,INITIAL_BALANCED_BEHAVIOUR -> COUNTERMOVE_AND_RENEWAL,top_historical_matches
15m,COUNTERMOVE_AND_RENEWAL,LEVEL_INTERACTION_CLUSTER,1,1,25,4.0,COUNTERMOVE_AND_RENEWAL -> LEVEL_INTERACTION_CLUSTER,top_historical_matches
15m,LEVEL_INTERACTION_CLUSTER,REJECTION_CLUSTER,2,2,25,8.0,LEVEL_INTERACTION_CLUSTER -> REJECTION_CLUSTER,top_historical_matches
15m,DIRECTION_CHANGE_IN_CHARACTER,HOLD_CLUSTER,2,2,25,8.0,DIRECTION_CHANGE_IN_CHARACTER -> HOLD_CLUSTER,top_historical_matches
15m,DIRECTIONAL_SHIFT,BODY_EXPANSION,2,2,25,8.0,DIRECTIONAL_SHIFT -> BODY_EXPANSION,top_historical_matches
15m,BODY_EXPANSION,REJECTION_CLUSTER,1,1,25,4.0,BODY_EXPANSION -> REJECTION_CLUSTER,top_historical_matches
15m,EXPANSION_AFTER_TEST,LEVEL_INTERACTION_CLUSTER,4,4,25,16.0,EXPANSION_AFTER_TEST -> LEVEL_INTERACTION_CLUSTER,top_historical_matches
15m,LEVEL_INTERACTION_CLUSTER,HOLD_CLUSTER,1,1,25,4.0,LEVEL_INTERACTION_CLUSTER -> HOLD_CLUSTER,top_historical_matches
15m,INITIAL_BULLISH_BIAS,DIRECTIONAL_SHIFT,1,1,25,4.0,INITIAL_BULLISH_BIAS -> DIRECTIONAL_SHIFT,top_historical_matches
15m,DIRECTIONAL_SHIFT,BODY_COMPRESSION,1,1,25,4.0,DIRECTIONAL_SHIFT -> BODY_COMPRESSION,top_historical_matches
15m,BODY_COMPRESSION,REJECTION_CLUSTER,1,1,25,4.0,BODY_COMPRESSION -> REJECTION_CLUSTER,top_historical_matches
15m,PULLBACK_CLUSTER,REJECTION_CLUSTER,1,1,25,4.0,PULLBACK_CLUSTER -> REJECTION_CLUSTER,top_historical_matches
15m,REJECTION_CLUSTER,PULLBACK_CLUSTER,1,1,25,4.0,REJECTION_CLUSTER -> PULLBACK_CLUSTER,top_historical_matches
15m,INITIAL_BALANCED_BEHAVIOUR,RANGE_EXPANSION,2,2,25,8.0,INITIAL_BALANCED_BEHAVIOUR -> RANGE_EXPANSION,top_historical_matches
15m,RANGE_EXPANSION,REJECTION_CLUSTER,2,2,25,8.0,RANGE_EXPANSION -> REJECTION_CLUSTER,top_historical_matches
15m,LEVEL_INTERACTION_CLUSTER,EXPANSION_AFTER_TEST,2,2,25,8.0,LEVEL_INTERACTION_CLUSTER -> EXPANSION_AFTER_TEST,top_historical_matches
15m,BODY_EXPANSION,LEVEL_INTERACTION_CLUSTER,1,1,25,4.0,BODY_EXPANSION -> LEVEL_INTERACTION_CLUSTER,top_historical_matches
15m,LEVEL_INTERACTION_CLUSTER,PULLBACK_CLUSTER,1,1,25,4.0,LEVEL_INTERACTION_CLUSTER -> PULLBACK_CLUSTER,top_historical_matches
30m,INITIAL_BALANCED_BEHAVIOUR,RANGE_COMPRESSION,20,20,25,80.0,INITIAL_BALANCED_BEHAVIOUR -> RANGE_COMPRESSION,top_historical_matches
30m,RANGE_COMPRESSION,HOLD_CLUSTER,3,3,25,12.0,RANGE_COMPRESSION -> HOLD_CLUSTER,top_historical_matches
30m,HOLD_CLUSTER,EXPANSION_AFTER_TEST,7,6,25,24.0,HOLD_CLUSTER -> EXPANSION_AFTER_TEST,top_historical_matches
30m,EXPANSION_AFTER_TEST,REJECTION_CLUSTER,8,8,25,32.0,EXPANSION_AFTER_TEST -> REJECTION_CLUSTER,top_historical_matches
30m,RANGE_COMPRESSION,REPEATED_TEST_CLUSTER,3,3,25,12.0,RANGE_COMPRESSION -> REPEATED_TEST_CLUSTER,top_historical_matches
30m,REPEATED_TEST_CLUSTER,EXPANSION_AFTER_TEST,6,6,25,24.0,REPEATED_TEST_CLUSTER -> EXPANSION_AFTER_TEST,top_historical_matches
30m,EXPANSION_AFTER_TEST,HOLD_CLUSTER,10,10,25,40.0,EXPANSION_AFTER_TEST -> HOLD_CLUSTER,top_historical_matches
30m,RANGE_COMPRESSION,REJECTION_CLUSTER,7,7,25,28.0,RANGE_COMPRESSION -> REJECTION_CLUSTER,top_historical_matches
30m,REJECTION_CLUSTER,EXPANSION_AFTER_TEST,13,10,25,40.0,REJECTION_CLUSTER -> EXPANSION_AFTER_TEST,top_historical_matches
30m,INITIAL_BALANCED_BEHAVIOUR,LEVEL_INTERACTION_CLUSTER,1,1,25,4.0,INITIAL_BALANCED_BEHAVIOUR -> LEVEL_INTERACTION_CLUSTER,top_historical_matches
30m,LEVEL_INTERACTION_CLUSTER,REJECTION_CLUSTER,2,2,25,8.0,LEVEL_INTERACTION_CLUSTER -> REJECTION_CLUSTER,top_historical_matches
30m,REJECTION_CLUSTER,HOLD_CLUSTER,3,3,25,12.0,REJECTION_CLUSTER -> HOLD_CLUSTER,top_historical_matches
30m,HOLD_CLUSTER,PULLBACK_CLUSTER,3,3,25,12.0,HOLD_CLUSTER -> PULLBACK_CLUSTER,top_historical_matches
30m,PULLBACK_CLUSTER,REPEATED_TEST_CLUSTER,1,1,25,4.0,PULLBACK_CLUSTER -> REPEATED_TEST_CLUSTER,top_historical_matches
30m,RANGE_COMPRESSION,BODY_COMPRESSION,4,4,25,16.0,RANGE_COMPRESSION -> BODY_COMPRESSION,top_historical_matches
30m,BODY_COMPRESSION,REJECTION_CLUSTER,2,2,25,8.0,BODY_COMPRESSION -> REJECTION_CLUSTER,top_historical_matches
30m,RANGE_COMPRESSION,BODY_EXPANSION,1,1,25,4.0,RANGE_COMPRESSION -> BODY_EXPANSION,top_historical_matches
30m,BODY_EXPANSION,REPEATED_TEST_CLUSTER,1,1,25,4.0,BODY_EXPANSION -> REPEATED_TEST_CLUSTER,top_historical_matches
30m,REPEATED_TEST_CLUSTER,HOLD_CLUSTER,1,1,25,4.0,REPEATED_TEST_CLUSTER -> HOLD_CLUSTER,top_historical_matches
30m,INITIAL_BALANCED_BEHAVIOUR,COUNTERMOVE_AND_RENEWAL,1,1,25,4.0,INITIAL_BALANCED_BEHAVIOUR -> COUNTERMOVE_AND_RENEWAL,top_historical_matches
30m,COUNTERMOVE_AND_RENEWAL,REPEATED_TEST_CLUSTER,1,1,25,4.0,COUNTERMOVE_AND_RENEWAL -> REPEATED_TEST_CLUSTER,top_historical_matches
30m,INITIAL_BALANCED_BEHAVIOUR,BODY_EXPANSION,1,1,25,4.0,INITIAL_BALANCED_BEHAVIOUR -> BODY_EXPANSION,top_historical_matches
30m,BODY_EXPANSION,HOLD_CLUSTER,1,1,25,4.0,BODY_EXPANSION -> HOLD_CLUSTER,top_historical_matches
30m,EXPANSION_AFTER_TEST,LEVEL_INTERACTION_CLUSTER,1,1,25,4.0,EXPANSION_AFTER_TEST -> LEVEL_INTERACTION_CLUSTER,top_historical_matches
30m,BODY_COMPRESSION,REPEATED_TEST_CLUSTER,1,1,25,4.0,BODY_COMPRESSION -> REPEATED_TEST_CLUSTER,top_historical_matches
30m,RANGE_COMPRESSION,DIRECTIONAL_SHIFT,1,1,25,4.0,RANGE_COMPRESSION -> DIRECTIONAL_SHIFT,top_historical_matches
30m,DIRECTIONAL_SHIFT,REJECTION_CLUSTER,1,1,25,4.0,DIRECTIONAL_SHIFT -> REJECTION_CLUSTER,top_historical_matches
30m,RANGE_COMPRESSION,PULLBACK_CLUSTER,1,1,25,4.0,RANGE_COMPRESSION -> PULLBACK_CLUSTER,top_historical_matches
30m,PULLBACK_CLUSTER,EXPANSION_AFTER_TEST,2,2,25,8.0,PULLBACK_CLUSTER -> EXPANSION_AFTER_TEST,top_historical_matches
30m,INITIAL_BALANCED_BEHAVIOUR,DIRECTIONAL_SHIFT,1,1,25,4.0,INITIAL_BALANCED_BEHAVIOUR -> DIRECTIONAL_SHIFT,top_historical_matches
30m,DIRECTIONAL_SHIFT,HOLD_CLUSTER,1,1,25,4.0,DIRECTIONAL_SHIFT -> HOLD_CLUSTER,top_historical_matches
30m,EXPANSION_AFTER_TEST,REPEATED_TEST_CLUSTER,2,2,25,8.0,EXPANSION_AFTER_TEST -> REPEATED_TEST_CLUSTER,top_historical_matches
30m,REPEATED_TEST_CLUSTER,REJECTION_CLUSTER,1,1,25,4.0,REPEATED_TEST_CLUSTER -> REJECTION_CLUSTER,top_historical_matches
30m,BODY_COMPRESSION,HOLD_CLUSTER,2,2,25,8.0,BODY_COMPRESSION -> HOLD_CLUSTER,top_historical_matches
30m,INITIAL_BALANCED_BEHAVIOUR,BODY_COMPRESSION,1,1,25,4.0,INITIAL_BALANCED_BEHAVIOUR -> BODY_COMPRESSION,top_historical_matches
30m,PULLBACK_CLUSTER,REJECTION_CLUSTER,1,1,25,4.0,PULLBACK_CLUSTER -> REJECTION_CLUSTER,top_historical_matches
1h,INITIAL_BALANCED_BEHAVIOUR,RANGE_EXPANSION,21,21,25,84.0,INITIAL_BALANCED_BEHAVIOUR -> RANGE_EXPANSION,top_historical_matches
1h,RANGE_EXPANSION,DIRECTION_CHANGE_IN_CHARACTER,9,9,25,36.0,RANGE_EXPANSION -> DIRECTION_CHANGE_IN_CHARACTER,top_historical_matches
1h,DIRECTION_CHANGE_IN_CHARACTER,BODY_EXPANSION,7,7,25,28.0,DIRECTION_CHANGE_IN_CHARACTER -> BODY_EXPANSION,top_historical_matches
1h,BODY_EXPANSION,COUNTERMOVE_AND_RENEWAL,6,6,25,24.0,BODY_EXPANSION -> COUNTERMOVE_AND_RENEWAL,top_historical_matches
1h,COUNTERMOVE_AND_RENEWAL,HOLD_CLUSTER,2,2,25,8.0,COUNTERMOVE_AND_RENEWAL -> HOLD_CLUSTER,top_historical_matches
1h,HOLD_CLUSTER,REJECTION_CLUSTER,3,3,25,12.0,HOLD_CLUSTER -> REJECTION_CLUSTER,top_historical_matches
1h,REJECTION_CLUSTER,REPEATED_TEST_CLUSTER,3,3,25,12.0,REJECTION_CLUSTER -> REPEATED_TEST_CLUSTER,top_historical_matches
1h,REPEATED_TEST_CLUSTER,HOLD_CLUSTER,1,1,25,4.0,REPEATED_TEST_CLUSTER -> HOLD_CLUSTER,top_historical_matches
1h,RANGE_EXPANSION,BODY_EXPANSION,6,6,25,24.0,RANGE_EXPANSION -> BODY_EXPANSION,top_historical_matches
1h,COUNTERMOVE_AND_RENEWAL,REJECTION_CLUSTER,7,7,25,28.0,COUNTERMOVE_AND_RENEWAL -> REJECTION_CLUSTER,top_historical_matches
1h,REJECTION_CLUSTER,HOLD_CLUSTER,8,8,25,32.0,REJECTION_CLUSTER -> HOLD_CLUSTER,top_historical_matches
1h,HOLD_CLUSTER,EXPANSION_AFTER_TEST,12,10,25,40.0,HOLD_CLUSTER -> EXPANSION_AFTER_TEST,top_historical_matches
1h,EXPANSION_AFTER_TEST,LEVEL_INTERACTION_CLUSTER,1,1,25,4.0,EXPANSION_AFTER_TEST -> LEVEL_INTERACTION_CLUSTER,top_historical_matches
1h,LEVEL_INTERACTION_CLUSTER,EXPANSION_AFTER_TEST,2,2,25,8.0,LEVEL_INTERACTION_CLUSTER -> EXPANSION_AFTER_TEST,top_historical_matches
1h,EXPANSION_AFTER_TEST,REJECTION_CLUSTER,5,5,25,20.0,EXPANSION_AFTER_TEST -> REJECTION_CLUSTER,top_historical_matches
1h,REJECTION_CLUSTER,PULLBACK_CLUSTER,1,1,25,4.0,REJECTION_CLUSTER -> PULLBACK_CLUSTER,top_historical_matches
1h,PULLBACK_CLUSTER,EXPANSION_AFTER_TEST,2,2,25,8.0,PULLBACK_CLUSTER -> EXPANSION_AFTER_TEST,top_historical_matches
1h,EXPANSION_AFTER_TEST,REPEATED_TEST_CLUSTER,7,6,25,24.0,EXPANSION_AFTER_TEST -> REPEATED_TEST_CLUSTER,top_historical_matches
1h,REPEATED_TEST_CLUSTER,EXPANSION_AFTER_TEST,10,9,25,36.0,REPEATED_TEST_CLUSTER -> EXPANSION_AFTER_TEST,top_historical_matches
1h,EXPANSION_AFTER_TEST,HOLD_CLUSTER,12,12,25,48.0,EXPANSION_AFTER_TEST -> HOLD_CLUSTER,top_historical_matches
1h,BODY_EXPANSION,REJECTION_CLUSTER,7,7,25,28.0,BODY_EXPANSION -> REJECTION_CLUSTER,top_historical_matches
1h,RANGE_EXPANSION,DIRECTIONAL_SHIFT,4,4,25,16.0,RANGE_EXPANSION -> DIRECTIONAL_SHIFT,top_historical_matches
1h,DIRECTIONAL_SHIFT,BODY_EXPANSION,4,4,25,16.0,DIRECTIONAL_SHIFT -> BODY_EXPANSION,top_historical_matches
1h,REJECTION_CLUSTER,EXPANSION_AFTER_TEST,11,9,25,36.0,REJECTION_CLUSTER -> EXPANSION_AFTER_TEST,top_historical_matches
1h,EXPANSION_AFTER_TEST,PULLBACK_CLUSTER,1,1,25,4.0,EXPANSION_AFTER_TEST -> PULLBACK_CLUSTER,top_historical_matches
1h,DIRECTION_CHANGE_IN_CHARACTER,HOLD_CLUSTER,1,1,25,4.0,DIRECTION_CHANGE_IN_CHARACTER -> HOLD_CLUSTER,top_historical_matches
1h,BODY_EXPANSION,HOLD_CLUSTER,2,2,25,8.0,BODY_EXPANSION -> HOLD_CLUSTER,top_historical_matches
1h,INITIAL_BALANCED_BEHAVIOUR,COUNTERMOVE_AND_RENEWAL,1,1,25,4.0,INITIAL_BALANCED_BEHAVIOUR -> COUNTERMOVE_AND_RENEWAL,top_historical_matches
1h,HOLD_CLUSTER,REPEATED_TEST_CLUSTER,2,2,25,8.0,HOLD_CLUSTER -> REPEATED_TEST_CLUSTER,top_historical_matches
1h,COUNTERMOVE_AND_RENEWAL,LEVEL_INTERACTION_CLUSTER,1,1,25,4.0,COUNTERMOVE_AND_RENEWAL -> LEVEL_INTERACTION_CLUSTER,top_historical_matches
1h,HOLD_CLUSTER,LEVEL_INTERACTION_CLUSTER,1,1,25,4.0,HOLD_CLUSTER -> LEVEL_INTERACTION_CLUSTER,top_historical_matches
1h,LEVEL_INTERACTION_CLUSTER,REJECTION_CLUSTER,1,1,25,4.0,LEVEL_INTERACTION_CLUSTER -> REJECTION_CLUSTER,top_historical_matches
1h,DIRECTION_CHANGE_IN_CHARACTER,REJECTION_CLUSTER,1,1,25,4.0,DIRECTION_CHANGE_IN_CHARACTER -> REJECTION_CLUSTER,top_historical_matches
1h,RANGE_EXPANSION,REJECTION_CLUSTER,1,1,25,4.0,RANGE_EXPANSION -> REJECTION_CLUSTER,top_historical_matches
1h,HOLD_CLUSTER,PULLBACK_CLUSTER,1,1,25,4.0,HOLD_CLUSTER -> PULLBACK_CLUSTER,top_historical_matches
1h,INITIAL_BALANCED_BEHAVIOUR,DIRECTIONAL_SHIFT,1,1,25,4.0,INITIAL_BALANCED_BEHAVIOUR -> DIRECTIONAL_SHIFT,top_historical_matches
1h,DIRECTIONAL_SHIFT,HOLD_CLUSTER,1,1,25,4.0,DIRECTIONAL_SHIFT -> HOLD_CLUSTER,top_historical_matches
1h,BODY_EXPANSION,PULLBACK_CLUSTER,1,1,25,4.0,BODY_EXPANSION -> PULLBACK_CLUSTER,top_historical_matches
1h,RANGE_EXPANSION,COUNTERMOVE_AND_RENEWAL,1,1,25,4.0,RANGE_EXPANSION -> COUNTERMOVE_AND_RENEWAL,top_historical_matches
1h,INITIAL_BALANCED_BEHAVIOUR,DIRECTION_CHANGE_IN_CHARACTER,2,2,25,8.0,INITIAL_BALANCED_BEHAVIOUR -> DIRECTION_CHANGE_IN_CHARACTER,top_historical_matches
1h,DIRECTION_CHANGE_IN_CHARACTER,COUNTERMOVE_AND_RENEWAL,2,2,25,8.0,DIRECTION_CHANGE_IN_CHARACTER -> COUNTERMOVE_AND_RENEWAL,top_historical_matches
1h,BODY_EXPANSION,REPEATED_TEST_CLUSTER,1,1,25,4.0,BODY_EXPANSION -> REPEATED_TEST_CLUSTER,top_historical_matches
4h,INITIAL_BALANCED_BEHAVIOUR,REJECTION_CLUSTER,3,3,25,12.0,INITIAL_BALANCED_BEHAVIOUR -> REJECTION_CLUSTER,top_historical_matches
4h,REJECTION_CLUSTER,EXPANSION_AFTER_TEST,24,19,25,76.0,REJECTION_CLUSTER -> EXPANSION_AFTER_TEST,top_historical_matches
4h,EXPANSION_AFTER_TEST,LEVEL_INTERACTION_CLUSTER,2,2,25,8.0,EXPANSION_AFTER_TEST -> LEVEL_INTERACTION_CLUSTER,top_historical_matches
4h,LEVEL_INTERACTION_CLUSTER,EXPANSION_AFTER_TEST,2,2,25,8.0,LEVEL_INTERACTION_CLUSTER -> EXPANSION_AFTER_TEST,top_historical_matches
4h,EXPANSION_AFTER_TEST,HOLD_CLUSTER,3,3,25,12.0,EXPANSION_AFTER_TEST -> HOLD_CLUSTER,top_historical_matches
4h,HOLD_CLUSTER,EXPANSION_AFTER_TEST,8,8,25,32.0,HOLD_CLUSTER -> EXPANSION_AFTER_TEST,top_historical_matches
4h,INITIAL_BEARISH_BIAS,REJECTION_CLUSTER,1,1,25,4.0,INITIAL_BEARISH_BIAS -> REJECTION_CLUSTER,top_historical_matches
4h,EXPANSION_AFTER_TEST,REJECTION_CLUSTER,9,9,25,36.0,EXPANSION_AFTER_TEST -> REJECTION_CLUSTER,top_historical_matches
4h,INITIAL_BALANCED_BEHAVIOUR,REPEATED_TEST_CLUSTER,1,1,25,4.0,INITIAL_BALANCED_BEHAVIOUR -> REPEATED_TEST_CLUSTER,top_historical_matches
4h,REPEATED_TEST_CLUSTER,REJECTION_CLUSTER,1,1,25,4.0,REPEATED_TEST_CLUSTER -> REJECTION_CLUSTER,top_historical_matches
4h,EXPANSION_AFTER_TEST,REPEATED_TEST_CLUSTER,8,8,25,32.0,EXPANSION_AFTER_TEST -> REPEATED_TEST_CLUSTER,top_historical_matches
4h,REPEATED_TEST_CLUSTER,EXPANSION_AFTER_TEST,9,9,25,36.0,REPEATED_TEST_CLUSTER -> EXPANSION_AFTER_TEST,top_historical_matches
4h,INITIAL_BALANCED_BEHAVIOUR,DIRECTIONAL_SHIFT,3,3,25,12.0,INITIAL_BALANCED_BEHAVIOUR -> DIRECTIONAL_SHIFT,top_historical_matches
4h,DIRECTIONAL_SHIFT,REJECTION_CLUSTER,1,1,25,4.0,DIRECTIONAL_SHIFT -> REJECTION_CLUSTER,top_historical_matches
4h,INITIAL_BALANCED_BEHAVIOUR,RANGE_EXPANSION,6,6,25,24.0,INITIAL_BALANCED_BEHAVIOUR -> RANGE_EXPANSION,top_historical_matches
4h,RANGE_EXPANSION,HOLD_CLUSTER,1,1,25,4.0,RANGE_EXPANSION -> HOLD_CLUSTER,top_historical_matches
4h,HOLD_CLUSTER,REJECTION_CLUSTER,4,4,25,16.0,HOLD_CLUSTER -> REJECTION_CLUSTER,top_historical_matches
4h,EXPANSION_AFTER_TEST,PULLBACK_CLUSTER,3,3,25,12.0,EXPANSION_AFTER_TEST -> PULLBACK_CLUSTER,top_historical_matches
4h,PULLBACK_CLUSTER,EXPANSION_AFTER_TEST,3,3,25,12.0,PULLBACK_CLUSTER -> EXPANSION_AFTER_TEST,top_historical_matches
4h,INITIAL_BALANCED_BEHAVIOUR,BODY_COMPRESSION,5,5,25,20.0,INITIAL_BALANCED_BEHAVIOUR -> BODY_COMPRESSION,top_historical_matches
4h,BODY_COMPRESSION,REJECTION_CLUSTER,3,3,25,12.0,BODY_COMPRESSION -> REJECTION_CLUSTER,top_historical_matches
4h,INITIAL_BALANCED_BEHAVIOUR,DIRECTION_CHANGE_IN_CHARACTER,1,1,25,4.0,INITIAL_BALANCED_BEHAVIOUR -> DIRECTION_CHANGE_IN_CHARACTER,top_historical_matches
4h,DIRECTION_CHANGE_IN_CHARACTER,COUNTERMOVE_AND_RENEWAL,1,1,25,4.0,DIRECTION_CHANGE_IN_CHARACTER -> COUNTERMOVE_AND_RENEWAL,top_historical_matches
4h,COUNTERMOVE_AND_RENEWAL,REJECTION_CLUSTER,3,3,25,12.0,COUNTERMOVE_AND_RENEWAL -> REJECTION_CLUSTER,top_historical_matches
4h,INITIAL_BEARISH_BIAS,HOLD_CLUSTER,2,2,25,8.0,INITIAL_BEARISH_BIAS -> HOLD_CLUSTER,top_historical_matches
4h,DIRECTIONAL_SHIFT,HOLD_CLUSTER,1,1,25,4.0,DIRECTIONAL_SHIFT -> HOLD_CLUSTER,top_historical_matches
4h,REJECTION_CLUSTER,REPEATED_TEST_CLUSTER,3,3,25,12.0,REJECTION_CLUSTER -> REPEATED_TEST_CLUSTER,top_historical_matches
4h,RANGE_EXPANSION,REJECTION_CLUSTER,1,1,25,4.0,RANGE_EXPANSION -> REJECTION_CLUSTER,top_historical_matches
4h,INITIAL_BALANCED_BEHAVIOUR,COUNTERMOVE_AND_RENEWAL,1,1,25,4.0,INITIAL_BALANCED_BEHAVIOUR -> COUNTERMOVE_AND_RENEWAL,top_historical_matches
4h,BODY_COMPRESSION,HOLD_CLUSTER,3,3,25,12.0,BODY_COMPRESSION -> HOLD_CLUSTER,top_historical_matches
4h,RANGE_EXPANSION,BODY_EXPANSION,2,2,25,8.0,RANGE_EXPANSION -> BODY_EXPANSION,top_historical_matches
4h,BODY_EXPANSION,HOLD_CLUSTER,1,1,25,4.0,BODY_EXPANSION -> HOLD_CLUSTER,top_historical_matches
4h,INITIAL_BALANCED_BEHAVIOUR,RANGE_COMPRESSION,2,2,25,8.0,INITIAL_BALANCED_BEHAVIOUR -> RANGE_COMPRESSION,top_historical_matches
4h,RANGE_COMPRESSION,BODY_COMPRESSION,2,2,25,8.0,RANGE_COMPRESSION -> BODY_COMPRESSION,top_historical_matches
4h,BODY_COMPRESSION,REPEATED_TEST_CLUSTER,1,1,25,4.0,BODY_COMPRESSION -> REPEATED_TEST_CLUSTER,top_historical_matches
4h,RANGE_EXPANSION,BODY_COMPRESSION,1,1,25,4.0,RANGE_EXPANSION -> BODY_COMPRESSION,top_historical_matches
4h,BODY_EXPANSION,REJECTION_CLUSTER,1,1,25,4.0,BODY_EXPANSION -> REJECTION_CLUSTER,top_historical_matches
4h,BODY_COMPRESSION,LEVEL_INTERACTION_CLUSTER,1,1,25,4.0,BODY_COMPRESSION -> LEVEL_INTERACTION_CLUSTER,top_historical_matches
4h,LEVEL_INTERACTION_CLUSTER,REJECTION_CLUSTER,1,1,25,4.0,LEVEL_INTERACTION_CLUSTER -> REJECTION_CLUSTER,top_historical_matches
4h,RANGE_EXPANSION,DIRECTIONAL_SHIFT,1,1,25,4.0,RANGE_EXPANSION -> DIRECTIONAL_SHIFT,top_historical_matches
4h,DIRECTIONAL_SHIFT,LEVEL_INTERACTION_CLUSTER,1,1,25,4.0,DIRECTIONAL_SHIFT -> LEVEL_INTERACTION_CLUSTER,top_historical_matches
4h,REJECTION_CLUSTER,HOLD_CLUSTER,1,1,25,4.0,REJECTION_CLUSTER -> HOLD_CLUSTER,top_historical_matches
4h,DIRECTIONAL_SHIFT,BODY_COMPRESSION,1,1,25,4.0,DIRECTIONAL_SHIFT -> BODY_COMPRESSION,top_historical_matches
4h,BODY_COMPRESSION,COUNTERMOVE_AND_RENEWAL,1,1,25,4.0,BODY_COMPRESSION -> COUNTERMOVE_AND_RENEWAL,top_historical_matches
1d,INITIAL_BALANCED_BEHAVIOUR,REPEATED_TEST_CLUSTER,2,2,25,8.0,INITIAL_BALANCED_BEHAVIOUR -> REPEATED_TEST_CLUSTER,top_historical_matches
1d,REPEATED_TEST_CLUSTER,REJECTION_CLUSTER,1,1,25,4.0,REPEATED_TEST_CLUSTER -> REJECTION_CLUSTER,top_historical_matches
1d,REJECTION_CLUSTER,REPEATED_TEST_CLUSTER,5,5,25,20.0,REJECTION_CLUSTER -> REPEATED_TEST_CLUSTER,top_historical_matches
1d,REPEATED_TEST_CLUSTER,EXPANSION_AFTER_TEST,10,10,25,40.0,REPEATED_TEST_CLUSTER -> EXPANSION_AFTER_TEST,top_historical_matches
1d,EXPANSION_AFTER_TEST,HOLD_CLUSTER,5,5,25,20.0,EXPANSION_AFTER_TEST -> HOLD_CLUSTER,top_historical_matches
1d,INITIAL_BALANCED_BEHAVIOUR,BODY_COMPRESSION,5,5,25,20.0,INITIAL_BALANCED_BEHAVIOUR -> BODY_COMPRESSION,top_historical_matches
1d,BODY_COMPRESSION,REJECTION_CLUSTER,4,4,25,16.0,BODY_COMPRESSION -> REJECTION_CLUSTER,top_historical_matches
1d,EXPANSION_AFTER_TEST,REJECTION_CLUSTER,13,12,25,48.0,EXPANSION_AFTER_TEST -> REJECTION_CLUSTER,top_historical_matches
1d,INITIAL_BEARISH_BIAS,LEVEL_INTERACTION_CLUSTER,1,1,25,4.0,INITIAL_BEARISH_BIAS -> LEVEL_INTERACTION_CLUSTER,top_historical_matches
1d,LEVEL_INTERACTION_CLUSTER,REJECTION_CLUSTER,2,2,25,8.0,LEVEL_INTERACTION_CLUSTER -> REJECTION_CLUSTER,top_historical_matches
1d,INITIAL_BALANCED_BEHAVIOUR,DIRECTION_CHANGE_IN_CHARACTER,2,2,25,8.0,INITIAL_BALANCED_BEHAVIOUR -> DIRECTION_CHANGE_IN_CHARACTER,top_historical_matches
1d,DIRECTION_CHANGE_IN_CHARACTER,BODY_EXPANSION,2,2,25,8.0,DIRECTION_CHANGE_IN_CHARACTER -> BODY_EXPANSION,top_historical_matches
1d,BODY_EXPANSION,REPEATED_TEST_CLUSTER,1,1,25,4.0,BODY_EXPANSION -> REPEATED_TEST_CLUSTER,top_historical_matches
1d,REJECTION_CLUSTER,HOLD_CLUSTER,7,7,25,28.0,REJECTION_CLUSTER -> HOLD_CLUSTER,top_historical_matches
1d,HOLD_CLUSTER,EXPANSION_AFTER_TEST,8,8,25,32.0,HOLD_CLUSTER -> EXPANSION_AFTER_TEST,top_historical_matches
1d,BODY_COMPRESSION,HOLD_CLUSTER,1,1,25,4.0,BODY_COMPRESSION -> HOLD_CLUSTER,top_historical_matches
1d,HOLD_CLUSTER,REPEATED_TEST_CLUSTER,1,1,25,4.0,HOLD_CLUSTER -> REPEATED_TEST_CLUSTER,top_historical_matches
1d,REJECTION_CLUSTER,PULLBACK_CLUSTER,1,1,25,4.0,REJECTION_CLUSTER -> PULLBACK_CLUSTER,top_historical_matches
1d,INITIAL_BALANCED_BEHAVIOUR,BODY_EXPANSION,3,3,25,12.0,INITIAL_BALANCED_BEHAVIOUR -> BODY_EXPANSION,top_historical_matches
1d,BODY_EXPANSION,REJECTION_CLUSTER,4,4,25,16.0,BODY_EXPANSION -> REJECTION_CLUSTER,top_historical_matches
1d,REJECTION_CLUSTER,EXPANSION_AFTER_TEST,9,9,25,36.0,REJECTION_CLUSTER -> EXPANSION_AFTER_TEST,top_historical_matches
1d,INITIAL_BALANCED_BEHAVIOUR,LEVEL_INTERACTION_CLUSTER,2,2,25,8.0,INITIAL_BALANCED_BEHAVIOUR -> LEVEL_INTERACTION_CLUSTER,top_historical_matches
1d,INITIAL_BALANCED_BEHAVIOUR,REJECTION_CLUSTER,4,4,25,16.0,INITIAL_BALANCED_BEHAVIOUR -> REJECTION_CLUSTER,top_historical_matches
1d,HOLD_CLUSTER,REJECTION_CLUSTER,4,4,25,16.0,HOLD_CLUSTER -> REJECTION_CLUSTER,top_historical_matches
1d,INITIAL_BALANCED_BEHAVIOUR,RANGE_EXPANSION,1,1,25,4.0,INITIAL_BALANCED_BEHAVIOUR -> RANGE_EXPANSION,top_historical_matches
1d,RANGE_EXPANSION,BODY_EXPANSION,1,1,25,4.0,RANGE_EXPANSION -> BODY_EXPANSION,top_historical_matches
1d,BODY_EXPANSION,HOLD_CLUSTER,1,1,25,4.0,BODY_EXPANSION -> HOLD_CLUSTER,top_historical_matches
1d,INITIAL_BALANCED_BEHAVIOUR,HOLD_CLUSTER,2,2,25,8.0,INITIAL_BALANCED_BEHAVIOUR -> HOLD_CLUSTER,top_historical_matches
1d,HOLD_CLUSTER,PULLBACK_CLUSTER,1,1,25,4.0,HOLD_CLUSTER -> PULLBACK_CLUSTER,top_historical_matches
1d,PULLBACK_CLUSTER,EXPANSION_AFTER_TEST,1,1,25,4.0,PULLBACK_CLUSTER -> EXPANSION_AFTER_TEST,top_historical_matches
1d,EXPANSION_AFTER_TEST,PULLBACK_CLUSTER,1,1,25,4.0,EXPANSION_AFTER_TEST -> PULLBACK_CLUSTER,top_historical_matches
1d,LEVEL_INTERACTION_CLUSTER,HOLD_CLUSTER,1,1,25,4.0,LEVEL_INTERACTION_CLUSTER -> HOLD_CLUSTER,top_historical_matches
1d,INITIAL_BALANCED_BEHAVIOUR,DIRECTIONAL_SHIFT,1,1,25,4.0,INITIAL_BALANCED_BEHAVIOUR -> DIRECTIONAL_SHIFT,top_historical_matches
1d,DIRECTIONAL_SHIFT,REJECTION_CLUSTER,1,1,25,4.0,DIRECTIONAL_SHIFT -> REJECTION_CLUSTER,top_historical_matches
1d,EXPANSION_AFTER_TEST,REPEATED_TEST_CLUSTER,1,1,25,4.0,EXPANSION_AFTER_TEST -> REPEATED_TEST_CLUSTER,top_historical_matches
1d,INITIAL_BALANCED_BEHAVIOUR,RANGE_COMPRESSION,2,2,25,8.0,INITIAL_BALANCED_BEHAVIOUR -> RANGE_COMPRESSION,top_historical_matches
1d,RANGE_COMPRESSION,BODY_COMPRESSION,2,2,25,8.0,RANGE_COMPRESSION -> BODY_COMPRESSION,top_historical_matches
1d,BODY_COMPRESSION,REPEATED_TEST_CLUSTER,1,1,25,4.0,BODY_COMPRESSION -> REPEATED_TEST_CLUSTER,top_historical_matches
1d,BODY_COMPRESSION,COUNTERMOVE_AND_RENEWAL,1,1,25,4.0,BODY_COMPRESSION -> COUNTERMOVE_AND_RENEWAL,top_historical_matches
1d,COUNTERMOVE_AND_RENEWAL,REJECTION_CLUSTER,1,1,25,4.0,COUNTERMOVE_AND_RENEWAL -> REJECTION_CLUSTER,top_historical_matches
