timeframe,transition_order,transition_from,transition_to,transition_label,current_story,historical_story_presence_pct,historical_occurrences,historical_transition_status
1m,1,INITIAL_BALANCED_BEHAVIOUR,RANGE_EXPANSION,INITIAL_BALANCED_BEHAVIOUR -> RANGE_EXPANSION,INITIAL_BALANCED_BEHAVIOUR -> RANGE_EXPANSION -> BODY_EXPANSION -> REJECTION_CLUSTER -> EXPANSION_AFTER_TEST,84.0,21,COMMON_IN_MATCH_SET
1m,2,RANGE_EXPANSION,BODY_EXPANSION,RANGE_EXPANSION -> BODY_EXPANSION,INITIAL_BALANCED_BEHAVIOUR -> RANGE_EXPANSION -> BODY_EXPANSION -> REJECTION_CLUSTER -> EXPANSION_AFTER_TEST,80.0,20,COMMON_IN_MATCH_SET
1m,3,BODY_EXPANSION,REJECTION_CLUSTER,BODY_EXPANSION -> REJECTION_CLUSTER,INITIAL_BALANCED_BEHAVIOUR -> RANGE_EXPANSION -> BODY_EXPANSION -> REJECTION_CLUSTER -> EXPANSION_AFTER_TEST,32.0,8,PRESENT_IN_MATCH_SET
1m,4,REJECTION_CLUSTER,EXPANSION_AFTER_TEST,REJECTION_CLUSTER -> EXPANSION_AFTER_TEST,INITIAL_BALANCED_BEHAVIOUR -> RANGE_EXPANSION -> BODY_EXPANSION -> REJECTION_CLUSTER -> EXPANSION_AFTER_TEST,36.0,9,PRESENT_IN_MATCH_SET
3m,1,INITIAL_BALANCED_BEHAVIOUR,BODY_COMPRESSION,INITIAL_BALANCED_BEHAVIOUR -> BODY_COMPRESSION,INITIAL_BALANCED_BEHAVIOUR -> BODY_COMPRESSION -> REPEATED_TEST_CLUSTER -> EXPANSION_AFTER_TEST,56.0,14,COMMON_IN_MATCH_SET
3m,2,BODY_COMPRESSION,REPEATED_TEST_CLUSTER,BODY_COMPRESSION -> REPEATED_TEST_CLUSTER,INITIAL_BALANCED_BEHAVIOUR -> BODY_COMPRESSION -> REPEATED_TEST_CLUSTER -> EXPANSION_AFTER_TEST,40.0,10,PRESENT_IN_MATCH_SET
3m,3,REPEATED_TEST_CLUSTER,EXPANSION_AFTER_TEST,REPEATED_TEST_CLUSTER -> EXPANSION_AFTER_TEST,INITIAL_BALANCED_BEHAVIOUR -> BODY_COMPRESSION -> REPEATED_TEST_CLUSTER -> EXPANSION_AFTER_TEST,60.0,15,COMMON_IN_MATCH_SET
5m,1,INITIAL_BALANCED_BEHAVIOUR,DIRECTIONAL_SHIFT,INITIAL_BALANCED_BEHAVIOUR -> DIRECTIONAL_SHIFT,INITIAL_BALANCED_BEHAVIOUR -> DIRECTIONAL_SHIFT -> BODY_COMPRESSION -> REPEATED_TEST_CLUSTER -> EXPANSION_AFTER_TEST -> REJECTION_CLUSTER,44.0,11,PRESENT_IN_MATCH_SET
5m,2,DIRECTIONAL_SHIFT,BODY_COMPRESSION,DIRECTIONAL_SHIFT -> BODY_COMPRESSION,INITIAL_BALANCED_BEHAVIOUR -> DIRECTIONAL_SHIFT -> BODY_COMPRESSION -> REPEATED_TEST_CLUSTER -> EXPANSION_AFTER_TEST -> REJECTION_CLUSTER,68.0,17,COMMON_IN_MATCH_SET
5m,3,BODY_COMPRESSION,REPEATED_TEST_CLUSTER,BODY_COMPRESSION -> REPEATED_TEST_CLUSTER,INITIAL_BALANCED_BEHAVIOUR -> DIRECTIONAL_SHIFT -> BODY_COMPRESSION -> REPEATED_TEST_CLUSTER -> EXPANSION_AFTER_TEST -> REJECTION_CLUSTER,44.0,11,PRESENT_IN_MATCH_SET
5m,4,REPEATED_TEST_CLUSTER,EXPANSION_AFTER_TEST,REPEATED_TEST_CLUSTER -> EXPANSION_AFTER_TEST,INITIAL_BALANCED_BEHAVIOUR -> DIRECTIONAL_SHIFT -> BODY_COMPRESSION -> REPEATED_TEST_CLUSTER -> EXPANSION_AFTER_TEST -> REJECTION_CLUSTER,56.0,16,COMMON_IN_MATCH_SET
5m,5,EXPANSION_AFTER_TEST,REJECTION_CLUSTER,EXPANSION_AFTER_TEST -> REJECTION_CLUSTER,INITIAL_BALANCED_BEHAVIOUR -> DIRECTIONAL_SHIFT -> BODY_COMPRESSION -> REPEATED_TEST_CLUSTER -> EXPANSION_AFTER_TEST -> REJECTION_CLUSTER,44.0,13,PRESENT_IN_MATCH_SET
15m,1,INITIAL_BALANCED_BEHAVIOUR,DIRECTIONAL_SHIFT,INITIAL_BALANCED_BEHAVIOUR -> DIRECTIONAL_SHIFT,INITIAL_BALANCED_BEHAVIOUR -> DIRECTIONAL_SHIFT -> HOLD_CLUSTER -> EXPANSION_AFTER_TEST -> PULLBACK_CLUSTER -> EXPANSION_AFTER_TEST -> HOLD_CLUSTER,64.0,16,COMMON_IN_MATCH_SET
15m,2,DIRECTIONAL_SHIFT,HOLD_CLUSTER,DIRECTIONAL_SHIFT -> HOLD_CLUSTER,INITIAL_BALANCED_BEHAVIOUR -> DIRECTIONAL_SHIFT -> HOLD_CLUSTER -> EXPANSION_AFTER_TEST -> PULLBACK_CLUSTER -> EXPANSION_AFTER_TEST -> HOLD_CLUSTER,32.0,8,PRESENT_IN_MATCH_SET
15m,3,HOLD_CLUSTER,EXPANSION_AFTER_TEST,HOLD_CLUSTER -> EXPANSION_AFTER_TEST,INITIAL_BALANCED_BEHAVIOUR -> DIRECTIONAL_SHIFT -> HOLD_CLUSTER -> EXPANSION_AFTER_TEST -> PULLBACK_CLUSTER -> EXPANSION_AFTER_TEST -> HOLD_CLUSTER,52.0,16,COMMON_IN_MATCH_SET
15m,4,EXPANSION_AFTER_TEST,PULLBACK_CLUSTER,EXPANSION_AFTER_TEST -> PULLBACK_CLUSTER,INITIAL_BALANCED_BEHAVIOUR -> DIRECTIONAL_SHIFT -> HOLD_CLUSTER -> EXPANSION_AFTER_TEST -> PULLBACK_CLUSTER -> EXPANSION_AFTER_TEST -> HOLD_CLUSTER,24.0,6,PRESENT_IN_MATCH_SET
15m,5,PULLBACK_CLUSTER,EXPANSION_AFTER_TEST,PULLBACK_CLUSTER -> EXPANSION_AFTER_TEST,INITIAL_BALANCED_BEHAVIOUR -> DIRECTIONAL_SHIFT -> HOLD_CLUSTER -> EXPANSION_AFTER_TEST -> PULLBACK_CLUSTER -> EXPANSION_AFTER_TEST -> HOLD_CLUSTER,12.0,3,PRESENT_IN_MATCH_SET
15m,6,EXPANSION_AFTER_TEST,HOLD_CLUSTER,EXPANSION_AFTER_TEST -> HOLD_CLUSTER,INITIAL_BALANCED_BEHAVIOUR -> DIRECTIONAL_SHIFT -> HOLD_CLUSTER -> EXPANSION_AFTER_TEST -> PULLBACK_CLUSTER -> EXPANSION_AFTER_TEST -> HOLD_CLUSTER,32.0,8,PRESENT_IN_MATCH_SET
30m,1,INITIAL_BALANCED_BEHAVIOUR,RANGE_COMPRESSION,INITIAL_BALANCED_BEHAVIOUR -> RANGE_COMPRESSION,INITIAL_BALANCED_BEHAVIOUR -> RANGE_COMPRESSION -> HOLD_CLUSTER -> EXPANSION_AFTER_TEST -> HOLD_CLUSTER,80.0,20,COMMON_IN_MATCH_SET
30m,2,RANGE_COMPRESSION,HOLD_CLUSTER,RANGE_COMPRESSION -> HOLD_CLUSTER,INITIAL_BALANCED_BEHAVIOUR -> RANGE_COMPRESSION -> HOLD_CLUSTER -> EXPANSION_AFTER_TEST -> HOLD_CLUSTER,12.0,3,PRESENT_IN_MATCH_SET
30m,3,HOLD_CLUSTER,EXPANSION_AFTER_TEST,HOLD_CLUSTER -> EXPANSION_AFTER_TEST,INITIAL_BALANCED_BEHAVIOUR -> RANGE_COMPRESSION -> HOLD_CLUSTER -> EXPANSION_AFTER_TEST -> HOLD_CLUSTER,24.0,7,PRESENT_IN_MATCH_SET
30m,4,EXPANSION_AFTER_TEST,HOLD_CLUSTER,EXPANSION_AFTER_TEST -> HOLD_CLUSTER,INITIAL_BALANCED_BEHAVIOUR -> RANGE_COMPRESSION -> HOLD_CLUSTER -> EXPANSION_AFTER_TEST -> HOLD_CLUSTER,40.0,10,PRESENT_IN_MATCH_SET
1h,1,INITIAL_BALANCED_BEHAVIOUR,RANGE_EXPANSION,INITIAL_BALANCED_BEHAVIOUR -> RANGE_EXPANSION,INITIAL_BALANCED_BEHAVIOUR -> RANGE_EXPANSION -> DIRECTION_CHANGE_IN_CHARACTER -> COUNTERMOVE_AND_RENEWAL -> REJECTION_CLUSTER -> HOLD_CLUSTER -> REPEATED_TEST_CLUSTER -> EXPANSION_AFTER_TEST -> HOLD_CLUSTER,84.0,21,COMMON_IN_MATCH_SET
1h,2,RANGE_EXPANSION,DIRECTION_CHANGE_IN_CHARACTER,RANGE_EXPANSION -> DIRECTION_CHANGE_IN_CHARACTER,INITIAL_BALANCED_BEHAVIOUR -> RANGE_EXPANSION -> DIRECTION_CHANGE_IN_CHARACTER -> COUNTERMOVE_AND_RENEWAL -> REJECTION_CLUSTER -> HOLD_CLUSTER -> REPEATED_TEST_CLUSTER -> EXPANSION_AFTER_TEST -> HOLD_CLUSTER,36.0,9,PRESENT_IN_MATCH_SET
1h,3,DIRECTION_CHANGE_IN_CHARACTER,COUNTERMOVE_AND_RENEWAL,DIRECTION_CHANGE_IN_CHARACTER -> COUNTERMOVE_AND_RENEWAL,INITIAL_BALANCED_BEHAVIOUR -> RANGE_EXPANSION -> DIRECTION_CHANGE_IN_CHARACTER -> COUNTERMOVE_AND_RENEWAL -> REJECTION_CLUSTER -> HOLD_CLUSTER -> REPEATED_TEST_CLUSTER -> EXPANSION_AFTER_TEST -> HOLD_CLUSTER,8.0,2,PRESENT_IN_MATCH_SET
1h,4,COUNTERMOVE_AND_RENEWAL,REJECTION_CLUSTER,COUNTERMOVE_AND_RENEWAL -> REJECTION_CLUSTER,INITIAL_BALANCED_BEHAVIOUR -> RANGE_EXPANSION -> DIRECTION_CHANGE_IN_CHARACTER -> COUNTERMOVE_AND_RENEWAL -> REJECTION_CLUSTER -> HOLD_CLUSTER -> REPEATED_TEST_CLUSTER -> EXPANSION_AFTER_TEST -> HOLD_CLUSTER,28.0,7,PRESENT_IN_MATCH_SET
1h,5,REJECTION_CLUSTER,HOLD_CLUSTER,REJECTION_CLUSTER -> HOLD_CLUSTER,INITIAL_BALANCED_BEHAVIOUR -> RANGE_EXPANSION -> DIRECTION_CHANGE_IN_CHARACTER -> COUNTERMOVE_AND_RENEWAL -> REJECTION_CLUSTER -> HOLD_CLUSTER -> REPEATED_TEST_CLUSTER -> EXPANSION_AFTER_TEST -> HOLD_CLUSTER,32.0,8,PRESENT_IN_MATCH_SET
1h,6,HOLD_CLUSTER,REPEATED_TEST_CLUSTER,HOLD_CLUSTER -> REPEATED_TEST_CLUSTER,INITIAL_BALANCED_BEHAVIOUR -> RANGE_EXPANSION -> DIRECTION_CHANGE_IN_CHARACTER -> COUNTERMOVE_AND_RENEWAL -> REJECTION_CLUSTER -> HOLD_CLUSTER -> REPEATED_TEST_CLUSTER -> EXPANSION_AFTER_TEST -> HOLD_CLUSTER,8.0,2,PRESENT_IN_MATCH_SET
1h,7,REPEATED_TEST_CLUSTER,EXPANSION_AFTER_TEST,REPEATED_TEST_CLUSTER -> EXPANSION_AFTER_TEST,INITIAL_BALANCED_BEHAVIOUR -> RANGE_EXPANSION -> DIRECTION_CHANGE_IN_CHARACTER -> COUNTERMOVE_AND_RENEWAL -> REJECTION_CLUSTER -> HOLD_CLUSTER -> REPEATED_TEST_CLUSTER -> EXPANSION_AFTER_TEST -> HOLD_CLUSTER,36.0,10,PRESENT_IN_MATCH_SET
1h,8,EXPANSION_AFTER_TEST,HOLD_CLUSTER,EXPANSION_AFTER_TEST -> HOLD_CLUSTER,INITIAL_BALANCED_BEHAVIOUR -> RANGE_EXPANSION -> DIRECTION_CHANGE_IN_CHARACTER -> COUNTERMOVE_AND_RENEWAL -> REJECTION_CLUSTER -> HOLD_CLUSTER -> REPEATED_TEST_CLUSTER -> EXPANSION_AFTER_TEST -> HOLD_CLUSTER,48.0,12,PRESENT_IN_MATCH_SET
4h,1,INITIAL_BALANCED_BEHAVIOUR,REJECTION_CLUSTER,INITIAL_BALANCED_BEHAVIOUR -> REJECTION_CLUSTER,INITIAL_BALANCED_BEHAVIOUR -> REJECTION_CLUSTER -> EXPANSION_AFTER_TEST -> LEVEL_INTERACTION_CLUSTER -> EXPANSION_AFTER_TEST,12.0,3,PRESENT_IN_MATCH_SET
4h,2,REJECTION_CLUSTER,EXPANSION_AFTER_TEST,REJECTION_CLUSTER -> EXPANSION_AFTER_TEST,INITIAL_BALANCED_BEHAVIOUR -> REJECTION_CLUSTER -> EXPANSION_AFTER_TEST -> LEVEL_INTERACTION_CLUSTER -> EXPANSION_AFTER_TEST,76.0,24,COMMON_IN_MATCH_SET
4h,3,EXPANSION_AFTER_TEST,LEVEL_INTERACTION_CLUSTER,EXPANSION_AFTER_TEST -> LEVEL_INTERACTION_CLUSTER,INITIAL_BALANCED_BEHAVIOUR -> REJECTION_CLUSTER -> EXPANSION_AFTER_TEST -> LEVEL_INTERACTION_CLUSTER -> EXPANSION_AFTER_TEST,8.0,2,PRESENT_IN_MATCH_SET
4h,4,LEVEL_INTERACTION_CLUSTER,EXPANSION_AFTER_TEST,LEVEL_INTERACTION_CLUSTER -> EXPANSION_AFTER_TEST,INITIAL_BALANCED_BEHAVIOUR -> REJECTION_CLUSTER -> EXPANSION_AFTER_TEST -> LEVEL_INTERACTION_CLUSTER -> EXPANSION_AFTER_TEST,8.0,2,PRESENT_IN_MATCH_SET
1d,1,INITIAL_BALANCED_BEHAVIOUR,REPEATED_TEST_CLUSTER,INITIAL_BALANCED_BEHAVIOUR -> REPEATED_TEST_CLUSTER,INITIAL_BALANCED_BEHAVIOUR -> REPEATED_TEST_CLUSTER -> REJECTION_CLUSTER -> REPEATED_TEST_CLUSTER -> EXPANSION_AFTER_TEST -> REJECTION_CLUSTER,8.0,2,PRESENT_IN_MATCH_SET
1d,2,REPEATED_TEST_CLUSTER,REJECTION_CLUSTER,REPEATED_TEST_CLUSTER -> REJECTION_CLUSTER,INITIAL_BALANCED_BEHAVIOUR -> REPEATED_TEST_CLUSTER -> REJECTION_CLUSTER -> REPEATED_TEST_CLUSTER -> EXPANSION_AFTER_TEST -> REJECTION_CLUSTER,4.0,1,PRESENT_IN_MATCH_SET
1d,3,REJECTION_CLUSTER,REPEATED_TEST_CLUSTER,REJECTION_CLUSTER -> REPEATED_TEST_CLUSTER,INITIAL_BALANCED_BEHAVIOUR -> REPEATED_TEST_CLUSTER -> REJECTION_CLUSTER -> REPEATED_TEST_CLUSTER -> EXPANSION_AFTER_TEST -> REJECTION_CLUSTER,20.0,5,PRESENT_IN_MATCH_SET
1d,4,REPEATED_TEST_CLUSTER,EXPANSION_AFTER_TEST,REPEATED_TEST_CLUSTER -> EXPANSION_AFTER_TEST,INITIAL_BALANCED_BEHAVIOUR -> REPEATED_TEST_CLUSTER -> REJECTION_CLUSTER -> REPEATED_TEST_CLUSTER -> EXPANSION_AFTER_TEST -> REJECTION_CLUSTER,40.0,10,PRESENT_IN_MATCH_SET
1d,5,EXPANSION_AFTER_TEST,REJECTION_CLUSTER,EXPANSION_AFTER_TEST -> REJECTION_CLUSTER,INITIAL_BALANCED_BEHAVIOUR -> REPEATED_TEST_CLUSTER -> REJECTION_CLUSTER -> REPEATED_TEST_CLUSTER -> EXPANSION_AFTER_TEST -> REJECTION_CLUSTER,48.0,13,PRESENT_IN_MATCH_SET
