timeframe,transition_from,transition_to,occurrences,stories_with_transition,story_count,story_presence_pct,transition_label,source_set,transition_rank
1m,INITIAL_BALANCED_BEHAVIOUR,RANGE_EXPANSION,21,21,25,84.0,INITIAL_BALANCED_BEHAVIOUR -> RANGE_EXPANSION,top_historical_matches,1
1m,RANGE_EXPANSION,BODY_EXPANSION,20,20,25,80.0,RANGE_EXPANSION -> BODY_EXPANSION,top_historical_matches,2
1m,REJECTION_CLUSTER,EXPANSION_AFTER_TEST,9,9,25,36.0,REJECTION_CLUSTER -> EXPANSION_AFTER_TEST,top_historical_matches,3
1m,BODY_EXPANSION,REJECTION_CLUSTER,8,8,25,32.0,BODY_EXPANSION -> REJECTION_CLUSTER,top_historical_matches,4
1m,HOLD_CLUSTER,EXPANSION_AFTER_TEST,8,8,25,32.0,HOLD_CLUSTER -> EXPANSION_AFTER_TEST,top_historical_matches,5
1m,BODY_EXPANSION,REPEATED_TEST_CLUSTER,6,6,25,24.0,BODY_EXPANSION -> REPEATED_TEST_CLUSTER,top_historical_matches,6
1m,REPEATED_TEST_CLUSTER,EXPANSION_AFTER_TEST,6,6,25,24.0,REPEATED_TEST_CLUSTER -> EXPANSION_AFTER_TEST,top_historical_matches,7
1m,BODY_EXPANSION,HOLD_CLUSTER,5,5,25,20.0,BODY_EXPANSION -> HOLD_CLUSTER,top_historical_matches,8
1m,BODY_EXPANSION,COUNTERMOVE_AND_RENEWAL,4,4,25,16.0,BODY_EXPANSION -> COUNTERMOVE_AND_RENEWAL,top_historical_matches,9
1m,COUNTERMOVE_AND_RENEWAL,HOLD_CLUSTER,4,4,25,16.0,COUNTERMOVE_AND_RENEWAL -> HOLD_CLUSTER,top_historical_matches,10
1m,BODY_EXPANSION,LEVEL_INTERACTION_CLUSTER,2,2,25,8.0,BODY_EXPANSION -> LEVEL_INTERACTION_CLUSTER,top_historical_matches,11
1m,DIRECTIONAL_SHIFT,BODY_EXPANSION,2,2,25,8.0,DIRECTIONAL_SHIFT -> BODY_EXPANSION,top_historical_matches,12
1m,EXPANSION_AFTER_TEST,HOLD_CLUSTER,2,2,25,8.0,EXPANSION_AFTER_TEST -> HOLD_CLUSTER,top_historical_matches,13
1m,INITIAL_BALANCED_BEHAVIOUR,BODY_EXPANSION,2,2,25,8.0,INITIAL_BALANCED_BEHAVIOUR -> BODY_EXPANSION,top_historical_matches,14
1m,INITIAL_BALANCED_BEHAVIOUR,DIRECTIONAL_SHIFT,2,2,25,8.0,INITIAL_BALANCED_BEHAVIOUR -> DIRECTIONAL_SHIFT,top_historical_matches,15
3m,REPEATED_TEST_CLUSTER,EXPANSION_AFTER_TEST,15,15,25,60.0,REPEATED_TEST_CLUSTER -> EXPANSION_AFTER_TEST,top_historical_matches,1
3m,INITIAL_BALANCED_BEHAVIOUR,BODY_COMPRESSION,14,14,25,56.0,INITIAL_BALANCED_BEHAVIOUR -> BODY_COMPRESSION,top_historical_matches,2
3m,BODY_COMPRESSION,REPEATED_TEST_CLUSTER,10,10,25,40.0,BODY_COMPRESSION -> REPEATED_TEST_CLUSTER,top_historical_matches,3
3m,INITIAL_BALANCED_BEHAVIOUR,RANGE_COMPRESSION,6,6,25,24.0,INITIAL_BALANCED_BEHAVIOUR -> RANGE_COMPRESSION,top_historical_matches,4
3m,REJECTION_CLUSTER,EXPANSION_AFTER_TEST,5,5,25,20.0,REJECTION_CLUSTER -> EXPANSION_AFTER_TEST,top_historical_matches,5
3m,BODY_COMPRESSION,REJECTION_CLUSTER,3,3,25,12.0,BODY_COMPRESSION -> REJECTION_CLUSTER,top_historical_matches,6
3m,RANGE_COMPRESSION,BODY_COMPRESSION,3,3,25,12.0,RANGE_COMPRESSION -> BODY_COMPRESSION,top_historical_matches,7
3m,BODY_COMPRESSION,LEVEL_INTERACTION_CLUSTER,2,2,25,8.0,BODY_COMPRESSION -> LEVEL_INTERACTION_CLUSTER,top_historical_matches,8
3m,INITIAL_BALANCED_BEHAVIOUR,REPEATED_TEST_CLUSTER,2,2,25,8.0,INITIAL_BALANCED_BEHAVIOUR -> REPEATED_TEST_CLUSTER,top_historical_matches,9
3m,BODY_COMPRESSION,PULLBACK_CLUSTER,1,1,25,4.0,BODY_COMPRESSION -> PULLBACK_CLUSTER,top_historical_matches,10
3m,COUNTERMOVE_AND_RENEWAL,REPEATED_TEST_CLUSTER,1,1,25,4.0,COUNTERMOVE_AND_RENEWAL -> REPEATED_TEST_CLUSTER,top_historical_matches,11
3m,DIRECTIONAL_SHIFT,BODY_COMPRESSION,1,1,25,4.0,DIRECTIONAL_SHIFT -> BODY_COMPRESSION,top_historical_matches,12
3m,DIRECTIONAL_SHIFT,REPEATED_TEST_CLUSTER,1,1,25,4.0,DIRECTIONAL_SHIFT -> REPEATED_TEST_CLUSTER,top_historical_matches,13
3m,EXPANSION_AFTER_TEST,HOLD_CLUSTER,1,1,25,4.0,EXPANSION_AFTER_TEST -> HOLD_CLUSTER,top_historical_matches,14
3m,EXPANSION_AFTER_TEST,REJECTION_CLUSTER,1,1,25,4.0,EXPANSION_AFTER_TEST -> REJECTION_CLUSTER,top_historical_matches,15
5m,DIRECTIONAL_SHIFT,BODY_COMPRESSION,17,17,25,68.0,DIRECTIONAL_SHIFT -> BODY_COMPRESSION,top_historical_matches,1
5m,REPEATED_TEST_CLUSTER,EXPANSION_AFTER_TEST,16,14,25,56.0,REPEATED_TEST_CLUSTER -> EXPANSION_AFTER_TEST,top_historical_matches,2
5m,EXPANSION_AFTER_TEST,REJECTION_CLUSTER,13,11,25,44.0,EXPANSION_AFTER_TEST -> REJECTION_CLUSTER,top_historical_matches,3
5m,BODY_COMPRESSION,REPEATED_TEST_CLUSTER,11,11,25,44.0,BODY_COMPRESSION -> REPEATED_TEST_CLUSTER,top_historical_matches,4
5m,INITIAL_BALANCED_BEHAVIOUR,DIRECTIONAL_SHIFT,11,11,25,44.0,INITIAL_BALANCED_BEHAVIOUR -> DIRECTIONAL_SHIFT,top_historical_matches,5
5m,INITIAL_BEARISH_BIAS,DIRECTIONAL_SHIFT,7,7,25,28.0,INITIAL_BEARISH_BIAS -> DIRECTIONAL_SHIFT,top_historical_matches,6
5m,DIRECTION_CHANGE_IN_CHARACTER,BODY_COMPRESSION,6,6,25,24.0,DIRECTION_CHANGE_IN_CHARACTER -> BODY_COMPRESSION,top_historical_matches,7
5m,INITIAL_BALANCED_BEHAVIOUR,DIRECTION_CHANGE_IN_CHARACTER,6,6,25,24.0,INITIAL_BALANCED_BEHAVIOUR -> DIRECTION_CHANGE_IN_CHARACTER,top_historical_matches,8
5m,REJECTION_CLUSTER,EXPANSION_AFTER_TEST,7,5,25,20.0,REJECTION_CLUSTER -> EXPANSION_AFTER_TEST,top_historical_matches,9
5m,BODY_COMPRESSION,HOLD_CLUSTER,5,5,25,20.0,BODY_COMPRESSION -> HOLD_CLUSTER,top_historical_matches,10
5m,EXPANSION_AFTER_TEST,HOLD_CLUSTER,5,5,25,20.0,EXPANSION_AFTER_TEST -> HOLD_CLUSTER,top_historical_matches,11
5m,HOLD_CLUSTER,EXPANSION_AFTER_TEST,5,5,25,20.0,HOLD_CLUSTER -> EXPANSION_AFTER_TEST,top_historical_matches,12
5m,BODY_COMPRESSION,REJECTION_CLUSTER,4,4,25,16.0,BODY_COMPRESSION -> REJECTION_CLUSTER,top_historical_matches,13
5m,REJECTION_CLUSTER,REPEATED_TEST_CLUSTER,3,3,25,12.0,REJECTION_CLUSTER -> REPEATED_TEST_CLUSTER,top_historical_matches,14
5m,BODY_COMPRESSION,LEVEL_INTERACTION_CLUSTER,2,2,25,8.0,BODY_COMPRESSION -> LEVEL_INTERACTION_CLUSTER,top_historical_matches,15
15m,INITIAL_BALANCED_BEHAVIOUR,DIRECTIONAL_SHIFT,16,16,25,64.0,INITIAL_BALANCED_BEHAVIOUR -> DIRECTIONAL_SHIFT,top_historical_matches,1
15m,REJECTION_CLUSTER,EXPANSION_AFTER_TEST,18,14,25,56.0,REJECTION_CLUSTER -> EXPANSION_AFTER_TEST,top_historical_matches,2
15m,HOLD_CLUSTER,EXPANSION_AFTER_TEST,16,13,25,52.0,HOLD_CLUSTER -> EXPANSION_AFTER_TEST,top_historical_matches,3
15m,EXPANSION_AFTER_TEST,REJECTION_CLUSTER,10,10,25,40.0,EXPANSION_AFTER_TEST -> REJECTION_CLUSTER,top_historical_matches,4
15m,DIRECTIONAL_SHIFT,HOLD_CLUSTER,8,8,25,32.0,DIRECTIONAL_SHIFT -> HOLD_CLUSTER,top_historical_matches,5
15m,EXPANSION_AFTER_TEST,HOLD_CLUSTER,8,8,25,32.0,EXPANSION_AFTER_TEST -> HOLD_CLUSTER,top_historical_matches,6
15m,DIRECTIONAL_SHIFT,REJECTION_CLUSTER,6,6,25,24.0,DIRECTIONAL_SHIFT -> REJECTION_CLUSTER,top_historical_matches,7
15m,EXPANSION_AFTER_TEST,PULLBACK_CLUSTER,6,6,25,24.0,EXPANSION_AFTER_TEST -> PULLBACK_CLUSTER,top_historical_matches,8
15m,EXPANSION_AFTER_TEST,LEVEL_INTERACTION_CLUSTER,4,4,25,16.0,EXPANSION_AFTER_TEST -> LEVEL_INTERACTION_CLUSTER,top_historical_matches,9
15m,EXPANSION_AFTER_TEST,REPEATED_TEST_CLUSTER,4,3,25,12.0,EXPANSION_AFTER_TEST -> REPEATED_TEST_CLUSTER,top_historical_matches,10
15m,INITIAL_BALANCED_BEHAVIOUR,DIRECTION_CHANGE_IN_CHARACTER,3,3,25,12.0,INITIAL_BALANCED_BEHAVIOUR -> DIRECTION_CHANGE_IN_CHARACTER,top_historical_matches,11
15m,PULLBACK_CLUSTER,EXPANSION_AFTER_TEST,3,3,25,12.0,PULLBACK_CLUSTER -> EXPANSION_AFTER_TEST,top_historical_matches,12
15m,PULLBACK_CLUSTER,HOLD_CLUSTER,3,3,25,12.0,PULLBACK_CLUSTER -> HOLD_CLUSTER,top_historical_matches,13
15m,REJECTION_CLUSTER,HOLD_CLUSTER,3,3,25,12.0,REJECTION_CLUSTER -> HOLD_CLUSTER,top_historical_matches,14
15m,REPEATED_TEST_CLUSTER,EXPANSION_AFTER_TEST,3,3,25,12.0,REPEATED_TEST_CLUSTER -> EXPANSION_AFTER_TEST,top_historical_matches,15
30m,INITIAL_BALANCED_BEHAVIOUR,RANGE_COMPRESSION,20,20,25,80.0,INITIAL_BALANCED_BEHAVIOUR -> RANGE_COMPRESSION,top_historical_matches,1
30m,REJECTION_CLUSTER,EXPANSION_AFTER_TEST,13,10,25,40.0,REJECTION_CLUSTER -> EXPANSION_AFTER_TEST,top_historical_matches,2
30m,EXPANSION_AFTER_TEST,HOLD_CLUSTER,10,10,25,40.0,EXPANSION_AFTER_TEST -> HOLD_CLUSTER,top_historical_matches,3
30m,EXPANSION_AFTER_TEST,REJECTION_CLUSTER,8,8,25,32.0,EXPANSION_AFTER_TEST -> REJECTION_CLUSTER,top_historical_matches,4
30m,RANGE_COMPRESSION,REJECTION_CLUSTER,7,7,25,28.0,RANGE_COMPRESSION -> REJECTION_CLUSTER,top_historical_matches,5
30m,HOLD_CLUSTER,EXPANSION_AFTER_TEST,7,6,25,24.0,HOLD_CLUSTER -> EXPANSION_AFTER_TEST,top_historical_matches,6
30m,REPEATED_TEST_CLUSTER,EXPANSION_AFTER_TEST,6,6,25,24.0,REPEATED_TEST_CLUSTER -> EXPANSION_AFTER_TEST,top_historical_matches,7
30m,RANGE_COMPRESSION,BODY_COMPRESSION,4,4,25,16.0,RANGE_COMPRESSION -> BODY_COMPRESSION,top_historical_matches,8
30m,HOLD_CLUSTER,PULLBACK_CLUSTER,3,3,25,12.0,HOLD_CLUSTER -> PULLBACK_CLUSTER,top_historical_matches,9
30m,RANGE_COMPRESSION,HOLD_CLUSTER,3,3,25,12.0,RANGE_COMPRESSION -> HOLD_CLUSTER,top_historical_matches,10
30m,RANGE_COMPRESSION,REPEATED_TEST_CLUSTER,3,3,25,12.0,RANGE_COMPRESSION -> REPEATED_TEST_CLUSTER,top_historical_matches,11
30m,REJECTION_CLUSTER,HOLD_CLUSTER,3,3,25,12.0,REJECTION_CLUSTER -> HOLD_CLUSTER,top_historical_matches,12
30m,BODY_COMPRESSION,HOLD_CLUSTER,2,2,25,8.0,BODY_COMPRESSION -> HOLD_CLUSTER,top_historical_matches,13
30m,BODY_COMPRESSION,REJECTION_CLUSTER,2,2,25,8.0,BODY_COMPRESSION -> REJECTION_CLUSTER,top_historical_matches,14
30m,EXPANSION_AFTER_TEST,REPEATED_TEST_CLUSTER,2,2,25,8.0,EXPANSION_AFTER_TEST -> REPEATED_TEST_CLUSTER,top_historical_matches,15
1h,INITIAL_BALANCED_BEHAVIOUR,RANGE_EXPANSION,21,21,25,84.0,INITIAL_BALANCED_BEHAVIOUR -> RANGE_EXPANSION,top_historical_matches,1
1h,EXPANSION_AFTER_TEST,HOLD_CLUSTER,12,12,25,48.0,EXPANSION_AFTER_TEST -> HOLD_CLUSTER,top_historical_matches,2
1h,HOLD_CLUSTER,EXPANSION_AFTER_TEST,12,10,25,40.0,HOLD_CLUSTER -> EXPANSION_AFTER_TEST,top_historical_matches,3
1h,REJECTION_CLUSTER,EXPANSION_AFTER_TEST,11,9,25,36.0,REJECTION_CLUSTER -> EXPANSION_AFTER_TEST,top_historical_matches,4
1h,REPEATED_TEST_CLUSTER,EXPANSION_AFTER_TEST,10,9,25,36.0,REPEATED_TEST_CLUSTER -> EXPANSION_AFTER_TEST,top_historical_matches,5
1h,RANGE_EXPANSION,DIRECTION_CHANGE_IN_CHARACTER,9,9,25,36.0,RANGE_EXPANSION -> DIRECTION_CHANGE_IN_CHARACTER,top_historical_matches,6
1h,REJECTION_CLUSTER,HOLD_CLUSTER,8,8,25,32.0,REJECTION_CLUSTER -> HOLD_CLUSTER,top_historical_matches,7
1h,BODY_EXPANSION,REJECTION_CLUSTER,7,7,25,28.0,BODY_EXPANSION -> REJECTION_CLUSTER,top_historical_matches,8
1h,COUNTERMOVE_AND_RENEWAL,REJECTION_CLUSTER,7,7,25,28.0,COUNTERMOVE_AND_RENEWAL -> REJECTION_CLUSTER,top_historical_matches,9
1h,DIRECTION_CHANGE_IN_CHARACTER,BODY_EXPANSION,7,7,25,28.0,DIRECTION_CHANGE_IN_CHARACTER -> BODY_EXPANSION,top_historical_matches,10
1h,EXPANSION_AFTER_TEST,REPEATED_TEST_CLUSTER,7,6,25,24.0,EXPANSION_AFTER_TEST -> REPEATED_TEST_CLUSTER,top_historical_matches,11
1h,BODY_EXPANSION,COUNTERMOVE_AND_RENEWAL,6,6,25,24.0,BODY_EXPANSION -> COUNTERMOVE_AND_RENEWAL,top_historical_matches,12
1h,RANGE_EXPANSION,BODY_EXPANSION,6,6,25,24.0,RANGE_EXPANSION -> BODY_EXPANSION,top_historical_matches,13
1h,EXPANSION_AFTER_TEST,REJECTION_CLUSTER,5,5,25,20.0,EXPANSION_AFTER_TEST -> REJECTION_CLUSTER,top_historical_matches,14
1h,DIRECTIONAL_SHIFT,BODY_EXPANSION,4,4,25,16.0,DIRECTIONAL_SHIFT -> BODY_EXPANSION,top_historical_matches,15
4h,REJECTION_CLUSTER,EXPANSION_AFTER_TEST,24,19,25,76.0,REJECTION_CLUSTER -> EXPANSION_AFTER_TEST,top_historical_matches,1
4h,EXPANSION_AFTER_TEST,REJECTION_CLUSTER,9,9,25,36.0,EXPANSION_AFTER_TEST -> REJECTION_CLUSTER,top_historical_matches,2
4h,REPEATED_TEST_CLUSTER,EXPANSION_AFTER_TEST,9,9,25,36.0,REPEATED_TEST_CLUSTER -> EXPANSION_AFTER_TEST,top_historical_matches,3
4h,EXPANSION_AFTER_TEST,REPEATED_TEST_CLUSTER,8,8,25,32.0,EXPANSION_AFTER_TEST -> REPEATED_TEST_CLUSTER,top_historical_matches,4
4h,HOLD_CLUSTER,EXPANSION_AFTER_TEST,8,8,25,32.0,HOLD_CLUSTER -> EXPANSION_AFTER_TEST,top_historical_matches,5
4h,INITIAL_BALANCED_BEHAVIOUR,RANGE_EXPANSION,6,6,25,24.0,INITIAL_BALANCED_BEHAVIOUR -> RANGE_EXPANSION,top_historical_matches,6
4h,INITIAL_BALANCED_BEHAVIOUR,BODY_COMPRESSION,5,5,25,20.0,INITIAL_BALANCED_BEHAVIOUR -> BODY_COMPRESSION,top_historical_matches,7
4h,HOLD_CLUSTER,REJECTION_CLUSTER,4,4,25,16.0,HOLD_CLUSTER -> REJECTION_CLUSTER,top_historical_matches,8
4h,BODY_COMPRESSION,HOLD_CLUSTER,3,3,25,12.0,BODY_COMPRESSION -> HOLD_CLUSTER,top_historical_matches,9
4h,BODY_COMPRESSION,REJECTION_CLUSTER,3,3,25,12.0,BODY_COMPRESSION -> REJECTION_CLUSTER,top_historical_matches,10
4h,COUNTERMOVE_AND_RENEWAL,REJECTION_CLUSTER,3,3,25,12.0,COUNTERMOVE_AND_RENEWAL -> REJECTION_CLUSTER,top_historical_matches,11
4h,EXPANSION_AFTER_TEST,HOLD_CLUSTER,3,3,25,12.0,EXPANSION_AFTER_TEST -> HOLD_CLUSTER,top_historical_matches,12
4h,EXPANSION_AFTER_TEST,PULLBACK_CLUSTER,3,3,25,12.0,EXPANSION_AFTER_TEST -> PULLBACK_CLUSTER,top_historical_matches,13
4h,INITIAL_BALANCED_BEHAVIOUR,DIRECTIONAL_SHIFT,3,3,25,12.0,INITIAL_BALANCED_BEHAVIOUR -> DIRECTIONAL_SHIFT,top_historical_matches,14
4h,INITIAL_BALANCED_BEHAVIOUR,REJECTION_CLUSTER,3,3,25,12.0,INITIAL_BALANCED_BEHAVIOUR -> REJECTION_CLUSTER,top_historical_matches,15
1d,EXPANSION_AFTER_TEST,REJECTION_CLUSTER,13,12,25,48.0,EXPANSION_AFTER_TEST -> REJECTION_CLUSTER,top_historical_matches,1
1d,REPEATED_TEST_CLUSTER,EXPANSION_AFTER_TEST,10,10,25,40.0,REPEATED_TEST_CLUSTER -> EXPANSION_AFTER_TEST,top_historical_matches,2
1d,REJECTION_CLUSTER,EXPANSION_AFTER_TEST,9,9,25,36.0,REJECTION_CLUSTER -> EXPANSION_AFTER_TEST,top_historical_matches,3
1d,HOLD_CLUSTER,EXPANSION_AFTER_TEST,8,8,25,32.0,HOLD_CLUSTER -> EXPANSION_AFTER_TEST,top_historical_matches,4
1d,REJECTION_CLUSTER,HOLD_CLUSTER,7,7,25,28.0,REJECTION_CLUSTER -> HOLD_CLUSTER,top_historical_matches,5
1d,EXPANSION_AFTER_TEST,HOLD_CLUSTER,5,5,25,20.0,EXPANSION_AFTER_TEST -> HOLD_CLUSTER,top_historical_matches,6
1d,INITIAL_BALANCED_BEHAVIOUR,BODY_COMPRESSION,5,5,25,20.0,INITIAL_BALANCED_BEHAVIOUR -> BODY_COMPRESSION,top_historical_matches,7
1d,REJECTION_CLUSTER,REPEATED_TEST_CLUSTER,5,5,25,20.0,REJECTION_CLUSTER -> REPEATED_TEST_CLUSTER,top_historical_matches,8
1d,BODY_COMPRESSION,REJECTION_CLUSTER,4,4,25,16.0,BODY_COMPRESSION -> REJECTION_CLUSTER,top_historical_matches,9
1d,BODY_EXPANSION,REJECTION_CLUSTER,4,4,25,16.0,BODY_EXPANSION -> REJECTION_CLUSTER,top_historical_matches,10
1d,HOLD_CLUSTER,REJECTION_CLUSTER,4,4,25,16.0,HOLD_CLUSTER -> REJECTION_CLUSTER,top_historical_matches,11
1d,INITIAL_BALANCED_BEHAVIOUR,REJECTION_CLUSTER,4,4,25,16.0,INITIAL_BALANCED_BEHAVIOUR -> REJECTION_CLUSTER,top_historical_matches,12
1d,INITIAL_BALANCED_BEHAVIOUR,BODY_EXPANSION,3,3,25,12.0,INITIAL_BALANCED_BEHAVIOUR -> BODY_EXPANSION,top_historical_matches,13
1d,DIRECTION_CHANGE_IN_CHARACTER,BODY_EXPANSION,2,2,25,8.0,DIRECTION_CHANGE_IN_CHARACTER -> BODY_EXPANSION,top_historical_matches,14
1d,INITIAL_BALANCED_BEHAVIOUR,DIRECTION_CHANGE_IN_CHARACTER,2,2,25,8.0,INITIAL_BALANCED_BEHAVIOUR -> DIRECTION_CHANGE_IN_CHARACTER,top_historical_matches,15
