timeframe,rank,similarity,candidate_start,candidate_end,before_archetype,matched_archetype,after_archetype,before_bullish,matched_bullish,after_bullish,before_range,matched_range,after_range
1m,1,0.2277370034458535,20590,20609,SIDEWAYS_COMPRESSION,SIDEWAYS_COMPRESSION,SIDEWAYS_COMPRESSION,0.4,0.6,0.6,0.2229050796150051,0.20554850950970938,0.17284530636571155
1m,2,0.2190209695900002,10381,10400,REJECTION_MIX,SIDEWAYS_COMPRESSION,REJECTION_MIX,0.3,0.5,0.7,0.20152203569149257,0.2327371842761803,0.1245051762910013
1m,3,0.21503974953568714,131,150,SIDEWAYS_COMPRESSION,SIDEWAYS_COMPRESSION,SIDEWAYS_COMPRESSION,0.4,0.55,0.5,0.21046912726314507,0.3277904550983146,0.182279238024957
1m,4,0.21005384391756163,6335,6354,SIDEWAYS_COMPRESSION,SIDEWAYS_COMPRESSION,SIDEWAYS_COMPRESSION,0.6,0.6,0.4,0.19929332931079158,0.1803180962503234,0.3063901082686823
1m,5,0.207871415240803,20688,20707,SIDEWAYS_COMPRESSION,SIDEWAYS_COMPRESSION,REJECTION_MIX,0.4,0.6,0.3,0.20201468971881517,0.1982475039294574,0.279906996700097
1m,6,0.2056113090870499,20895,20914,REJECTION_MIX,SIDEWAYS_COMPRESSION,COMPRESSION_SEQUENCE,0.3,0.55,0.8,0.16147083803976903,0.24916332386476198,0.269972071290982
1m,7,0.20415577709325144,29192,29211,SIDEWAYS_COMPRESSION,SIDEWAYS_COMPRESSION,REJECTION_MIX,0.4,0.5,0.3,0.19578204650118278,0.25024463686074216,0.18160610763665946
1m,8,0.20290517304452302,1875,1894,PERSISTENT_BEARISH_BODY,REJECTION_MIX,SIDEWAYS_COMPRESSION,0.2,0.75,0.6,0.25742043728478603,0.17270162704362918,0.2903022671308295
1m,9,0.20201717572910238,5410,5429,REJECTION_MIX,SIDEWAYS_COMPRESSION,REJECTION_MIX,0.3,0.6,0.3,0.332897869367664,0.2120126267406246,0.21416817453623352
1m,10,0.2013897150309097,25724,25743,PERSISTENT_BEARISH_BODY,SIDEWAYS_COMPRESSION,SIDEWAYS_COMPRESSION,0.2,0.6,0.5,0.2070852198736969,0.20560466248517337,0.22762707399919718
1m,11,0.20080522015889665,26352,26371,SIDEWAYS_COMPRESSION,SIDEWAYS_TO_DIRECTIONAL,PERSISTENT_BEARISH_BODY,0.5,0.35,0.2,0.19162475576980315,0.2437761462232792,0.1696495696612301
1m,12,0.20041989941314475,7756,7775,REJECTION_MIX,SIDEWAYS_COMPRESSION,SIDEWAYS_COMPRESSION,0.3,0.45,0.5,0.32214159474125453,0.22534942918170203,0.2675504642226853
1m,13,0.2003521171479866,29725,29744,SIDEWAYS_COMPRESSION,SIDEWAYS_COMPRESSION,SIDEWAYS_COMPRESSION,0.4,0.55,0.5,0.17461907277317212,0.20697405654886353,0.20253284078407185
1m,14,0.1995406014649154,29786,29805,PERSISTENT_BULLISH_BODY,SIDEWAYS_COMPRESSION,SIDEWAYS_COMPRESSION,0.8,0.55,0.6,0.3367961359000437,0.22525763216529326,0.1787249566256931
1m,15,0.19719585149129015,11161,11180,SIDEWAYS_COMPRESSION,SIDEWAYS_COMPRESSION,SIDEWAYS_COMPRESSION,0.5,0.55,0.5,0.21753974224120537,0.18984008089492305,0.28909802988165784
1m,16,0.1970835649573064,6328,6347,SIDEWAYS_COMPRESSION,REJECTION_MIX,BEARISH_TO_BULLISH_SHIFT,0.4,0.7,0.5,0.24229847703116092,0.18279622449869762,0.27334388591282793
1m,17,0.19657197330789256,6332,6351,SIDEWAYS_COMPRESSION,SIDEWAYS_COMPRESSION,SIDEWAYS_COMPRESSION,0.6,0.55,0.5,0.18881364760476743,0.18583202152977935,0.2861302344109814
1m,18,0.19651736326416036,15293,15312,SIDEWAYS_COMPRESSION,SIDEWAYS_COMPRESSION,SIDEWAYS_COMPRESSION,0.4,0.6,0.5,0.30014326457848517,0.27964255700734425,0.23127280444026446
1m,19,0.1959982126353152,22326,22345,PERSISTENT_BULLISH_BODY,SIDEWAYS_COMPRESSION,SIDEWAYS_COMPRESSION,0.9,0.5,0.6,0.17324069253784227,0.18464486550117018,0.16619503404838198
1m,20,0.19560309562019873,20435,20454,REJECTION_MIX,SIDEWAYS_COMPRESSION,REJECTION_MIX,0.7,0.5,0.3,0.16752629190430376,0.33891839354253317,0.2840018471247181
1m,21,0.19544380172326437,17266,17285,SIDEWAYS_COMPRESSION,REJECTION_MIX,SIDEWAYS_COMPRESSION,0.4,0.65,0.5,0.16584597300983747,0.1971108900611891,0.15290648442730542
1m,22,0.19528382511589723,16888,16907,REJECTION_MIX,REJECTION_MIX,SIDEWAYS_COMPRESSION,0.3,0.7,0.5,0.16963346825654463,0.1906528229056969,0.15590125358826434
1m,23,0.1951703855680882,7576,7595,SIDEWAYS_COMPRESSION,SIDEWAYS_COMPRESSION,SIDEWAYS_COMPRESSION,0.6,0.5,0.4,0.3937121421282368,0.21142943454032057,0.291810216631247
1m,24,0.19514865620956373,6412,6431,SIDEWAYS_COMPRESSION,SIDEWAYS_COMPRESSION,SIDEWAYS_COMPRESSION,0.6,0.45,0.5,0.23697669097689972,0.19041228934771934,0.3694412646759905
1m,25,0.1951051768103642,17359,17378,SIDEWAYS_COMPRESSION,SIDEWAYS_COMPRESSION,SIDEWAYS_COMPRESSION,0.5,0.55,0.5,0.24943773535936478,0.1860437701105875,0.20889712917711928
3m,1,0.3606024429579151,21149,21168,SIDEWAYS_COMPRESSION,SIDEWAYS_COMPRESSION,SIDEWAYS_COMPRESSION,0.6,0.5,0.4,0.25732148807570543,0.2032132701232789,0.17447509137591385
3m,2,0.35843502662239035,6938,6957,REJECTION_MIX,REJECTION_MIX,SIDEWAYS_COMPRESSION,0.3,0.3,0.6,0.2681764496644616,0.16599331549525584,0.20807602972150674
3m,3,0.35641327281381985,6629,6648,SIDEWAYS_COMPRESSION,SIDEWAYS_COMPRESSION,SIDEWAYS_COMPRESSION,0.5,0.5,0.5,0.1572528827966743,0.2107219846075556,0.27382285172132514
3m,4,0.35456339709417184,13910,13929,SIDEWAYS_COMPRESSION,SIDEWAYS_COMPRESSION,SIDEWAYS_COMPRESSION,0.6,0.6,0.6,0.22719427930365005,0.17135516943759427,0.2588268340358203
3m,5,0.34713643275905137,15843,15862,SIDEWAYS_COMPRESSION,SIDEWAYS_COMPRESSION,REJECTION_MIX,0.5,0.5,0.3,0.24118193705655516,0.16892970448905453,0.1711045400162085
3m,6,0.3470751626272191,2223,2242,SIDEWAYS_COMPRESSION,SIDEWAYS_COMPRESSION,SIDEWAYS_COMPRESSION,0.6,0.5,0.6,0.3520744871507854,0.20398359361881951,0.18995042352895236
3m,7,0.34195020811267257,2889,2908,REJECTION_MIX,SIDEWAYS_COMPRESSION,SIDEWAYS_COMPRESSION,0.7,0.5,0.6,0.22065824867230738,0.18356278154150368,0.25988977116745277
3m,8,0.341199558578006,20164,20183,REJECTION_MIX,SIDEWAYS_COMPRESSION,SIDEWAYS_COMPRESSION,0.7,0.55,0.5,0.2020403807054898,0.2131329573835266,0.17403539002574625
3m,9,0.3407102767385392,717,736,SIDEWAYS_COMPRESSION,SIDEWAYS_COMPRESSION,SIDEWAYS_COMPRESSION,0.4,0.5,0.4,0.25621713109671035,0.2211189547771565,0.18399213835677258
3m,10,0.3394089656411916,24443,24462,SIDEWAYS_COMPRESSION,SIDEWAYS_COMPRESSION,SIDEWAYS_COMPRESSION,0.5,0.5,0.6,0.4051445406469221,0.263019796115321,0.08561874205874868
3m,11,0.3389083866351877,27104,27123,SIDEWAYS_COMPRESSION,REJECTION_MIX,SIDEWAYS_COMPRESSION,0.6,0.35,0.5,0.2122254390399602,0.1955037310116273,0.29084823886370076
3m,12,0.3386066452137425,25475,25494,BEARISH_TO_BULLISH_SHIFT,SIDEWAYS_COMPRESSION,SIDEWAYS_COMPRESSION,0.6,0.5,0.5,0.15500216370688802,0.22950489841686844,0.229312654622696
3m,13,0.3381004943027936,23834,23853,SIDEWAYS_COMPRESSION,REJECTION_MIX,SIDEWAYS_COMPRESSION,0.4,0.65,0.5,0.24959371918858658,0.1967309448759496,0.20152553444161603
3m,14,0.33467721500550995,6340,6359,SIDEWAYS_COMPRESSION,SIDEWAYS_COMPRESSION,SIDEWAYS_COMPRESSION,0.4,0.5,0.5,0.20909463917178517,0.18064186380175024,0.2197653861912722
3m,15,0.33309803238900393,15844,15863,SIDEWAYS_COMPRESSION,SIDEWAYS_COMPRESSION,SIDEWAYS_COMPRESSION,0.5,0.5,0.4,0.24816643516877196,0.16978050832301925,0.15962715944043865
3m,16,0.3327662024106288,1274,1293,BULLISH_TO_BEARISH_SHIFT,SIDEWAYS_COMPRESSION,SIDEWAYS_COMPRESSION,0.6,0.55,0.4,0.2746525731859196,0.1924433302985938,0.25041710770023
3m,17,0.3299119250000479,26015,26034,SIDEWAYS_COMPRESSION,SIDEWAYS_COMPRESSION,SIDEWAYS_COMPRESSION,0.4,0.5,0.6,0.21885669891102083,0.18862491474624277,0.15598734140592654
3m,18,0.329895674256261,5579,5598,SIDEWAYS_COMPRESSION,SIDEWAYS_COMPRESSION,SIDEWAYS_COMPRESSION,0.5,0.6,0.5,0.2136877530392714,0.17303508211301494,0.20777450567468314
3m,19,0.32979472102055435,19556,19575,SIDEWAYS_COMPRESSION,REJECTION_MIX,SIDEWAYS_COMPRESSION,0.4,0.3,0.6,0.18849483012150983,0.2618092550259232,0.14694015450794512
3m,20,0.32909203104128637,29492,29511,SIDEWAYS_COMPRESSION,SIDEWAYS_COMPRESSION,SIDEWAYS_COMPRESSION,0.6,0.5,0.6,0.23380527754001848,0.23144787331046518,0.20796283703064566
3m,21,0.32776386960985815,21945,21964,SIDEWAYS_COMPRESSION,SIDEWAYS_COMPRESSION,SIDEWAYS_COMPRESSION,0.6,0.5,0.4,0.18967156779900474,0.2547157719197507,0.1841950786951395
3m,22,0.32686511407789137,22942,22961,SIDEWAYS_COMPRESSION,SIDEWAYS_COMPRESSION,SIDEWAYS_COMPRESSION,0.6,0.5,0.6,0.18617642927901978,0.23983543191306017,0.17305582855464502
3m,23,0.32663993553775844,1653,1672,SIDEWAYS_COMPRESSION,SIDEWAYS_COMPRESSION,SIDEWAYS_COMPRESSION,0.4,0.45,0.6,0.22360529712709226,0.21176169102426817,0.17750064383394776
3m,24,0.32641026383002075,9631,9650,PERSISTENT_BULLISH_BODY,SIDEWAYS_COMPRESSION,COMPRESSION_SEQUENCE,0.9,0.4,1.0,0.3284785313058179,0.1735921171110711,0.40856459025064507
3m,25,0.32617159514220734,72,91,SIDEWAYS_COMPRESSION,SIDEWAYS_COMPRESSION,SIDEWAYS_COMPRESSION,0.5,0.5,0.5,0.14461629096230105,0.19995211630672605,0.2125908891204329
5m,1,0.3439495453366893,2183,2202,BEARISH_TO_BULLISH_SHIFT,REJECTION_MIX,SIDEWAYS_COMPRESSION,0.4,0.7,0.5,0.2357604270958845,0.334979468270317,0.2814629664200695
5m,2,0.34254098835346464,14594,14613,REJECTION_MIX,SIDEWAYS_COMPRESSION,SIDEWAYS_TO_DIRECTIONAL,0.7,0.6,0.7,0.17273949409413175,0.23563447367263374,0.22793820832892217
5m,3,0.34240731157337173,7110,7129,SIDEWAYS_COMPRESSION,SIDEWAYS_COMPRESSION,SIDEWAYS_COMPRESSION,0.5,0.6,0.5,0.17401040195640258,0.1801483881643404,0.4072837982456476
5m,4,0.3380523925440677,29956,29975,REJECTION_MIX,SIDEWAYS_COMPRESSION,REJECTION_MIX,0.7,0.5,0.7,0.2069777750862904,0.2189582707858347,0.27284684296003886
5m,5,0.3367324550645847,17394,17413,SIDEWAYS_COMPRESSION,SIDEWAYS_COMPRESSION,SIDEWAYS_COMPRESSION,0.6,0.55,0.6,0.1886643049850477,0.1931464202915581,0.3723550725773108
5m,6,0.33631628590053014,6785,6804,SIDEWAYS_COMPRESSION,SIDEWAYS_COMPRESSION,REJECTION_MIX,0.4,0.5,0.7,0.24300894143662735,0.24784319226271095,0.26266204540229465
5m,7,0.3350253965947196,16322,16341,SIDEWAYS_COMPRESSION,SIDEWAYS_COMPRESSION,PERSISTENT_BULLISH_BODY,0.5,0.55,0.8,0.18682399618109174,0.15405752184982796,0.21598756144098777
5m,8,0.3337767548077475,18018,18037,SIDEWAYS_COMPRESSION,SIDEWAYS_COMPRESSION,SIDEWAYS_COMPRESSION,0.4,0.6,0.6,0.21766983474784957,0.2735639592598744,0.32901489090728553
5m,9,0.3337584141505599,11360,11379,SIDEWAYS_COMPRESSION,BEARISH_TO_BULLISH_SHIFT,SIDEWAYS_COMPRESSION,0.4,0.65,0.4,0.1760335166736147,0.28262689042120115,0.18039774933712865
5m,10,0.33324386389300414,20403,20422,SIDEWAYS_COMPRESSION,SIDEWAYS_COMPRESSION,SIDEWAYS_COMPRESSION,0.4,0.55,0.5,0.21241462496731184,0.1612103790554916,0.2351707100026592
5m,11,0.3331451535416539,29903,29922,SIDEWAYS_COMPRESSION,SIDEWAYS_COMPRESSION,SIDEWAYS_COMPRESSION,0.5,0.6,0.4,0.4568883875097363,0.15106525296690315,0.13064040973232272
5m,12,0.33305563285081974,3572,3591,MIXED_BEHAVIOUR,REJECTION_MIX,BULLISH_TO_BEARISH_SHIFT,0.2,0.65,0.4,0.31270360063762415,0.18348147893962446,0.22816643082185317
5m,13,0.3329739520693674,9503,9522,REJECTION_MIX,SIDEWAYS_COMPRESSION,REJECTION_MIX,0.7,0.55,0.3,0.1785250895772561,0.21350350804674031,0.2216634304630256
5m,14,0.33274415557733444,21723,21742,SIDEWAYS_COMPRESSION,SIDEWAYS_COMPRESSION,SIDEWAYS_COMPRESSION,0.6,0.55,0.6,0.3296368268802142,0.14844470956200578,0.3705765729088083
5m,15,0.3323720595941882,12051,12070,SIDEWAYS_COMPRESSION,SIDEWAYS_COMPRESSION,SIDEWAYS_COMPRESSION,0.4,0.5,0.6,0.15754662733665656,0.17289725894767588,0.20959433026371438
5m,16,0.33189292258970804,29701,29720,SIDEWAYS_COMPRESSION,SIDEWAYS_COMPRESSION,SIDEWAYS_COMPRESSION,0.4,0.55,0.6,0.2306157442714595,0.18408134985019814,0.17356967976440302
5m,17,0.33149973950723327,6983,7002,REJECTION_MIX,SIDEWAYS_COMPRESSION,SIDEWAYS_COMPRESSION,0.3,0.5,0.5,0.15685350069286247,0.2749047086859426,0.18666149066513046
5m,18,0.3309381342093979,14348,14367,SIDEWAYS_COMPRESSION,SIDEWAYS_COMPRESSION,REJECTION_MIX,0.6,0.5,0.3,0.16836864624271616,0.18952004999302813,0.20935657458098986
5m,19,0.33055206331866166,5487,5506,REJECTION_MIX,REJECTION_MIX,SIDEWAYS_COMPRESSION,0.7,0.65,0.4,0.3042428232159965,0.2682342805762959,0.1865366472426028
5m,20,0.330489306446293,12953,12972,BEARISH_TO_BULLISH_SHIFT,SIDEWAYS_COMPRESSION,SIDEWAYS_COMPRESSION,0.6,0.5,0.4,0.46790432722356057,0.2107215389402414,0.34740498666972
5m,21,0.3304885537188537,25849,25868,SIDEWAYS_COMPRESSION,REJECTION_MIX,SIDEWAYS_COMPRESSION,0.4,0.65,0.4,0.18416167686482493,0.16162410573341265,0.19294557746722424
5m,22,0.3304181601339829,22326,22345,SIDEWAYS_COMPRESSION,SIDEWAYS_COMPRESSION,SIDEWAYS_COMPRESSION,0.5,0.6,0.5,0.19153255183227455,0.2289754976676693,0.3083244155004068
5m,23,0.32950854741948943,2315,2334,SIDEWAYS_COMPRESSION,REJECTION_MIX,SIDEWAYS_COMPRESSION,0.6,0.65,0.5,0.20800798031760492,0.19947231907748064,0.2649041277548288
5m,24,0.32945723866436916,20074,20093,SIDEWAYS_COMPRESSION,SIDEWAYS_COMPRESSION,SIDEWAYS_COMPRESSION,0.6,0.55,0.6,0.2613735362393219,0.2802879822927789,0.15602225914657256
5m,25,0.32945085309919186,18360,18379,COMPRESSION_SEQUENCE,SIDEWAYS_COMPRESSION,REJECTION_MIX,0.2,0.55,0.7,0.22668937071103507,0.17869596295030782,0.22031713156439164
15m,1,0.3768985653935664,14991,15010,SIDEWAYS_COMPRESSION,SIDEWAYS_TO_DIRECTIONAL,SIDEWAYS_COMPRESSION,0.6,0.7,0.5,0.17668084893080255,0.31452845922181305,0.14965067185838138
15m,2,0.37048035762095693,2335,2354,SIDEWAYS_COMPRESSION,SIDEWAYS_COMPRESSION,SIDEWAYS_COMPRESSION,0.5,0.5,0.6,0.22272491307697054,0.21696128818876798,0.19963079688431837
15m,3,0.36404172962291714,15095,15114,SIDEWAYS_COMPRESSION,REJECTION_MIX,SIDEWAYS_COMPRESSION,0.4,0.65,0.4,0.1901611462757927,0.19744786767380693,0.1848579358258962
15m,4,0.35297808673113307,5617,5636,SIDEWAYS_COMPRESSION,SIDEWAYS_COMPRESSION,REJECTION_MIX,0.6,0.45,0.7,0.22236288373755864,0.21975791416613433,0.16401218105418552
15m,5,0.35007080784301187,27274,27293,SIDEWAYS_COMPRESSION,REJECTION_MIX,SIDEWAYS_COMPRESSION,0.6,0.75,0.6,0.5212054093123152,0.32299243032281016,0.17415707211747306
15m,6,0.3460577816936714,12348,12367,SIDEWAYS_COMPRESSION,SIDEWAYS_COMPRESSION,SIDEWAYS_COMPRESSION,0.6,0.5,0.6,0.19925835916859996,0.19301502838304746,0.1740023594627236
15m,7,0.34602206614787206,22041,22060,SIDEWAYS_COMPRESSION,SIDEWAYS_COMPRESSION,SIDEWAYS_COMPRESSION,0.5,0.45,0.5,0.276765826203704,0.19161271508129188,0.27999423163894327
15m,8,0.34213439589873607,23384,23403,SIDEWAYS_COMPRESSION,SIDEWAYS_COMPRESSION,SIDEWAYS_COMPRESSION,0.6,0.5,0.5,0.2002116971023129,0.21925801462422184,0.25196591558973486
15m,9,0.33985607951297886,12605,12624,SIDEWAYS_COMPRESSION,SIDEWAYS_COMPRESSION,SIDEWAYS_COMPRESSION,0.6,0.5,0.6,0.15853752955369332,0.2015804683217274,0.1988496668958489
15m,10,0.33926839089900845,18592,18611,MIXED_BEHAVIOUR,REJECTION_MIX,SIDEWAYS_COMPRESSION,0.2,0.35,0.5,0.25466497913536834,0.26346245236656596,0.34648696517229427
15m,11,0.33908320353689336,561,580,SIDEWAYS_COMPRESSION,SIDEWAYS_COMPRESSION,REJECTION_MIX,0.4,0.4,0.3,0.1733651969826773,0.2872904414643424,0.18765770113855132
15m,12,0.3367689242114424,10450,10469,SIDEWAYS_COMPRESSION,MIXED_BEHAVIOUR,REJECTION_MIX,0.6,0.8,0.7,0.2089166475679778,0.3420117759939944,0.2074937441231906
15m,13,0.3362532870106219,12410,12429,SIDEWAYS_COMPRESSION,SIDEWAYS_COMPRESSION,COMPRESSION_SEQUENCE,0.4,0.5,0.3,0.15461792044979078,0.19901851528698908,0.17692035641930262
15m,14,0.3358549550033493,1066,1085,COMPRESSION_SEQUENCE,SIDEWAYS_COMPRESSION,SIDEWAYS_COMPRESSION,0.3,0.5,0.5,0.38492331153110354,0.20008776397444333,0.18497502015778478
15m,15,0.3345119601501895,17073,17092,REJECTION_MIX,SIDEWAYS_COMPRESSION,SIDEWAYS_COMPRESSION,0.7,0.5,0.5,0.1827505599258315,0.2810890167671197,0.1664145710013997
15m,16,0.33312193927045874,2271,2290,SIDEWAYS_COMPRESSION,SIDEWAYS_COMPRESSION,BEARISH_TO_BULLISH_SHIFT,0.4,0.55,0.8,0.14645601733922436,0.2493076073720195,0.2306536847329629
15m,17,0.33195486825373216,6351,6370,REJECTION_MIX,SIDEWAYS_COMPRESSION,REJECTION_MIX,0.7,0.5,0.7,0.18420134686286288,0.2910311796738694,0.22759812333125082
15m,18,0.3316362016150259,11928,11947,SIDEWAYS_COMPRESSION,SIDEWAYS_COMPRESSION,SIDEWAYS_COMPRESSION,0.6,0.5,0.4,0.1329242597244372,0.3460309148631357,0.15235294740097002
15m,19,0.3305459367966874,6816,6835,SIDEWAYS_COMPRESSION,SIDEWAYS_COMPRESSION,REJECTION_MIX,0.4,0.5,0.3,0.41037296983694127,0.24278796112374273,0.22792772600376518
15m,20,0.3300336680682905,9436,9455,SIDEWAYS_COMPRESSION,SIDEWAYS_COMPRESSION,SIDEWAYS_COMPRESSION,0.6,0.4,0.5,0.21253010557160384,0.2872575711157965,0.30417884644241494
15m,21,0.32982904392333745,12155,12174,SIDEWAYS_COMPRESSION,SIDEWAYS_COMPRESSION,SIDEWAYS_COMPRESSION,0.6,0.55,0.4,0.23092580051921482,0.20091977969482988,0.2780822308001484
15m,22,0.3288774736712372,26453,26472,SIDEWAYS_COMPRESSION,SIDEWAYS_COMPRESSION,SIDEWAYS_COMPRESSION,0.6,0.5,0.6,0.129257047552998,0.24972566747901323,0.25445422757371594
15m,23,0.3287534638320484,19125,19144,REJECTION_MIX,SIDEWAYS_COMPRESSION,REJECTION_MIX,0.7,0.5,0.3,0.11503399061179961,0.1858043509886768,0.22684607786959332
15m,24,0.3285759288563902,23639,23658,REJECTION_MIX,BEARISH_TO_BULLISH_SHIFT,SIDEWAYS_COMPRESSION,0.7,0.3,0.4,0.14583009738950742,0.4239453543356853,0.23174939621849747
15m,25,0.3283240018960676,24145,24164,SIDEWAYS_COMPRESSION,SIDEWAYS_COMPRESSION,SIDEWAYS_COMPRESSION,0.5,0.5,0.5,0.18454815334171182,0.20120532032758534,0.17202774091356499
30m,1,0.3154677046288155,10361,10380,SIDEWAYS_COMPRESSION,SIDEWAYS_COMPRESSION,SIDEWAYS_TO_DIRECTIONAL,0.6,0.5,0.7,0.2525102669143901,0.20428803323510847,0.30172697167287604
30m,2,0.3131077521097864,10217,10236,MIXED_BEHAVIOUR,SIDEWAYS_COMPRESSION,SIDEWAYS_COMPRESSION,0.2,0.45,0.6,0.20822086328601314,0.25627251006288293,0.28033475309176703
30m,3,0.31077214103167244,14180,14199,BEARISH_TO_BULLISH_SHIFT,SIDEWAYS_COMPRESSION,PERSISTENT_BULLISH_BODY,0.5,0.4,0.8,0.27678284753685606,0.29947856804678624,0.12563802391279968
30m,4,0.30195901305476625,23299,23318,SIDEWAYS_COMPRESSION,SIDEWAYS_COMPRESSION,SIDEWAYS_TO_DIRECTIONAL,0.5,0.4,0.7,0.20309980853687087,0.1991193849236736,0.22775340013165218
30m,5,0.30150823873315796,24691,24710,MIXED_BEHAVIOUR,SIDEWAYS_COMPRESSION,SIDEWAYS_COMPRESSION,0.2,0.4,0.4,0.2079305102911136,0.3421408512896896,0.1065162682825012
30m,6,0.2992395450990151,20852,20871,SIDEWAYS_COMPRESSION,COMPRESSION_SEQUENCE,SIDEWAYS_COMPRESSION,0.4,0.35,0.4,0.18948408345554357,0.2908168565572553,0.15036809916203348
30m,7,0.29635495108764665,24164,24183,BEARISH_TO_BULLISH_SHIFT,SIDEWAYS_COMPRESSION,SIDEWAYS_COMPRESSION,0.6,0.5,0.4,0.221624823245544,0.2760381505495733,0.16683377692303303
30m,8,0.2961231166735066,18748,18767,SIDEWAYS_COMPRESSION,SIDEWAYS_COMPRESSION,REJECTION_MIX,0.6,0.45,0.7,0.3507495432413339,0.3314183870893234,0.14959767702894128
30m,9,0.29430117439419545,16254,16273,SIDEWAYS_COMPRESSION,SIDEWAYS_COMPRESSION,REJECTION_MIX,0.5,0.45,0.3,0.41686885380626765,0.1897581397287331,0.17824553113621866
30m,10,0.2929332422967969,13713,13732,SIDEWAYS_COMPRESSION,SIDEWAYS_COMPRESSION,SIDEWAYS_COMPRESSION,0.6,0.4,0.5,0.5052711863071669,0.1950889553934797,0.18944469348765486
30m,11,0.29148531122382865,17972,17991,SIDEWAYS_COMPRESSION,SIDEWAYS_COMPRESSION,SIDEWAYS_COMPRESSION,0.4,0.5,0.4,0.2540234110887509,0.3437876391286194,0.09063493543323906
30m,12,0.2907851054214705,4249,4268,COMPRESSION_SEQUENCE,SIDEWAYS_COMPRESSION,SIDEWAYS_COMPRESSION,0.3,0.4,0.6,0.30145427950238274,0.23679649963460014,0.1528678511094949
30m,13,0.28777827542768275,26897,26916,BEARISH_TO_BULLISH_SHIFT,SIDEWAYS_COMPRESSION,SIDEWAYS_COMPRESSION,0.6,0.5,0.5,0.2116897309985725,0.3184278538516532,0.24431156460614903
30m,14,0.2870436722740265,16049,16068,REJECTION_MIX,SIDEWAYS_COMPRESSION,SIDEWAYS_COMPRESSION,0.7,0.4,0.5,0.19825965872642573,0.2522036617002088,0.44322919971761465
30m,15,0.2869499061809444,2518,2537,COMPRESSION_SEQUENCE,COMPRESSION_SEQUENCE,SIDEWAYS_COMPRESSION,0.7,0.35,0.5,0.46292450335980495,0.3525624091915865,0.10884024149727742
30m,16,0.28653577257284263,14233,14252,SIDEWAYS_COMPRESSION,SIDEWAYS_COMPRESSION,SIDEWAYS_TO_DIRECTIONAL,0.4,0.45,0.7,0.29911382969191014,0.20288386571632389,0.26659065779218444
30m,17,0.28648590174737437,16102,16121,BULLISH_TO_BEARISH_SHIFT,SIDEWAYS_COMPRESSION,SIDEWAYS_COMPRESSION,0.4,0.5,0.5,0.21600717577940437,0.2874919461532035,0.18055543225060292
30m,18,0.28498674854743067,5576,5595,SIDEWAYS_COMPRESSION,SIDEWAYS_COMPRESSION,SIDEWAYS_COMPRESSION,0.5,0.45,0.5,0.16407807738824082,0.2806806734891719,0.1868894216237133
30m,19,0.2848392436462831,22776,22795,REJECTION_MIX,SIDEWAYS_COMPRESSION,SIDEWAYS_COMPRESSION,0.7,0.4,0.6,0.2286310456415234,0.2617205498272335,0.17325806965797189
30m,20,0.2842909045817305,22778,22797,SIDEWAYS_COMPRESSION,SIDEWAYS_COMPRESSION,SIDEWAYS_COMPRESSION,0.5,0.5,0.6,0.2577888311682892,0.24647034816075575,0.18905417281720652
30m,21,0.28365008375669837,23201,23220,SIDEWAYS_COMPRESSION,SIDEWAYS_COMPRESSION,SIDEWAYS_COMPRESSION,0.6,0.45,0.4,0.22623006757619293,0.2419573670662704,0.18696180889115915
30m,22,0.2833594003883669,9151,9170,SIDEWAYS_COMPRESSION,SIDEWAYS_COMPRESSION,BULLISH_TO_BEARISH_SHIFT,0.6,0.45,0.6,0.35246815863347936,0.26975577424312863,0.22545068529977313
30m,23,0.2832571308770032,26537,26556,SIDEWAYS_COMPRESSION,SIDEWAYS_COMPRESSION,BULLISH_TO_BEARISH_SHIFT,0.5,0.4,0.6,0.1970724339339959,0.20876531026160894,0.2510493157640524
30m,24,0.2830701711383585,18035,18054,SIDEWAYS_COMPRESSION,SIDEWAYS_COMPRESSION,REJECTION_MIX,0.5,0.45,0.7,0.1801306057982741,0.2607047171094289,0.25055159678038863
30m,25,0.282825276690335,10156,10175,SIDEWAYS_COMPRESSION,COMPRESSION_SEQUENCE,SIDEWAYS_COMPRESSION,0.6,0.75,0.4,0.27002337281969274,0.22043432208714425,0.1310603773965999
1h,1,0.3469396595048701,2337,2356,REJECTION_MIX,SIDEWAYS_COMPRESSION,SIDEWAYS_TO_DIRECTIONAL,0.3,0.55,0.7,0.16681294692819873,0.2789921270601389,0.25109496942783405
1h,2,0.32963494706688234,20761,20780,COMPRESSION_SEQUENCE,SIDEWAYS_COMPRESSION,SIDEWAYS_COMPRESSION,0.3,0.55,0.4,0.2358594356204653,0.19709949746429362,0.2328543773290316
1h,3,0.3264616344767954,15506,15525,SIDEWAYS_COMPRESSION,REJECTION_MIX,SIDEWAYS_COMPRESSION,0.5,0.65,0.4,0.17413910412159797,0.16836320167448154,0.1463998391351135
1h,4,0.3228648242563793,18791,18810,REJECTION_MIX,PERSISTENT_BULLISH_BODY,SIDEWAYS_COMPRESSION,0.3,0.8,0.6,0.17666803791000957,0.1605679133423783,0.18524160218338512
1h,5,0.3220890508222792,17447,17466,SIDEWAYS_COMPRESSION,SIDEWAYS_TO_DIRECTIONAL,SIDEWAYS_COMPRESSION,0.6,0.7,0.4,0.16381246479439984,0.26090841796455244,0.18467146468009707
1h,6,0.3215883423269641,25464,25483,SIDEWAYS_COMPRESSION,SIDEWAYS_COMPRESSION,SIDEWAYS_COMPRESSION,0.4,0.55,0.6,0.185566317965141,0.24371302964569508,0.2565250771260769
1h,7,0.3206679373255908,12192,12211,SIDEWAYS_COMPRESSION,SIDEWAYS_COMPRESSION,SIDEWAYS_COMPRESSION,0.5,0.4,0.4,0.19542471737330752,0.26389435036454895,0.21649750689196626
1h,8,0.3203199883977145,12143,12162,SIDEWAYS_COMPRESSION,SIDEWAYS_COMPRESSION,SIDEWAYS_COMPRESSION,0.6,0.55,0.4,0.20388509885084125,0.27162685287919164,0.3490568262054864
1h,9,0.31767735787299184,24145,24164,SIDEWAYS_COMPRESSION,SIDEWAYS_COMPRESSION,SIDEWAYS_COMPRESSION,0.4,0.55,0.5,0.17470893618451735,0.2058730419629891,0.12285067548633773
1h,10,0.3142213884703696,25187,25206,SIDEWAYS_COMPRESSION,SIDEWAYS_COMPRESSION,REJECTION_MIX,0.6,0.5,0.3,0.35069304412616553,0.2576388995550129,0.2516861950108795
1h,11,0.3131734194912714,25656,25675,SIDEWAYS_COMPRESSION,SIDEWAYS_COMPRESSION,SIDEWAYS_COMPRESSION,0.6,0.55,0.4,0.18576237649244082,0.2267403826325655,0.09938534462071379
1h,12,0.31283302520117967,25751,25770,SIDEWAYS_COMPRESSION,SIDEWAYS_COMPRESSION,SIDEWAYS_COMPRESSION,0.4,0.45,0.6,0.17855499313644801,0.2031312305156639,0.15951328522559127
1h,13,0.3127619714288004,16780,16799,SIDEWAYS_COMPRESSION,SIDEWAYS_COMPRESSION,SIDEWAYS_TO_DIRECTIONAL,0.6,0.5,0.3,0.16611293088536896,0.19976944913788605,0.2423959273798569
1h,14,0.31262242528287354,7584,7603,REJECTION_MIX,REJECTION_MIX,SIDEWAYS_COMPRESSION,0.7,0.7,0.5,0.2421113947001771,0.2610772644048861,0.21408229628415584
1h,15,0.3070998553024255,23160,23179,SIDEWAYS_COMPRESSION,SIDEWAYS_COMPRESSION,SIDEWAYS_COMPRESSION,0.6,0.6,0.4,0.19169546594845271,0.18560684989167245,0.16626902334450938
1h,16,0.3070448639612116,11831,11850,SIDEWAYS_COMPRESSION,REJECTION_MIX,SIDEWAYS_COMPRESSION,0.6,0.75,0.4,0.2147521748761399,0.2610896712511978,0.15151033535569822
1h,17,0.3066415487328908,6971,6990,BEARISH_TO_BULLISH_SHIFT,SIDEWAYS_COMPRESSION,REJECTION_MIX,0.4,0.5,0.7,0.20359950554324957,0.21402671328713438,0.262918285182131
1h,18,0.3055487612137304,19704,19723,SIDEWAYS_COMPRESSION,SIDEWAYS_TO_DIRECTIONAL,REJECTION_MIX,0.5,0.65,0.7,0.16551337974967745,0.28013064148619166,0.15994248129933897
1h,19,0.3050155904049879,15532,15551,SIDEWAYS_COMPRESSION,SIDEWAYS_COMPRESSION,SIDEWAYS_COMPRESSION,0.5,0.45,0.5,0.15775566805808894,0.22858691572721218,0.20871318487418522
1h,20,0.30473047749930343,27336,27355,SIDEWAYS_COMPRESSION,SIDEWAYS_COMPRESSION,SIDEWAYS_COMPRESSION,0.5,0.55,0.6,0.18768849820374478,0.2726188290071687,0.12900324879191355
1h,21,0.3041861280432216,6697,6716,SIDEWAYS_COMPRESSION,SIDEWAYS_COMPRESSION,SIDEWAYS_COMPRESSION,0.5,0.5,0.4,0.237738159747188,0.17546343666136982,0.163611338871422
1h,22,0.3041004258053452,25397,25416,SIDEWAYS_COMPRESSION,SIDEWAYS_COMPRESSION,SIDEWAYS_COMPRESSION,0.4,0.6,0.4,0.3303316832798949,0.2227073493725081,0.18987892608344709
1h,23,0.30343727095639916,19754,19773,SIDEWAYS_COMPRESSION,SIDEWAYS_COMPRESSION,SIDEWAYS_COMPRESSION,0.5,0.6,0.4,0.2418397498995059,0.24110801274567759,0.20516644958064179
1h,24,0.3032958613630696,8327,8346,SIDEWAYS_COMPRESSION,SIDEWAYS_COMPRESSION,SIDEWAYS_COMPRESSION,0.5,0.55,0.6,0.1959312343731477,0.19298419276368245,0.20827080952521823
1h,25,0.30205866634994916,27286,27305,SIDEWAYS_COMPRESSION,SIDEWAYS_COMPRESSION,SIDEWAYS_COMPRESSION,0.4,0.55,0.4,0.24490992149988008,0.24496632104216154,0.2937276273716997
4h,1,0.33667401151723175,6175,6194,SIDEWAYS_COMPRESSION,REJECTION_MIX,SIDEWAYS_COMPRESSION,0.4,0.3,0.5,0.2408508273208982,0.2858268706003279,0.18533065697311932
4h,2,0.3136913652893642,9307,9326,PERSISTENT_BULLISH_BODY,REJECTION_MIX,SIDEWAYS_COMPRESSION,0.9,0.3,0.4,0.2475267351417983,0.24229511133230724,0.22007985045629702
4h,3,0.3136568170942352,2679,2698,SIDEWAYS_TO_DIRECTIONAL,SIDEWAYS_COMPRESSION,MIXED_BEHAVIOUR,0.7,0.45,0.8,0.21742350477116457,0.22730523961833274,0.13766181684824716
4h,4,0.3112080729793453,9326,9345,REJECTION_MIX,SIDEWAYS_COMPRESSION,BEARISH_TO_BULLISH_SHIFT,0.3,0.45,0.4,0.2479769887472804,0.1968890378643377,0.2637445278106531
4h,5,0.3111648688882593,8798,8817,REJECTION_MIX,SIDEWAYS_COMPRESSION,SIDEWAYS_COMPRESSION,0.3,0.45,0.5,0.24373436405743418,0.23829932353835614,0.23692571301011595
4h,6,0.3109807064625408,8147,8166,SIDEWAYS_COMPRESSION,SIDEWAYS_COMPRESSION,BULLISH_TO_BEARISH_SHIFT,0.5,0.4,0.6,0.24946938582995098,0.2681210816957695,0.17565694342591986
4h,7,0.31054588855822524,2900,2919,REJECTION_MIX,SIDEWAYS_COMPRESSION,REJECTION_MIX,0.7,0.45,0.7,0.39374870011410584,0.2387183388750441,0.24134071754206995
4h,8,0.306785361404897,7223,7242,SIDEWAYS_COMPRESSION,REJECTION_MIX,SIDEWAYS_COMPRESSION,0.6,0.35,0.4,0.46455990305522016,0.20573841472151355,0.17308596446300234
4h,9,0.3062930836026302,4939,4958,REJECTION_MIX,SIDEWAYS_COMPRESSION,SIDEWAYS_COMPRESSION,0.7,0.4,0.6,0.10543159890424023,0.2585240797681298,0.18790048912714272
4h,10,0.3060926861932875,6762,6781,SIDEWAYS_COMPRESSION,REJECTION_MIX,SIDEWAYS_COMPRESSION,0.4,0.25,0.5,0.22776412968050233,0.25358425936212436,0.24512613619882612
4h,11,0.3060018420674329,3274,3293,SIDEWAYS_COMPRESSION,SIDEWAYS_COMPRESSION,PERSISTENT_BULLISH_BODY,0.4,0.45,0.8,0.2892893589815415,0.21003931286957916,0.1566172167410355
4h,12,0.3025347724007012,8091,8110,SIDEWAYS_COMPRESSION,SIDEWAYS_COMPRESSION,SIDEWAYS_COMPRESSION,0.5,0.45,0.6,0.12545656292334934,0.3676831619319302,0.2146613893754664
4h,13,0.30232305820650707,4783,4802,SIDEWAYS_COMPRESSION,SIDEWAYS_COMPRESSION,SIDEWAYS_COMPRESSION,0.4,0.45,0.6,0.3193953903092016,0.21619282941469947,0.16931822564640264
4h,14,0.3021690943548673,5353,5372,SIDEWAYS_COMPRESSION,SIDEWAYS_COMPRESSION,SIDEWAYS_COMPRESSION,0.4,0.45,0.4,0.2632022064936945,0.33713614586511026,0.16458418379591963
4h,15,0.30119770414292935,6474,6493,SIDEWAYS_COMPRESSION,REJECTION_MIX,REJECTION_MIX,0.6,0.25,0.7,0.1507917047537926,0.1676638364046827,0.21821980449763007
4h,16,0.3006036084050496,3147,3166,BEARISH_TO_BULLISH_SHIFT,SIDEWAYS_COMPRESSION,SIDEWAYS_COMPRESSION,0.4,0.45,0.6,0.38616794587009906,0.20706559362027122,0.141519673869491
4h,17,0.3005878781476463,529,548,SIDEWAYS_COMPRESSION,SIDEWAYS_COMPRESSION,REJECTION_MIX,0.6,0.45,0.3,0.13433303110443867,0.24674367551938242,0.3466207924789812
4h,18,0.296204025641452,1728,1747,SIDEWAYS_COMPRESSION,SIDEWAYS_COMPRESSION,SIDEWAYS_COMPRESSION,0.5,0.5,0.5,0.23137187037779436,0.18368001637354187,0.24981181309964207
4h,19,0.2959883142294938,8006,8025,SIDEWAYS_COMPRESSION,SIDEWAYS_TO_DIRECTIONAL,SIDEWAYS_COMPRESSION,0.6,0.35,0.5,0.17439101365721837,0.2693287152102609,0.18764079374453782
4h,20,0.29596488452121533,9321,9340,SIDEWAYS_COMPRESSION,REJECTION_MIX,SIDEWAYS_COMPRESSION,0.4,0.35,0.4,0.2439038230681804,0.2186946204804478,0.14888130557012041
4h,21,0.295415198889369,6995,7014,SIDEWAYS_COMPRESSION,SIDEWAYS_COMPRESSION,SIDEWAYS_TO_DIRECTIONAL,0.4,0.5,0.7,0.1718098122439511,0.2526002440475125,0.4029682900313811
4h,22,0.2945715490571879,4944,4963,SIDEWAYS_TO_DIRECTIONAL,SIDEWAYS_COMPRESSION,SIDEWAYS_COMPRESSION,0.7,0.45,0.4,0.1987716926812224,0.23724426980025135,0.19658095677635407
4h,23,0.2944653126117805,2769,2788,SIDEWAYS_COMPRESSION,SIDEWAYS_COMPRESSION,REJECTION_MIX,0.6,0.45,0.7,0.2664753470831507,0.20868615081407035,0.15908018858898623
4h,24,0.293969646000924,9109,9128,REJECTION_MIX,SIDEWAYS_COMPRESSION,SIDEWAYS_COMPRESSION,0.7,0.5,0.5,0.22757266669245543,0.19929670563974627,0.11045325961860489
4h,25,0.2939434656237131,1700,1719,SIDEWAYS_COMPRESSION,SIDEWAYS_COMPRESSION,SIDEWAYS_COMPRESSION,0.5,0.45,0.6,0.20667780335066516,0.23073993984644434,0.21487794922135323
1d,1,0.27433409943675846,1065,1084,SIDEWAYS_COMPRESSION,SIDEWAYS_COMPRESSION,REJECTION_MIX,0.4,0.45,0.7,0.17796920024705187,0.14391257100059515,0.20606967437840065
1d,2,0.2738171051226423,1891,1910,REJECTION_MIX,SIDEWAYS_COMPRESSION,REJECTION_MIX,0.3,0.5,0.7,0.2334115048483716,0.20909114203352872,0.2660219718538631
1d,3,0.2734563558174049,391,410,SIDEWAYS_COMPRESSION,REJECTION_MIX,SIDEWAYS_COMPRESSION,0.5,0.35,0.5,0.1559620176184015,0.19826907360678167,0.20048997622102066
1d,4,0.2721544206195058,144,163,REJECTION_MIX,REJECTION_MIX,SIDEWAYS_COMPRESSION,0.3,0.35,0.5,0.4843428226723249,0.20087332845642147,0.1933153949385948
1d,5,0.2714769692971006,2714,2733,SIDEWAYS_COMPRESSION,SIDEWAYS_COMPRESSION,REJECTION_MIX,0.6,0.45,0.7,0.1515638785103127,0.18083992039546812,0.14906438635727431
1d,6,0.2688190496102354,981,1000,SIDEWAYS_COMPRESSION,SIDEWAYS_COMPRESSION,PERSISTENT_BULLISH_BODY,0.5,0.5,0.8,0.19877990931883543,0.17602582475021045,0.2470616031871798
1d,7,0.26519060866981164,1072,1091,SIDEWAYS_COMPRESSION,SIDEWAYS_COMPRESSION,MIXED_BEHAVIOUR,0.5,0.45,0.8,0.13494729528153102,0.17475870170743157,0.17981202210452576
1d,8,0.2647747289045391,2896,2915,BULLISH_TO_BEARISH_SHIFT,SIDEWAYS_COMPRESSION,SIDEWAYS_COMPRESSION,0.2,0.4,0.6,0.2325727833228704,0.22827892217363366,0.20642192258883366
1d,9,0.2638811950598586,662,681,SIDEWAYS_COMPRESSION,SIDEWAYS_COMPRESSION,SIDEWAYS_COMPRESSION,0.5,0.45,0.6,0.2797350591405404,0.23565243266207153,0.2017230676692611
1d,10,0.26183563727713444,1068,1087,SIDEWAYS_COMPRESSION,SIDEWAYS_COMPRESSION,MIXED_BEHAVIOUR,0.6,0.4,0.8,0.14310214684722702,0.16589909337771233,0.1787770853743012
1d,11,0.26182512670138164,1234,1253,SIDEWAYS_COMPRESSION,SIDEWAYS_COMPRESSION,SIDEWAYS_COMPRESSION,0.4,0.5,0.6,0.20097317014808286,0.2787229592122642,0.21869241098722014
1d,12,0.26131651866956906,1795,1814,REJECTION_MIX,SIDEWAYS_COMPRESSION,SIDEWAYS_COMPRESSION,0.7,0.4,0.6,0.18985325595426222,0.2408935406299264,0.2417640327759334
1d,13,0.2608597763334945,2444,2463,SIDEWAYS_COMPRESSION,SIDEWAYS_COMPRESSION,REJECTION_MIX,0.4,0.45,0.3,0.2873870077040387,0.1539318614118092,0.3151629249617163
1d,14,0.26057492887255074,2231,2250,BEARISH_TO_BULLISH_SHIFT,SIDEWAYS_COMPRESSION,REJECTION_MIX,0.2,0.45,0.3,0.3563105699489978,0.17490154566264557,0.23215003162492506
1d,15,0.26017771827303643,1791,1810,SIDEWAYS_COMPRESSION,SIDEWAYS_COMPRESSION,REJECTION_MIX,0.6,0.4,0.7,0.1580589615722831,0.2417960106597589,0.23779817092496303
1d,16,0.25983361705314156,1321,1340,REJECTION_MIX,SIDEWAYS_COMPRESSION,SIDEWAYS_COMPRESSION,0.7,0.4,0.4,0.1921835145663013,0.22254680939077046,0.17627727303756244
1d,17,0.2593606741549332,1446,1465,PERSISTENT_BEARISH_BODY,SIDEWAYS_COMPRESSION,SIDEWAYS_COMPRESSION,0.2,0.4,0.6,0.30232076319968726,0.18050650326512277,0.2037123107887811
1d,18,0.2587049972105805,23,42,SIDEWAYS_COMPRESSION,REJECTION_MIX,SIDEWAYS_COMPRESSION,0.5,0.3,0.5,0.2284663242131253,0.19926689573551964,0.23885894678592207
1d,19,0.25775985473890634,281,300,SIDEWAYS_COMPRESSION,SIDEWAYS_COMPRESSION,SIDEWAYS_COMPRESSION,0.5,0.5,0.4,0.4728354947413658,0.2383638579495333,0.23236464399644235
1d,20,0.2577281015079168,979,998,SIDEWAYS_COMPRESSION,SIDEWAYS_COMPRESSION,MIXED_BEHAVIOUR,0.4,0.5,0.8,0.23424503914461253,0.17591742230083324,0.2358624607679395
1d,21,0.2574517554701999,68,87,SIDEWAYS_TO_DIRECTIONAL,SIDEWAYS_COMPRESSION,SIDEWAYS_COMPRESSION,0.3,0.4,0.5,0.2246615286617389,0.2370435995955861,0.13537406887258968
1d,22,0.2568240925431699,2782,2801,SIDEWAYS_COMPRESSION,SIDEWAYS_COMPRESSION,SIDEWAYS_COMPRESSION,0.5,0.45,0.5,0.26643500302577133,0.1874986325524129,0.19683404695217283
1d,23,0.25656555663145875,1055,1074,SIDEWAYS_COMPRESSION,SIDEWAYS_COMPRESSION,SIDEWAYS_COMPRESSION,0.4,0.45,0.4,0.3845456999877739,0.16004996489205228,0.1456944124641377
1d,24,0.2555745519677011,1571,1590,SIDEWAYS_COMPRESSION,SIDEWAYS_COMPRESSION,COMPRESSION_SEQUENCE,0.5,0.5,0.3,0.19401985251915194,0.3182881323619622,0.3501700620246283
1d,25,0.254708755165269,1873,1892,REJECTION_MIX,COMPRESSION_SEQUENCE,BEARISH_TO_BULLISH_SHIFT,0.3,0.35,0.5,0.18184415966292883,0.29777297646610934,0.23417486243527658
